break_even_fee_per_leg,cycle_p50_seconds,cycle_p90_seconds,cycle_p95_seconds,cycle_p99_seconds,cycles,gross_edge_bps,high,high_trade_count,high_visits,low,low_trade_count,low_visits,max_cycle_seconds,net_edge_scenarios,rank,spread_pct,tick_distance,utc_date,volume_at_high,volume_at_low
0.00005010271055664111428428277970,4.19721100,39.39330580,55.65055740,126.79368064,837,1.002104419280489026956610000,0.998,7488,1244,0.9979,4921,896,1476.866024,"{'ZERO': '0.000100210441928048902695661', 'MAKER_A_0.2BP': '0.000060207233574538850940588', 'MAKER_B_0.5BP': '2.05421134895755462753E-7', 'STRESS_1BP': '-0.0000997896001561282893656721'}",1,0.010021044192804890269566100,1,2026-01-01,9929049.00000000,18403148.00000000
0.00005008263634997746281364251014,4.03883300,36.12205080,55.99178930,180.63126093,698,1.001702894921366322748670000,0.9984,9295,891,0.9983,9005,1283,54388.115502,"{'ZERO': '0.000100170289492136632274867', 'MAKER_A_0.2BP': '0.000060167082744691895704308', 'MAKER_B_0.5BP': '1.65272714026324127047E-7', 'STRESS_1BP': '-0.0000998297445623563457537848'}",2,0.010017028949213663227486700,1,2026-01-01,16952570.00000000,14499328.00000000
0.00005008765339343851740545955422,3.50817350,49.89308600,77.52959650,220.73012200,586,1.001803245842516529753560000,0.9983,9005,1283,0.9982,14931,1062,43133.728752,"{'ZERO': '0.000100180324584251652975356', 'MAKER_A_0.2BP': '0.000060177117435411259717102', 'MAKER_B_0.5BP': '1.75306802682306277393E-7', 'STRESS_1BP': '-0.0000998197114770590662833136'}",3,0.010018032458425165297535600,1,2026-01-01,14499328.00000000,28168662.00000000
0.00005009267144216801082001703151,3.76460900,35.12708580,62.95855800,139.52534400,477,1.001903616872056908125440000,0.9982,14931,1062,0.9981,7382,884,35784.729098,"{'ZERO': '0.000100190361687205690812544', 'MAKER_A_0.2BP': '0.000060187154136889208914549', 'MAKER_B_0.5BP': '1.85342901976231716417E-7', 'STRESS_1BP': '-0.0000998096763813248972668107'}",4,0.010019036168720569081254400,1,2026-01-01,28168662.00000000,14615112.00000000
0.00005009769049646811281999899805,3.34593900,33.47410860,46.63222050,80.19984868,407,1.002004008016032064128260000,0.9981,7382,884,0.998,7488,1244,32478.185504,"{'ZERO': '0.000100200400801603206412826', 'MAKER_A_0.2BP': '0.000060197192849730179745102', 'MAKER_B_0.5BP': '1.95381012512500627474E-7', 'STRESS_1BP': '-0.0000997996392745494989579198'}",5,0.010020040080160320641282600,1,2026-01-01,14615112.00000000,9929049.00000000
0.00005007762031148279833742300566,3.52768950,48.65523570,106.57159325,3725.8909877,194,1.001602564102564102564100000,0.9985,543,194,0.9984,9295,891,8509.444617,"{'ZERO': '0.000100160256410256410256410', 'MAKER_A_0.2BP': '0.000060157050064126922589753', 'MAKER_B_0.5BP': '1.55240635404127229536E-7', 'STRESS_1BP': '-0.0000998397756378208333012853'}",6,0.010016025641025641025641000,1,2026-01-01,1529996.00000000,16952570.00000000
0.00005010773162298942726862754923,3.79425700,18.91484040,40.90153970,79.96744810,59,1.002204850671477249949890000,0.9979,4921,896,0.9978,98,59,93.972218,"{'ZERO': '0.000100220485067147724994989', 'MAKER_A_0.2BP': '0.000060217276311920143637616', 'MAKER_B_0.5BP': '2.15463269730881064686E-7', 'STRESS_1BP': '-0.0000997795590254564441330972'}",7,0.010022048506714772499498900,1,2026-01-01,18403148.00000000,24336.00000000
0.0001001803245842516529753556402,63.65413300,5970.18123970,20554.70584565,38577.58596193,14,2.003807233744113816250880000,0.9983,9005,1283,0.9981,7382,884,43083.305991,"{'ZERO': '0.000200380723374411381625088', 'MAKER_A_0.2BP': '0.000160373508289778097835498', 'MAKER_B_0.5BP': '0.000100365686053939964057804', 'STRESS_1BP': '3.60649237150225464379E-7'}",8,0.020038072337441138162508800,2,2026-01-01,14499328.00000000,14615112.00000000
0.0001001602564102564102564102564,176.95926000,28132.97385480,42985.05396840,54866.71805928,7,2.003405789842732645497350000,0.9985,543,194,0.9983,9005,1283,57837.134082,"{'ZERO': '0.000200340578984273264549735', 'MAKER_A_0.2BP': '0.000160333365505383471415015', 'MAKER_B_0.5BP': '0.000100325545678040148879063', 'STRESS_1BP': '3.20512875087328490431E-7'}",9,0.020034057898427326454973500,2,2026-01-01,1529996.00000000,14499328.00000000
0.0001001702894921366322748672744,211.31366250,31599.28726950,47188.28732125,59659.48736265,6,2.003606491685033059507110000,0.9984,9295,891,0.9982,14931,1062,62777.287373,"{'ZERO': '0.000200360649168503305950711', 'MAKER_A_0.2BP': '0.000160353434886822199440603', 'MAKER_B_0.5BP': '0.000100345613855352113179755', 'STRESS_1BP': '3.40579045681887431373E-7'}",10,0.020036064916850330595071100,2,2026-01-01,16952570.00000000,28168662.00000000
0.00005007260527765259626458364629,2.72435000,31.38653850,54.73237550,202.54706595,1186,1.001502253380070105157740000,0.9986,10930,1984,0.9985,41776,1972,8447.096207,"{'ZERO': '0.000100150225338007010515774', 'MAKER_A_0.2BP': '0.000060147019393112388127801', 'MAKER_B_0.5BP': '1.45210566211799575269E-7', 'STRESS_1BP': '-0.0000998498047040563845468232'}",1,0.010015022533800701051577400,1,2026-01-02,15793255.00000000,43619359.00000000
0.00005001750612714450057520132046,0.70581000,11.21905220,20.43554060,72.76366912,1089,1.000400160064025610244100000,0.9997,14254,1492,0.9996,20585,1763,1548.962501,"{'ZERO': '0.000100040016006402561024410', 'MAKER_A_0.2BP': '0.000060036814469793037112447', 'MAKER_B_0.5BP': '3.5012254989491421787E-8', 'STRESS_1BP': '-0.0000999599919959984793837543'}",2,0.010004001600640256102441000,1,2026-01-02,23832325.00000000,33651143.00000000
0.00005004253615573237251663914327,1.13774800,11.62172360,20.60803590,76.74129730,835,1.000900810729656691021920000,0.9992,12648,1419,0.9991,9287,1618,2433.209459,"{'ZERO': '0.000100090081072965669102192', 'MAKER_A_0.2BP': '0.000060086877533793533918132', 'MAKER_B_0.5BP': '8.5072315296256005937E-8', 'STRESS_1BP': '-0.0000999099369414474827164466'}",3,0.010009008107296566910219200,1,2026-01-02,19436422.00000000,16185236.00000000
0.00005006759124818504981725329194,1.04183000,16.81998980,29.94014580,77.16087398,799,1.001401962747846985780090000,0.9987,10102,1190,0.9986,10930,1984,25619.780795,"{'ZERO': '0.000100140196274784698578009', 'MAKER_A_0.2BP': '0.000060136990731044581992398', 'MAKER_B_0.5BP': '1.35182505845667059727E-7', 'STRESS_1BP': '-0.0000998598317616666132305255'}",4,0.010014019627478469857800900,1,2026-01-02,17440949.00000000,15793255.00000000
0.00005007762031148279833742300566,1.26581700,17.73094520,28.31356270,65.20891644,787,1.001602564102564102564100000,0.9985,41776,1972,0.9984,3851,787,144.758567,"{'ZERO': '0.000100160256410256410256410', 'MAKER_A_0.2BP': '0.000060157050064126922589753', 'MAKER_B_0.5BP': '1.55240635404127229536E-7', 'STRESS_1BP': '-0.0000998397756378208333012853'}",5,0.010016025641025641025641000,1,2026-01-02,43619359.00000000,4092148.00000000
0.00005004754516790951403833641960,0.57411400,7.05746110,12.14279590,31.68879266,784,1.001001001001001001001000000,0.9991,9287,1618,0.999,13650,1072,637.577139,"{'ZERO': '0.000100100100100100100100100', 'MAKER_A_0.2BP': '0.000060096896160174894600206', 'MAKER_B_0.5BP': '9.5090340578066191786E-8', 'STRESS_1BP': '-0.0000998999199179181180981001'}",6,0.010010010010010010010010000,1,2026-01-02,16185236.00000000,17562171.00000000
0.00005005756620113130099614556740,0.91161900,11.75748260,22.67626800,58.74458180,765,1.001201441730076091309570000,0.9989,4214,1053,0.9988,9396,1155,9928.520407,"{'ZERO': '0.000100120144173007609130957', 'MAKER_A_0.2BP': '0.000060116939431335522268329', 'MAKER_B_0.5BP': '1.15132409178499825509E-7', 'STRESS_1BP': '-0.0000998798798534243491950364'}",7,0.010012014417300760913095700,1,2026-01-02,4658154.00000000,15307324.00000000
0.00005002751513332332783030666867,0.44602900,6.09814960,9.49781070,27.66960796,683,1.000600360216129677806680000,0.9995,9061,1357,0.9994,7282,1151,889.155345,"{'ZERO': '0.000100060036021612967780668', 'MAKER_A_0.2BP': '0.000060056833684218851144290', 'MAKER_B_0.5BP': '5.5030268298472208669E-8', 'STRESS_1BP': '-0.0000999399759843907544406656'}",8,0.010006003602161296778066800,1,2026-01-02,20757434.00000000,13250951.00000000
0.00005002251012955830123555600020,0.49574200,5.92625520,11.80220400,47.68884455,674,1.000500250125062531265630000,0.9996,20585,1763,0.9995,9061,1357,1063.939402,"{'ZERO': '0.000100050025012506253126563', 'MAKER_A_0.2BP': '0.000060046823075544492111659', 'MAKER_B_0.5BP': '4.5020260242615683123E-8', 'STRESS_1BP': '-0.0000999499849914958479139580'}",9,0.010005002501250625312656300,1,2026-01-02,33651143.00000000,20757434.00000000
0.00005003752814610958218663997998,2.10464600,21.22953150,35.72651280,84.57674015,584,1.000800640512409927942350000,0.9993,12636,1053,0.9992,12648,1419,5321.133414,"{'ZERO': '0.000100080064051240992794235', 'MAKER_A_0.2BP': '0.000060076860912741713140117', 'MAKER_B_0.5BP': '7.5056295223669561118E-8', 'STRESS_1BP': '-0.0000999199519599681344915949'}",10,0.010008006405124099279423500,1,2026-01-02,19283300.00000000,19436422.00000000
0.00005003252113874018111772652224,5.79369900,50.97671160,95.91544660,363.85688476,1855,1.000700490343240268187730000,0.9994,32776,2863,0.9993,62658,2938,2124.200977,"{'ZERO': '0.000100070049034324026818773', 'MAKER_A_0.2BP': '0.000060066846296417411989997', 'MAKER_B_0.5BP': '6.5042279758322701297E-8', 'STRESS_1BP': '-0.0000999299649740819973841703'}",1,0.010007004903432402681877300,1,2026-01-03,45705996.00000000,96938029.00000000
0.00005003752814610958218663997998,2.66223100,17.72436880,27.32754215,46.02043978,1084,1.000800640512409927942350000,0.9993,62658,2938,0.9992,3187,1084,91.75293,"{'ZERO': '0.000100080064051240992794235', 'MAKER_A_0.2BP': '0.000060076860912741713140117', 'MAKER_B_0.5BP': '7.5056295223669561118E-8', 'STRESS_1BP': '-0.0000999199519599681344915949'}",2,0.010008006405124099279423500,1,2026-01-03,96938029.00000000,3933231.00000000
0.00005002751513332332783030666867,3.82441000,49.27147300,78.92103180,235.6783296,1009,1.000600360216129677806680000,0.9995,10797,1203,0.9994,32776,2863,28677.978557,"{'ZERO': '0.000100060036021612967780668', 'MAKER_A_0.2BP': '0.000060056833684218851144290', 'MAKER_B_0.5BP': '5.5030268298472208669E-8', 'STRESS_1BP': '-0.0000999399759843907544406656'}",3,0.010006003602161296778066800,1,2026-01-03,18907987.00000000,45705996.00000000
0.00005002251012955830123555600020,9.59032800,57.37637260,97.39301510,11304.22771388,195,1.000500250125062531265630000,0.9996,1177,227,0.9995,10797,1203,35257.39657,"{'ZERO': '0.000100050025012506253126563', 'MAKER_A_0.2BP': '0.000060046823075544492111659', 'MAKER_B_0.5BP': '4.5020260242615683123E-8', 'STRESS_1BP': '-0.0000999499849914958479139580'}",4,0.010005002501250625312656300,1,2026-01-03,2900384.00000000,18907987.00000000
0.0001000700490343240268187731412,57.11823200,689.26626380,1259.60665120,1865.41830048,99,2.001601281024819855884710000,0.9994,32776,2863,0.9992,3187,1084,2089.876691,"{'ZERO': '0.000200160128102481985588471', 'MAKER_A_0.2BP': '0.000160152921841483106286633', 'MAKER_B_0.5BP': '0.000100145112840434839747204', 'STRESS_1BP': '1.40098079863751014810E-7'}",5,0.020016012810248198558847100,2,2026-01-03,45705996.00000000,3933231.00000000
0.0001000600360216129677806684010,52.91466500,290.62431500,6315.71905900,25797.22917740,41,2.001400980686480536375460000,0.9995,10797,1203,0.9993,62658,2938,28634.137559,"{'ZERO': '0.000200140098068648053637546', 'MAKER_A_0.2BP': '0.000160132892608834503986394', 'MAKER_B_0.5BP': '0.000100125084809504146027563', 'STRESS_1BP': '1.20072051636025229660E-7'}",6,0.020014009806864805363754600,2,2026-01-03,18907987.00000000,96938029.00000000
0.00005001750612714450057520132046,8.34806150,65.46668080,8479.27638400,33991.13449767,34,1.000400160064025610244100000,0.9997,58,34,0.9996,1177,227,38883.781917,"{'ZERO': '0.000100040016006402561024410', 'MAKER_A_0.2BP': '0.000060036814469793037112447', 'MAKER_B_0.5BP': '3.5012254989491421787E-8', 'STRESS_1BP': '-0.0000999599919959984793837543'}",7,0.010004001600640256102441000,1,2026-01-03,45675.00000000,2900384.00000000
0.0001000500250125062531265632816,82.46196000,24643.12864740,29938.11776420,34174.10905764,9,2.001200720432259355613370000,0.9996,1177,227,0.9994,32776,2863,35233.106881,"{'ZERO': '0.000200120072043225935561337', 'MAKER_A_0.2BP': '0.000160112867384437382294980', 'MAKER_B_0.5BP': '0.000100105060786584445042307', 'STRESS_1BP': '1.00050031018511116669E-7'}",8,0.020012007204322593556133700,2,2026-01-03,2900384.00000000,45705996.00000000
0.0001500825453999699834909200060,16421.60496900,31245.14279270,33072.97267835,34535.23658687,4,3.002101471029720804563190000,0.9996,1177,227,0.9993,62658,2938,34900.802564,"{'ZERO': '0.000300210147102972080456319', 'MAKER_A_0.2BP': '0.000260198938921251595982791', 'MAKER_B_0.5BP': '0.000200185127339249969353829', 'STRESS_1BP': '0.000100170109077354047843489'}",9,0.030021014710297208045631900,3,2026-01-03,2900384.00000000,96938029.00000000
0.0001500975634162205433531795667,21541.95421200,26261.10312640,26850.99674070,27322.91163214,3,3.002401921537229783827060000,0.9995,10797,1203,0.9992,3187,1084,27440.890355,"{'ZERO': '0.000300240192153722978382706', 'MAKER_A_0.2BP': '0.000260228982770224499433150', 'MAKER_B_0.5BP': '0.000200215169385646009933290', 'STRESS_1BP': '0.000100200148119695636521216'}",10,0.030024019215372297838270600,3,2026-01-03,18907987.00000000,3933231.00000000
0.00005004253615573237251663914327,3.85645500,45.69179460,79.15481320,190.21864476,977,1.000900810729656691021920000,0.9992,8776,1342,0.9991,25068,1858,10623.828009,"{'ZERO': '0.000100090081072965669102192', 'MAKER_A_0.2BP': '0.000060086877533793533918132', 'MAKER_B_0.5BP': '8.5072315296256005937E-8', 'STRESS_1BP': '-0.0000999099369414474827164466'}",1,0.010009008107296566910219200,1,2026-01-04,14058599.00000000,38397397.00000000
0.00005004754516790951403833641960,2.72126200,28.53747300,48.14766700,105.54121140,881,1.001001001001001001001000000,0.9991,25068,1858,0.999,13803,992,1376.044812,"{'ZERO': '0.000100100100100100100100100', 'MAKER_A_0.2BP': '0.000060096896160174894600206', 'MAKER_B_0.5BP': '9.5090340578066191786E-8', 'STRESS_1BP': '-0.0000998999199179181180981001'}",2,0.010010010010010010010010000,1,2026-01-04,38397397.00000000,18402414.00000000
0.00005003252113874018111772652224,2.85397800,28.40825180,50.87079420,188.25468704,717,1.000700490343240268187730000,0.9994,26238,1356,0.9993,15572,1083,5100.024825,"{'ZERO': '0.000100070049034324026818773', 'MAKER_A_0.2BP': '0.000060066846296417411989997', 'MAKER_B_0.5BP': '6.5042279758322701297E-8', 'STRESS_1BP': '-0.0000999299649740819973841703'}",3,0.010007004903432402681877300,1,2026-01-04,38638355.00000000,19943060.00000000
0.00005002751513332332783030666867,3.68605850,48.75617610,86.41584155,320.17215600,638,1.000600360216129677806680000,0.9995,15485,1149,0.9994,26238,1356,3156.535542,"{'ZERO': '0.000100060036021612967780668', 'MAKER_A_0.2BP': '0.000060056833684218851144290', 'MAKER_B_0.5BP': '5.5030268298472208669E-8', 'STRESS_1BP': '-0.0000999399759843907544406656'}",4,0.010006003602161296778066800,1,2026-01-04,20439145.00000000,38638355.00000000
0.00005002251012955830123555600020,4.75026800,44.54393880,63.96900835,144.50470562,510,1.000500250125062531265630000,0.9996,5746,648,0.9995,15485,1149,6355.647597,"{'ZERO': '0.000100050025012506253126563', 'MAKER_A_0.2BP': '0.000060046823075544492111659', 'MAKER_B_0.5BP': '4.5020260242615683123E-8', 'STRESS_1BP': '-0.0000999499849914958479139580'}",5,0.010005002501250625312656300,1,2026-01-04,10772991.00000000,20439145.00000000
0.00005003752814610958218663997998,2.22556100,23.27087220,45.19047560,858.39411788,365,1.000800640512409927942350000,0.9993,15572,1083,0.9992,8776,1342,27484.06794,"{'ZERO': '0.000100080064051240992794235', 'MAKER_A_0.2BP': '0.000060076860912741713140117', 'MAKER_B_0.5BP': '7.5056295223669561118E-8', 'STRESS_1BP': '-0.0000999199519599681344915949'}",6,0.010008006405124099279423500,1,2026-01-04,19943060.00000000,14058599.00000000
0.00005000750112516877531629744462,1.83540400,15.39297000,27.32509425,65.24752525,236,1.000200040008001600320060000,0.9999,4416,409,0.9998,3890,369,214.836658,"{'ZERO': '0.000100020004000800160032006', 'MAKER_A_0.2BP': '0.000060016803264654850931787', 'MAKER_B_0.5BP': '1.5002250487595644223E-8', 'STRESS_1BP': '-0.0000999799999995999599879980'}",7,0.010002000400080016003200600,1,2026-01-04,5598702.00000000,6104027.00000000
0.00005000250012500625031251562578,0.61646700,15.92925840,25.52388760,209.31876736,173,1.000100010001000100010000000,1,3553,261,0.9999,4416,409,1642.298723,"{'ZERO': '0.000100010001000100010001000', 'MAKER_A_0.2BP': '0.000060006800664066726666267', 'MAKER_B_0.5BP': '5.000250037503125344E-9', 'STRESS_1BP': '-0.0000999900009999000099990001'}",8,0.010001000100010001000100000,1,2026-01-04,7557757.00000000,5598702.00000000
0.00005001750612714450057520132046,0.93825200,35.65149100,63.14756820,3176.35810820,137,1.000400160064025610244100000,0.9997,1188,270,0.9996,5746,648,10947.46758,"{'ZERO': '0.000100040016006402561024410', 'MAKER_A_0.2BP': '0.000060036814469793037112447', 'MAKER_B_0.5BP': '3.5012254989491421787E-8', 'STRESS_1BP': '-0.0000999599919959984793837543'}",9,0.010004001600640256102441000,1,2026-01-04,1484987.00000000,10772991.00000000
0.00005001250312578144536134033508,0.31717700,5.06884860,8.49552100,18.85149024,133,1.000300090027008102430730000,0.9998,3890,369,0.9997,1188,270,337.912487,"{'ZERO': '0.000100030009002700810243073', 'MAKER_A_0.2BP': '0.000060026807866363428958289', 'MAKER_B_0.5BP': '2.5006251938078298646E-8', 'STRESS_1BP': '-0.0000999699969984996098769637'}",10,0.010003000900270081024307300,1,2026-01-04,6104027.00000000,1484987.00000000
0.00005003252113874018111772652224,1.27428850,13.97095340,26.83657665,81.59781325,2022,1.000700490343240268187730000,0.9994,18452,2646,0.9993,33095,3033,17172.338697,"{'ZERO': '0.000100070049034324026818773', 'MAKER_A_0.2BP': '0.000060066846296417411989997', 'MAKER_B_0.5BP': '6.5042279758322701297E-8', 'STRESS_1BP': '-0.0000999299649740819973841703'}",1,0.010007004903432402681877300,1,2026-01-05,23984586.00000000,50813475.00000000
0.00004999750012499375031248437578,1.16616700,13.91766220,23.83631065,73.18561116,1538,1.0000,1.0001,15861,1977,1,33598,2751,46589.490274,"{'ZERO': '0.0001', 'MAKER_A_0.2BP': '0.000059996800063998720025599', 'MAKER_B_0.5BP': '-4.9997500124993750312E-9', 'STRESS_1BP': '-0.0001'}",2,0.0100,1,2026-01-05,30230263.00000000,49550208.00000000
0.00005000250012500625031251562578,0.81365500,11.60938620,23.37715220,73.50332924,1213,1.000100010001000100010000000,1,33598,2751,0.9999,24032,1592,44742.957408,"{'ZERO': '0.000100010001000100010001000', 'MAKER_A_0.2BP': '0.000060006800664066726666267', 'MAKER_B_0.5BP': '5.000250037503125344E-9', 'STRESS_1BP': '-0.0000999900009999000099990001'}",3,0.010001000100010001000100000,1,2026-01-05,49550208.00000000,33659530.00000000
0.00005003752814610958218663997998,1.14743700,20.41219700,38.38645700,122.49382540,1011,1.000800640512409927942350000,0.9993,33095,3033,0.9992,21305,1527,9441.291757,"{'ZERO': '0.000100080064051240992794235', 'MAKER_A_0.2BP': '0.000060076860912741713140117', 'MAKER_B_0.5BP': '7.5056295223669561118E-8', 'STRESS_1BP': '-0.0000999199519599681344915949'}",4,0.010008006405124099279423500,1,2026-01-05,50813475.00000000,30963986.00000000
0.00005002251012955830123555600020,0.83055600,12.04447500,18.93552425,70.81566105,716,1.000500250125062531265630000,0.9996,4961,1055,0.9995,12729,1340,38533.912764,"{'ZERO': '0.000100050025012506253126563', 'MAKER_A_0.2BP': '0.000060046823075544492111659', 'MAKER_B_0.5BP': '4.5020260242615683123E-8', 'STRESS_1BP': '-0.0000999499849914958479139580'}",5,0.010005002501250625312656300,1,2026-01-05,7298798.00000000,18430120.00000000
0.00004996752111127766951481537001,1.31944300,13.18562480,25.35341500,85.77869276,685,0.999400359784129522286630000,1.0007,2068,686,1.0006,17536,1070,679.716066,"{'ZERO': '0.000099940035978412952228663', 'MAKER_A_0.2BP': '0.000059936838440924565478309', 'MAKER_B_0.5BP': '-6.49577754971935592707E-8', 'STRESS_1BP': '-0.0001000599520299818908774723'}",6,0.009994003597841295222866300,1,2026-01-05,4244436.00000000,27982114.00000000
0.00005002751513332332783030666867,0.63814500,13.85481120,30.90945760,96.80258572,625,1.000600360216129677806680000,0.9995,12729,1340,0.9994,18452,2646,28334.662421,"{'ZERO': '0.000100060036021612967780668', 'MAKER_A_0.2BP': '0.000060056833684218851144290', 'MAKER_B_0.5BP': '5.5030268298472208669E-8', 'STRESS_1BP': '-0.0000999399759843907544406656'}",7,0.010006003602161296778066800,1,2026-01-05,18430120.00000000,23984586.00000000
0.00005004754516790951403833641960,1.34670200,16.06545400,23.66407290,38.72451852,535,1.001001001001001001001000000,0.9991,9011,1051,0.999,3392,535,93.798525,"{'ZERO': '0.000100100100100100100100100', 'MAKER_A_0.2BP': '0.000060096896160174894600206', 'MAKER_B_0.5BP': '9.5090340578066191786E-8', 'STRESS_1BP': '-0.0000998999199179181180981001'}",8,0.010010010010010010010010000,1,2026-01-05,11868304.00000000,3883587.00000000
0.00005004253615573237251663914327,1.69247600,16.61888450,27.13677250,111.24772120,516,1.000900810729656691021920000,0.9992,21305,1527,0.9991,9011,1051,3606.055894,"{'ZERO': '0.000100090081072965669102192', 'MAKER_A_0.2BP': '0.000060086877533793533918132', 'MAKER_B_0.5BP': '8.5072315296256005937E-8', 'STRESS_1BP': '-0.0000999099369414474827164466'}",9,0.010009008107296566910219200,1,2026-01-05,30963986.00000000,11868304.00000000
0.00004999250112483127530870369445,0.88690800,17.98719380,40.90774020,886.45262386,439,0.999900009999000099990000000,1.0002,6507,642,1.0001,15861,1977,50677.475603,"{'ZERO': '0.000099990000999900009999000', 'MAKER_A_0.2BP': '0.000059986801463850734984100', 'MAKER_B_0.5BP': '-1.49977502624718779060E-8', 'STRESS_1BP': '-0.0001000099970004999300089989'}",10,0.009999000099990000999900000,1,2026-01-05,10518482.00000000,30230263.00000000
0.00005001250312578144536134033508,0.89348400,14.73149760,26.43206405,82.55207551,4312,1.000300090027008102430730000,0.9998,42068,5551,0.9997,51404,5694,18050.639104,"{'ZERO': '0.000100030009002700810243073', 'MAKER_A_0.2BP': '0.000060026807866363428958289', 'MAKER_B_0.5BP': '2.5006251938078298646E-8', 'STRESS_1BP': '-0.0000999699969984996098769637'}",1,0.010003000900270081024307300,1,2026-01-06,82271941.00000000,82108068.00000000
0.00005002751513332332783030666867,0.60918300,5.78827040,9.33574940,26.31564628,1619,1.000600360216129677806680000,0.9995,15208,2616,0.9994,14117,2869,11902.550631,"{'ZERO': '0.000100060036021612967780668', 'MAKER_A_0.2BP': '0.000060056833684218851144290', 'MAKER_B_0.5BP': '5.5030268298472208669E-8', 'STRESS_1BP': '-0.0000999399759843907544406656'}",2,0.010006003602161296778066800,1,2026-01-06,31859412.00000000,22210064.00000000
0.00005001750612714450057520132046,0.47494300,7.48083300,13.45428340,36.65920604,1385,1.000400160064025610244100000,0.9997,51404,5694,0.9996,10185,2382,17678.111928,"{'ZERO': '0.000100040016006402561024410', 'MAKER_A_0.2BP': '0.000060036814469793037112447', 'MAKER_B_0.5BP': '3.5012254989491421787E-8', 'STRESS_1BP': '-0.0000999599919959984793837543'}",3,0.010004001600640256102441000,1,2026-01-06,82108068.00000000,15969794.00000000
0.00005003252113874018111772652224,0.73987550,9.25058750,16.66787665,56.39518705,1250,1.000700490343240268187730000,0.9994,14117,2869,0.9993,12880,1866,2700.426005,"{'ZERO': '0.000100070049034324026818773', 'MAKER_A_0.2BP': '0.000060066846296417411989997', 'MAKER_B_0.5BP': '6.5042279758322701297E-8', 'STRESS_1BP': '-0.0000999299649740819973841703'}",4,0.010007004903432402681877300,1,2026-01-06,22210064.00000000,31221340.00000000
0.00005000750112516877531629744462,0.78464700,21.82032840,45.63387340,266.42467262,1239,1.000200040008001600320060000,0.9999,19033,1983,0.9998,42068,5551,21295.169095,"{'ZERO': '0.000100020004000800160032006', 'MAKER_A_0.2BP': '0.000060016803264654850931787', 'MAKER_B_0.5BP': '1.5002250487595644223E-8', 'STRESS_1BP': '-0.0000999799999995999599879980'}",5,0.010002000400080016003200600,1,2026-01-06,27421640.00000000,82271941.00000000
0.00005002251012955830123555600020,1.25778700,9.28059900,15.88310020,94.96013792,997,1.000500250125062531265630000,0.9996,10185,2382,0.9995,15208,2616,14218.472976,"{'ZERO': '0.000100050025012506253126563', 'MAKER_A_0.2BP': '0.000060046823075544492111659', 'MAKER_B_0.5BP': '4.5020260242615683123E-8', 'STRESS_1BP': '-0.0000999499849914958479139580'}",6,0.010005002501250625312656300,1,2026-01-06,15969794.00000000,31859412.00000000
0.00005000250012500625031251562578,1.26962000,17.32307300,28.49901700,96.88906836,745,1.000100010001000100010000000,1,13989,1368,0.9999,19033,1983,41861.511844,"{'ZERO': '0.000100010001000100010001000', 'MAKER_A_0.2BP': '0.000060006800664066726666267', 'MAKER_B_0.5BP': '5.000250037503125344E-9', 'STRESS_1BP': '-0.0000999900009999000099990001'}",7,0.010001000100010001000100000,1,2026-01-06,18677658.00000000,27421640.00000000
0.00004999750012499375031248437578,1.77113900,20.71406260,36.50119430,80.57804538,623,1.0000,1.0001,1576,623,1,13989,1368,3019.601002,"{'ZERO': '0.0001', 'MAKER_A_0.2BP': '0.000059996800063998720025599', 'MAKER_B_0.5BP': '-4.9997500124993750312E-9', 'STRESS_1BP': '-0.0001'}",8,0.0100,1,2026-01-06,2324968.00000000,18677658.00000000
0.00005003752814610958218663997998,1.01676200,7.38533600,13.79679025,68.87581175,616,1.000800640512409927942350000,0.9993,12880,1866,0.9992,6094,894,428.473497,"{'ZERO': '0.000100080064051240992794235', 'MAKER_A_0.2BP': '0.000060076860912741713140117', 'MAKER_B_0.5BP': '7.5056295223669561118E-8', 'STRESS_1BP': '-0.0000999199519599681344915949'}",9,0.010008006405124099279423500,1,2026-01-06,31221340.00000000,14797753.00000000
0.00005004253615573237251663914327,0.52228300,4.66800030,5.83124305,8.71284244,278,1.000900810729656691021920000,0.9992,6094,894,0.9991,998,278,14.287107,"{'ZERO': '0.000100090081072965669102192', 'MAKER_A_0.2BP': '0.000060086877533793533918132', 'MAKER_B_0.5BP': '8.5072315296256005937E-8', 'STRESS_1BP': '-0.0000999099369414474827164466'}",10,0.010009008107296566910219200,1,2026-01-06,14797753.00000000,1419256.00000000
0.00005003252113874018111772652224,1.19013100,10.37223400,15.97009370,42.20990794,3487,1.000700490343240268187730000,0.9994,39556,5081,0.9993,24307,4737,17480.892794,"{'ZERO': '0.000100070049034324026818773', 'MAKER_A_0.2BP': '0.000060066846296417411989997', 'MAKER_B_0.5BP': '6.5042279758322701297E-8', 'STRESS_1BP': '-0.0000999299649740819973841703'}",1,0.010007004903432402681877300,1,2026-01-07,71860935.00000000,42947436.00000000
0.00005002751513332332783030666867,1.41520500,14.44608860,30.04741780,239.11907648,1593,1.000600360216129677806680000,0.9995,19456,2500,0.9994,39556,5081,8060.199928,"{'ZERO': '0.000100060036021612967780668', 'MAKER_A_0.2BP': '0.000060056833684218851144290', 'MAKER_B_0.5BP': '5.5030268298472208669E-8', 'STRESS_1BP': '-0.0000999399759843907544406656'}",2,0.010006003602161296778066800,1,2026-01-07,31245267.00000000,71860935.00000000
0.00005003752814610958218663997998,0.87766200,10.02760200,16.48772840,41.01657248,1249,1.000800640512409927942350000,0.9993,24307,4737,0.9992,17012,2473,13471.88245,"{'ZERO': '0.000100080064051240992794235', 'MAKER_A_0.2BP': '0.000060076860912741713140117', 'MAKER_B_0.5BP': '7.5056295223669561118E-8', 'STRESS_1BP': '-0.0000999199519599681344915949'}",3,0.010008006405124099279423500,1,2026-01-07,42947436.00000000,27444632.00000000
0.00005004253615573237251663914327,2.15376800,17.26849160,26.93425150,61.07195364,1223,1.000900810729656691021920000,0.9992,17012,2473,0.9991,7480,1441,1669.845613,"{'ZERO': '0.000100090081072965669102192', 'MAKER_A_0.2BP': '0.000060086877533793533918132', 'MAKER_B_0.5BP': '8.5072315296256005937E-8', 'STRESS_1BP': '-0.0000999099369414474827164466'}",4,0.010009008107296566910219200,1,2026-01-07,27444632.00000000,10923199.00000000
0.00005002251012955830123555600020,2.98647100,26.79449500,48.26304225,139.30829410,906,1.000500250125062531265630000,0.9996,6982,1035,0.9995,19456,2500,13797.869533,"{'ZERO': '0.000100050025012506253126563', 'MAKER_A_0.2BP': '0.000060046823075544492111659', 'MAKER_B_0.5BP': '4.5020260242615683123E-8', 'STRESS_1BP': '-0.0000999499849914958479139580'}",5,0.010005002501250625312656300,1,2026-01-07,13017037.00000000,31245267.00000000
0.00005004754516790951403833641960,0.78047750,7.71513890,12.69668130,28.02218951,218,1.001001001001001001001000000,0.9991,7480,1441,0.999,3253,295,389.839829,"{'ZERO': '0.000100100100100100100100100', 'MAKER_A_0.2BP': '0.000060096896160174894600206', 'MAKER_B_0.5BP': '9.5090340578066191786E-8', 'STRESS_1BP': '-0.0000998999199179181180981001'}",6,0.010010010010010010010010000,1,2026-01-07,10923199.00000000,6221792.00000000
0.00005001250312578144536134033508,1.94267150,17.35646450,28.37794520,70.22881924,174,1.000300090027008102430730000,0.9998,1849,207,0.9997,3190,303,198.71659,"{'ZERO': '0.000100030009002700810243073', 'MAKER_A_0.2BP': '0.000060026807866363428958289', 'MAKER_B_0.5BP': '2.5006251938078298646E-8', 'STRESS_1BP': '-0.0000999699969984996098769637'}",7,0.010003000900270081024307300,1,2026-01-07,3184334.00000000,4187710.00000000
0.00005001750612714450057520132046,1.33007050,40.26201140,106.41069580,2508.96902695,128,1.000400160064025610244100000,0.9997,3190,303,0.9996,6982,1035,20726.720592,"{'ZERO': '0.000100040016006402561024410', 'MAKER_A_0.2BP': '0.000060036814469793037112447', 'MAKER_B_0.5BP': '3.5012254989491421787E-8', 'STRESS_1BP': '-0.0000999599919959984793837543'}",8,0.010004001600640256102441000,1,2026-01-07,4187710.00000000,13017037.00000000
0.00005005255518294208919365333600,1.07066800,7.64809940,11.93110740,15.83282060,77,1.001101211332465712283510000,0.999,3253,295,0.9989,239,77,18.771619,"{'ZERO': '0.000100110121133246571228351', 'MAKER_A_0.2BP': '0.000060106916792488056535796', 'MAKER_B_0.5BP': '1.05110371671325333523E-7', 'STRESS_1BP': '-0.0000998899008887778756412075'}",9,0.010011012113324657122835100,1,2026-01-07,6221792.00000000,407801.00000000
0.0001000600360216129677806684010,148.71573600,1769.34865380,3488.37602640,7714.32854336,47,2.001400980686480536375460000,0.9995,19456,2500,0.9993,24307,4737,8017.67779,"{'ZERO': '0.000200140098068648053637546', 'MAKER_A_0.2BP': '0.000160132892608834503986394', 'MAKER_B_0.5BP': '0.000100125084809504146027563', 'STRESS_1BP': '1.20072051636025229660E-7'}",10,0.020014009806864805363754600,2,2026-01-07,31245267.00000000,42947436.00000000
0.00005005255518294208919365333600,0.83310700,8.07107740,14.16509120,39.81673340,3817,1.001101211332465712283510000,0.999,43289,5734,0.9989,24861,4230,911.035988,"{'ZERO': '0.000100110121133246571228351', 'MAKER_A_0.2BP': '0.000060106916792488056535796', 'MAKER_B_0.5BP': '1.05110371671325333523E-7', 'STRESS_1BP': '-0.0000998899008887778756412075'}",1,0.010011012113324657122835100,1,2026-01-08,61685200.00000000,48541970.00000000
0.00005004253615573237251663914327,1.20905300,9.98396380,16.47796070,36.02544656,2115,1.000900810729656691021920000,0.9992,43451,3920,0.9991,35382,4032,41907.090452,"{'ZERO': '0.000100090081072965669102192', 'MAKER_A_0.2BP': '0.000060086877533793533918132', 'MAKER_B_0.5BP': '8.5072315296256005937E-8', 'STRESS_1BP': '-0.0000999099369414474827164466'}",2,0.010009008107296566910219200,1,2026-01-08,61562481.00000000,59783013.00000000
0.00005004754516790951403833641960,1.19014400,13.52099080,23.15540920,148.81553492,1917,1.001001001001001001001000000,0.9991,35382,4032,0.999,43289,5734,10365.373204,"{'ZERO': '0.000100100100100100100100100', 'MAKER_A_0.2BP': '0.000060096896160174894600206', 'MAKER_B_0.5BP': '9.5090340578066191786E-8', 'STRESS_1BP': '-0.0000998999199179181180981001'}",3,0.010010010010010010010010000,1,2026-01-08,59783013.00000000,61685200.00000000
0.00005003752814610958218663997998,1.68542500,17.67085180,33.36644940,120.87006224,1805,1.000800640512409927942350000,0.9993,19644,2466,0.9992,43451,3920,49454.860756,"{'ZERO': '0.000100080064051240992794235', 'MAKER_A_0.2BP': '0.000060076860912741713140117', 'MAKER_B_0.5BP': '7.5056295223669561118E-8', 'STRESS_1BP': '-0.0000999199519599681344915949'}",4,0.010008006405124099279423500,1,2026-01-08,36082267.00000000,61562481.00000000
0.00005003252113874018111772652224,1.70690350,16.16453250,40.29598705,285.79606680,662,1.000700490343240268187730000,0.9994,10352,824,0.9993,19644,2466,66031.025536,"{'ZERO': '0.000100070049034324026818773', 'MAKER_A_0.2BP': '0.000060066846296417411989997', 'MAKER_B_0.5BP': '6.5042279758322701297E-8', 'STRESS_1BP': '-0.0000999299649740819973841703'}",5,0.010007004903432402681877300,1,2026-01-08,16103313.00000000,36082267.00000000
0.00005005756620113130099614556740,0.49613900,6.35535800,10.84241300,33.89396544,413,1.001201441730076091309570000,0.9989,24861,4230,0.9988,1104,413,63.616782,"{'ZERO': '0.000100120144173007609130957', 'MAKER_A_0.2BP': '0.000060116939431335522268329', 'MAKER_B_0.5BP': '1.15132409178499825509E-7', 'STRESS_1BP': '-0.0000998798798534243491950364'}",6,0.010012014417300760913095700,1,2026-01-08,48541970.00000000,2007234.00000000
0.00005002751513332332783030666867,6.71186850,64.14483820,105.72936620,228.36159461,162,1.000600360216129677806680000,0.9995,275,162,0.9994,10352,824,16595.826311,"{'ZERO': '0.000100060036021612967780668', 'MAKER_A_0.2BP': '0.000060056833684218851144290', 'MAKER_B_0.5BP': '5.5030268298472208669E-8', 'STRESS_1BP': '-0.0000999399759843907544406656'}",7,0.010006003602161296778066800,1,2026-01-08,104678.00000000,16103313.00000000
0.0001000900810729656691021919728,16.30523600,63.79627700,75.71933800,16830.95401720,61,2.002002002002002002002000000,0.9992,43451,3920,0.999,43289,5734,41882.769871,"{'ZERO': '0.000200200200200200200200200', 'MAKER_A_0.2BP': '0.000160192992336349469206812', 'MAKER_B_0.5BP': '0.000100185180931143633008540', 'STRESS_1BP': '1.80162163963783801800E-7'}",8,0.020020020020020020020020000,2,2026-01-08,61562481.00000000,61685200.00000000
0.0001000800640512409927942353883,43.36047500,307.81537400,1072.20155300,21119.53490380,61,2.001801621459313382043840000,0.9993,19644,2466,0.9991,35382,4032,49434.636091,"{'ZERO': '0.000200180162145931338204384', 'MAKER_A_0.2BP': '0.000160172955083586747842663', 'MAKER_B_0.5BP': '0.000100165144880580012636842', 'STRESS_1BP': '1.60128116905054565107E-7'}",9,0.020018016214593133820438400,2,2026-01-08,36082267.00000000,59783013.00000000
0.0001001001001001001001001001001,75.72907700,894.08136900,1801.32330800,9797.29487540,41,2.002202422664931424567020000,0.9991,35382,4032,0.9989,24861,4230,10362.305111,"{'ZERO': '0.000200220242266493142456702', 'MAKER_A_0.2BP': '0.000160213033600975793077992', 'MAKER_B_0.5BP': '0.000100205220993330151292015', 'STRESS_1BP': '2.00200222244268715585E-7'}",10,0.020022024226649314245670200,2,2026-01-08,59783013.00000000,48541970.00000000
0.00005003752814610958218663997998,1.26252400,12.72680560,22.71910260,69.95547044,3593,1.000800640512409927942350000,0.9993,24488,4607,0.9992,37970,5884,19981.214652,"{'ZERO': '0.000100080064051240992794235', 'MAKER_A_0.2BP': '0.000060076860912741713140117', 'MAKER_B_0.5BP': '7.5056295223669561118E-8', 'STRESS_1BP': '-0.0000999199519599681344915949'}",1,0.010008006405124099279423500,1,2026-01-09,34849069.00000000,48531876.00000000
0.00005004253615573237251663914327,1.43390950,12.77317210,20.84646955,46.58911674,2290,1.000900810729656691021920000,0.9992,37970,5884,0.9991,12611,3139,9815.780774,"{'ZERO': '0.000100090081072965669102192', 'MAKER_A_0.2BP': '0.000060086877533793533918132', 'MAKER_B_0.5BP': '8.5072315296256005937E-8', 'STRESS_1BP': '-0.0000999099369414474827164466'}",2,0.010009008107296566910219200,1,2026-01-09,48531876.00000000,17353005.00000000
0.00005003252113874018111772652224,0.95451000,9.53185200,15.06056500,51.54248100,1013,1.000700490343240268187730000,0.9994,11222,1383,0.9993,24488,4607,43219.747331,"{'ZERO': '0.000100070049034324026818773', 'MAKER_A_0.2BP': '0.000060066846296417411989997', 'MAKER_B_0.5BP': '6.5042279758322701297E-8', 'STRESS_1BP': '-0.0000999299649740819973841703'}",3,0.010007004903432402681877300,1,2026-01-09,14681002.00000000,34849069.00000000
0.00005004754516790951403833641960,1.82729900,14.99995030,22.69078025,46.07044041,848,1.001001001001001001001000000,0.9991,12611,3139,0.999,4478,1200,5875.617854,"{'ZERO': '0.000100100100100100100100100', 'MAKER_A_0.2BP': '0.000060096896160174894600206', 'MAKER_B_0.5BP': '9.5090340578066191786E-8', 'STRESS_1BP': '-0.0000998999199179181180981001'}",4,0.010010010010010010010010000,1,2026-01-09,17353005.00000000,8780737.00000000
0.00005002751513332332783030666867,0.72832550,14.35265760,30.06059125,110.29987629,370,1.000600360216129677806680000,0.9995,1624,370,0.9994,11222,1383,2117.662108,"{'ZERO': '0.000100060036021612967780668', 'MAKER_A_0.2BP': '0.000060056833684218851144290', 'MAKER_B_0.5BP': '5.5030268298472208669E-8', 'STRESS_1BP': '-0.0000999399759843907544406656'}",5,0.010006003602161296778066800,1,2026-01-09,861778.00000000,14681002.00000000
0.00005005255518294208919365333600,5.23276300,29.63482600,41.20792900,87.21477600,351,1.001101211332465712283510000,0.999,4478,1200,0.9989,980,352,128.37435,"{'ZERO': '0.000100110121133246571228351', 'MAKER_A_0.2BP': '0.000060106916792488056535796', 'MAKER_B_0.5BP': '1.05110371671325333523E-7', 'STRESS_1BP': '-0.0000998899008887778756412075'}",6,0.010011012113324657122835100,1,2026-01-09,8780737.00000000,897646.00000000
0.0001000800640512409927942353883,123.30935900,1298.16228720,3420.88111960,16103.31787024,25,2.001801621459313382043840000,0.9993,24488,4607,0.9991,12611,3139,19965.486598,"{'ZERO': '0.000200180162145931338204384', 'MAKER_A_0.2BP': '0.000160172955083586747842663', 'MAKER_B_0.5BP': '0.000100165144880580012636842', 'STRESS_1BP': '1.60128116905054565107E-7'}",7,0.020018016214593133820438400,2,2026-01-09,34849069.00000000,17353005.00000000
0.0001000600360216129677806684010,27.39886300,577.36136460,1183.81664150,1915.20048350,15,2.001400980686480536375460000,0.9995,1624,370,0.9993,24488,4607,2098.046444,"{'ZERO': '0.000200140098068648053637546', 'MAKER_A_0.2BP': '0.000160132892608834503986394', 'MAKER_B_0.5BP': '0.000100125084809504146027563', 'STRESS_1BP': '1.20072051636025229660E-7'}",8,0.020014009806864805363754600,2,2026-01-09,861778.00000000,34849069.00000000
0.0001000700490343240268187731412,322.45872100,10832.48541400,27019.53814600,39969.18033160,9,2.001601281024819855884710000,0.9994,11222,1383,0.9992,37970,5884,43206.590878,"{'ZERO': '0.000200160128102481985588471', 'MAKER_A_0.2BP': '0.000160152921841483106286633', 'MAKER_B_0.5BP': '0.000100145112840434839747204', 'STRESS_1BP': '1.40098079863751014810E-7'}",9,0.020016012810248198558847100,2,2026-01-09,14681002.00000000,48531876.00000000
0.0001501125844383287465599199400,20262.48816250,35881.15495090,37833.48829945,39395.35497829,2,3.002702432188970073065760000,0.9994,11222,1383,0.9991,12611,3139,39785.821648,"{'ZERO': '0.000300270243218897007306576', 'MAKER_A_0.2BP': '0.000260259032633379961767194', 'MAKER_B_0.5BP': '0.000200245217445863769267747', 'STRESS_1BP': '0.000100230193175257591846661'}",10,0.030027024321889700730657600,3,2026-01-09,14681002.00000000,17353005.00000000
0.00005004754516790951403833641960,2.59784000,18.81778930,30.23602150,67.33173194,1562,1.001001001001001001001000000,0.9991,22929,1964,0.999,9223,2183,12875.879331,"{'ZERO': '0.000100100100100100100100100', 'MAKER_A_0.2BP': '0.000060096896160174894600206', 'MAKER_B_0.5BP': '9.5090340578066191786E-8', 'STRESS_1BP': '-0.0000998999199179181180981001'}",1,0.010010010010010010010010000,1,2026-01-10,22845816.00000000,11399368.00000000
0.00005005255518294208919365333600,2.86145400,21.53005150,32.12781080,53.90476731,622,1.001101211332465712283510000,0.999,9223,2183,0.9989,1207,622,173.375765,"{'ZERO': '0.000100110121133246571228351', 'MAKER_A_0.2BP': '0.000060106916792488056535796', 'MAKER_B_0.5BP': '1.05110371671325333523E-7', 'STRESS_1BP': '-0.0000998899008887778756412075'}",2,0.010011012113324657122835100,1,2026-01-10,11399368.00000000,886756.00000000
0.00005004253615573237251663914327,7.22913200,44.50449990,71.97881655,1800.43341719,402,1.000900810729656691021920000,0.9992,2462,418,0.9991,22929,1964,24024.338613,"{'ZERO': '0.000100090081072965669102192', 'MAKER_A_0.2BP': '0.000060086877533793533918132', 'MAKER_B_0.5BP': '8.5072315296256005937E-8', 'STRESS_1BP': '-0.0000999099369414474827164466'}",3,0.010009008107296566910219200,1,2026-01-10,4726199.00000000,22845816.00000000
0.0001000900810729656691021919728,687.20215300,10159.18072800,17657.48520225,33051.67139565,16,2.002002002002002002002000000,0.9992,2462,418,0.999,9223,2183,36900.217944,"{'ZERO': '0.000200200200200200200200200', 'MAKER_A_0.2BP': '0.000160192992336349469206812', 'MAKER_B_0.5BP': '0.000100185180931143633008540', 'STRESS_1BP': '1.80162163963783801800E-7'}",4,0.020020020020020020020020000,2,2026-01-10,4726199.00000000,11399368.00000000
0.00005003752814610958218663997998,15.39095350,16.55714250,1360.57579025,4586.16389885,16,1.000800640512409927942350000,0.9993,17,16,0.9992,2462,418,5392.560926,"{'ZERO': '0.000100080064051240992794235', 'MAKER_A_0.2BP': '0.000060076860912741713140117', 'MAKER_B_0.5BP': '7.5056295223669561118E-8', 'STRESS_1BP': '-0.0000999199519599681344915949'}",5,0.010008006405124099279423500,1,2026-01-10,654449.00000000,4726199.00000000
0.0001001001001001001001001001001,532.43665800,8542.58210240,10711.32850120,12446.32562024,5,2.002202422664931424567020000,0.9991,22929,1964,0.9989,1207,622,12880.0749,"{'ZERO': '0.000200220242266493142456702', 'MAKER_A_0.2BP': '0.000160213033600975793077992', 'MAKER_B_0.5BP': '0.000100205220993330151292015', 'STRESS_1BP': '2.00200222244268715585E-7'}",6,0.020022024226649314245670200,2,2026-01-10,22845816.00000000,886756.00000000
0.0001501426355037285421150092588,36904.41351300,36904.41351300,36904.41351300,36904.41351300,1,3.003303633997397136850540000,0.9992,2462,418,0.9989,1207,622,36904.413513,"{'ZERO': '0.000300330363399739713685054', 'MAKER_A_0.2BP': '0.000260319150409463529620187', 'MAKER_B_0.5BP': '0.000200305331614988977250507', 'STRESS_1BP': '0.000100290301333266413072378'}",7,0.030033036339973971368505400,3,2026-01-10,4726199.00000000,886756.00000000
0.0001501276084671971175499174298,42292.7788700,42292.7788700,42292.7788700,42292.7788700,1,3.003003003003003003003000000,0.9993,17,16,0.999,9223,2183,42292.77887,"{'ZERO': '0.000300300300300300300300300', 'MAKER_A_0.2BP': '0.000260289088512524043813418', 'MAKER_B_0.5BP': '0.000200275271521709199825294', 'STRESS_1BP': '0.000100260244245845685701700'}",8,0.030030030030030030030030000,3,2026-01-10,654449.00000000,11399368.00000000
0.0001000800640512409927942353883,29416.89953900,29416.89953900,29416.89953900,29416.89953900,1,2.001801621459313382043840000,0.9993,17,16,0.9991,22929,1964,29416.899539,"{'ZERO': '0.000200180162145931338204384', 'MAKER_A_0.2BP': '0.000160172955083586747842663', 'MAKER_B_0.5BP': '0.000100165144880580012636842', 'STRESS_1BP': '1.60128116905054565107E-7'}",9,0.020018016214593133820438400,2,2026-01-10,654449.00000000,22845816.00000000
0.00005004754516790951403833641960,4.87861900,29.14271100,43.20115820,76.54716508,973,1.001001001001001001001000000,0.9991,7737,1742,0.999,5256,1318,118.88298,"{'ZERO': '0.000100100100100100100100100', 'MAKER_A_0.2BP': '0.000060096896160174894600206', 'MAKER_B_0.5BP': '9.5090340578066191786E-8', 'STRESS_1BP': '-0.0000998999199179181180981001'}",1,0.010010010010010010010010000,1,2026-01-11,6577694.00000000,3585515.00000000
0.00005006257822277847309136420526,0.93359450,11.90365350,19.53169960,43.73420135,932,1.001301692199859817763090000,0.9988,13672,1761,0.9987,2240,940,103.576236,"{'ZERO': '0.000100130169219985981776309', 'MAKER_A_0.2BP': '0.000060126964077320035655961', 'MAKER_B_0.5BP': '1.25156453702297362352E-7', 'STRESS_1BP': '-0.0000998698568112548913327352'}",2,0.010013016921998598177630900,1,2026-01-11,15498831.00000000,3229152.00000000
0.00005005756620113130099614556740,1.72417450,18.73798320,31.82714145,64.29341908,828,1.001201441730076091309570000,0.9989,6998,1173,0.9988,13672,1761,7333.504105,"{'ZERO': '0.000100120144173007609130957', 'MAKER_A_0.2BP': '0.000060116939431335522268329', 'MAKER_B_0.5BP': '1.15132409178499825509E-7', 'STRESS_1BP': '-0.0000998798798534243491950364'}",3,0.010012014417300760913095700,1,2026-01-11,5503519.00000000,15498831.00000000
0.00005004253615573237251663914327,3.90367350,26.74090390,44.27663920,122.64690378,768,1.000900810729656691021920000,0.9992,4847,768,0.9991,7737,1742,6527.738992,"{'ZERO': '0.000100090081072965669102192', 'MAKER_A_0.2BP': '0.000060086877533793533918132', 'MAKER_B_0.5BP': '8.5072315296256005937E-8', 'STRESS_1BP': '-0.0000999099369414474827164466'}",4,0.010009008107296566910219200,1,2026-01-11,2096038.00000000,6577694.00000000
0.00005005255518294208919365333600,1.36862650,17.66984500,27.47959995,54.79507339,344,1.001101211332465712283510000,0.999,5256,1318,0.9989,6998,1173,87.341547,"{'ZERO': '0.000100110121133246571228351', 'MAKER_A_0.2BP': '0.000060106916792488056535796', 'MAKER_B_0.5BP': '1.05110371671325333523E-7', 'STRESS_1BP': '-0.0000998899008887778756412075'}",5,0.010011012113324657122835100,1,2026-01-11,3585515.00000000,5503519.00000000
0.00005006759124818504981725329194,0.00918300,0.05250900,0.05445600,0.05601360,7,1.001401962747846985780090000,0.9987,2240,940,0.9986,10,7,0.056403,"{'ZERO': '0.000100140196274784698578009', 'MAKER_A_0.2BP': '0.000060136990731044581992398', 'MAKER_B_0.5BP': '1.35182505845667059727E-7', 'STRESS_1BP': '-0.0000998598317616666132305255'}",6,0.010014019627478469857800900,1,2026-01-11,3229152.00000000,8182.00000000
0.0001001201441730076091309571486,4615.57586650,6782.52084370,7053.38896585,7270.08346357,2,2.002603384399719635526180000,0.9989,6998,1173,0.9987,2240,940,7324.257088,"{'ZERO': '0.000200260338439971963552618', 'MAKER_A_0.2BP': '0.000160253128170639751318321', 'MAKER_B_0.5BP': '0.000100245313157392095349673', 'STRESS_1BP': '2.40288377290237332530E-7'}",7,0.020026033843997196355261800,2,2026-01-11,5503519.00000000,3229152.00000000
0.0001000900810729656691021919728,3904.25090900,5996.03188260,6257.50450430,6466.68260166,2,2.002002002002002002002000000,0.9992,4847,768,0.999,5256,1318,6518.977126,"{'ZERO': '0.000200200200200200200200200', 'MAKER_A_0.2BP': '0.000160192992336349469206812', 'MAKER_B_0.5BP': '0.000100185180931143633008540', 'STRESS_1BP': '1.80162163963783801800E-7'}",8,0.020020020020020020020020000,2,2026-01-11,2096038.00000000,3585515.00000000
0.0001501877346683354192740926158,3959.89509200,3959.89509200,3959.89509200,3959.89509200,1,3.004205888243540957340280000,0.9989,6998,1173,0.9986,10,7,3959.895092,"{'ZERO': '0.000300420588824354095734028', 'MAKER_A_0.2BP': '0.000260409372225133105989993', 'MAKER_B_0.5BP': '0.000200395548017512002429119', 'STRESS_1BP': '0.000100380508714600200304424'}",9,0.030042058882435409573402800,3,2026-01-11,5503519.00000000,8182.00000000
0.0001001301692199859817763092020,30.8031400,30.8031400,30.8031400,30.8031400,1,2.002803925495693971560180000,0.9988,13672,1761,0.9986,10,7,30.80314,"{'ZERO': '0.000200280392549569397156018', 'MAKER_A_0.2BP': '0.000160273181478088843991195', 'MAKER_B_0.5BP': '0.000100265365261678834744423', 'STRESS_1BP': '2.60338476466793536949E-7'}",10,0.020028039254956939715601800,2,2026-01-11,15498831.00000000,8182.00000000
0.00005004253615573237251663914327,0.95212800,10.82598180,21.28737050,68.71302484,2267,1.000900810729656691021920000,0.9992,30119,3587,0.9991,21688,3165,7297.90103,"{'ZERO': '0.000100090081072965669102192', 'MAKER_A_0.2BP': '0.000060086877533793533918132', 'MAKER_B_0.5BP': '8.5072315296256005937E-8', 'STRESS_1BP': '-0.0000999099369414474827164466'}",1,0.010009008107296566910219200,1,2026-01-12,39093621.00000000,25614679.00000000
0.00005003752814610958218663997998,2.37516100,26.98409880,49.00366525,129.62299393,1320,1.000800640512409927942350000,0.9993,10057,1821,0.9992,30119,3587,12953.558425,"{'ZERO': '0.000100080064051240992794235', 'MAKER_A_0.2BP': '0.000060076860912741713140117', 'MAKER_B_0.5BP': '7.5056295223669561118E-8', 'STRESS_1BP': '-0.0000999199519599681344915949'}",2,0.010008006405124099279423500,1,2026-01-12,14971743.00000000,39093621.00000000
0.00005002751513332332783030666867,1.51986300,17.34438480,33.49617900,69.65485560,933,1.000600360216129677806680000,0.9995,10258,1613,0.9994,8507,1434,400.177051,"{'ZERO': '0.000100060036021612967780668', 'MAKER_A_0.2BP': '0.000060056833684218851144290', 'MAKER_B_0.5BP': '5.5030268298472208669E-8', 'STRESS_1BP': '-0.0000999399759843907544406656'}",3,0.010006003602161296778066800,1,2026-01-12,11976600.00000000,13894594.00000000
0.00005004754516790951403833641960,1.15094100,12.58861200,21.70722480,47.37778645,898,1.001001001001001001001000000,0.9991,21688,3165,0.999,11665,1734,8440.522123,"{'ZERO': '0.000100100100100100100100100', 'MAKER_A_0.2BP': '0.000060096896160174894600206', 'MAKER_B_0.5BP': '9.5090340578066191786E-8', 'STRESS_1BP': '-0.0000998999199179181180981001'}",4,0.010010010010010010010010000,1,2026-01-12,25614679.00000000,9730257.00000000
0.00005005255518294208919365333600,1.21029700,11.62740880,19.66436260,40.49628568,837,1.001101211332465712283510000,0.999,11665,1734,0.9989,6148,1069,2196.50343,"{'ZERO': '0.000100110121133246571228351', 'MAKER_A_0.2BP': '0.000060106916792488056535796', 'MAKER_B_0.5BP': '1.05110371671325333523E-7', 'STRESS_1BP': '-0.0000998899008887778756412075'}",5,0.010011012113324657122835100,1,2026-01-12,9730257.00000000,7331083.00000000
0.00005002251012955830123555600020,0.75065450,7.73691210,13.26947990,29.42076281,680,1.000500250125062531265630000,0.9996,7332,995,0.9995,10258,1613,500.013797,"{'ZERO': '0.000100050025012506253126563', 'MAKER_A_0.2BP': '0.000060046823075544492111659', 'MAKER_B_0.5BP': '4.5020260242615683123E-8', 'STRESS_1BP': '-0.0000999499849914958479139580'}",6,0.010005002501250625312656300,1,2026-01-12,12494789.00000000,11976600.00000000
0.00005003252113874018111772652224,1.66018100,24.43764200,41.36653700,86.51872100,501,1.000700490343240268187730000,0.9994,8507,1434,0.9993,10057,1821,24277.038821,"{'ZERO': '0.000100070049034324026818773', 'MAKER_A_0.2BP': '0.000060066846296417411989997', 'MAKER_B_0.5BP': '6.5042279758322701297E-8', 'STRESS_1BP': '-0.0000999299649740819973841703'}",7,0.010007004903432402681877300,1,2026-01-12,13894594.00000000,14971743.00000000
0.00005006257822277847309136420526,0.56276600,5.90472580,10.08325900,22.64244876,445,1.001301692199859817763090000,0.9988,7950,678,0.9987,768,445,32.489588,"{'ZERO': '0.000100130169219985981776309', 'MAKER_A_0.2BP': '0.000060126964077320035655961', 'MAKER_B_0.5BP': '1.25156453702297362352E-7', 'STRESS_1BP': '-0.0000998698568112548913327352'}",8,0.010013016921998598177630900,1,2026-01-12,3934285.00000000,389125.00000000
0.00005001750612714450057520132046,1.23758600,15.99598580,28.20981450,139.80906764,315,1.000400160064025610244100000,0.9997,834,315,0.9996,7332,995,1748.052772,"{'ZERO': '0.000100040016006402561024410', 'MAKER_A_0.2BP': '0.000060036814469793037112447', 'MAKER_B_0.5BP': '3.5012254989491421787E-8', 'STRESS_1BP': '-0.0000999599919959984793837543'}",9,0.010004001600640256102441000,1,2026-01-12,346273.00000000,12494789.00000000
0.00005005756620113130099614556740,1.13553100,10.05018460,13.61846320,151.89709228,233,1.001201441730076091309570000,0.9989,6148,1069,0.9988,7950,678,3443.05447,"{'ZERO': '0.000100120144173007609130957', 'MAKER_A_0.2BP': '0.000060116939431335522268329', 'MAKER_B_0.5BP': '1.15132409178499825509E-7', 'STRESS_1BP': '-0.0000998798798534243491950364'}",10,0.010012014417300760913095700,1,2026-01-12,7331083.00000000,3934285.00000000
0.00005004253615573237251663914327,3.23039700,26.17706360,40.82433820,77.08107644,1799,1.000900810729656691021920000,0.9992,11322,2543,0.9991,17087,1884,853.377756,"{'ZERO': '0.000100090081072965669102192', 'MAKER_A_0.2BP': '0.000060086877533793533918132', 'MAKER_B_0.5BP': '8.5072315296256005937E-8', 'STRESS_1BP': '-0.0000999099369414474827164466'}",1,0.010009008107296566910219200,1,2026-01-13,15048812.00000000,14214016.00000000
0.00005003252113874018111772652224,1.80507000,21.78485550,35.93014250,134.02792100,756,1.000700490343240268187730000,0.9994,6442,1464,0.9993,11324,1499,32166.528107,"{'ZERO': '0.000100070049034324026818773', 'MAKER_A_0.2BP': '0.000060066846296417411989997', 'MAKER_B_0.5BP': '6.5042279758322701297E-8', 'STRESS_1BP': '-0.0000999299649740819973841703'}",2,0.010007004903432402681877300,1,2026-01-13,6174947.00000000,12747366.00000000
0.00005003752814610958218663997998,1.74050850,16.66673090,25.45554650,87.38327991,744,1.000800640512409927942350000,0.9993,11324,1499,0.9992,11322,2543,22976.840236,"{'ZERO': '0.000100080064051240992794235', 'MAKER_A_0.2BP': '0.000060076860912741713140117', 'MAKER_B_0.5BP': '7.5056295223669561118E-8', 'STRESS_1BP': '-0.0000999199519599681344915949'}",3,0.010008006405124099279423500,1,2026-01-13,12747366.00000000,15048812.00000000
0.00005002751513332332783030666867,0.50383400,5.61584460,9.48657000,19.42372432,709,1.000600360216129677806680000,0.9995,9855,1157,0.9994,6442,1464,13373.338768,"{'ZERO': '0.000100060036021612967780668', 'MAKER_A_0.2BP': '0.000060056833684218851144290', 'MAKER_B_0.5BP': '5.5030268298472208669E-8', 'STRESS_1BP': '-0.0000999399759843907544406656'}",4,0.010006003602161296778066800,1,2026-01-13,10414631.00000000,6174947.00000000
0.00004992760497278945528982974687,0.46176000,10.57269060,19.45635955,112.11989820,568,0.998601957259836229279010000,1.0015,7381,1120,1.0014,7816,1011,1396.638532,"{'ZERO': '0.000099860195725983622927901', 'MAKER_A_0.2BP': '0.000059857001382041462426194', 'MAKER_B_0.5BP': '-1.447900443004612301839E-7', 'STRESS_1BP': '-0.0001001397763159573796964222'}",5,0.009986019572598362292790100,1,2026-01-13,10368252.00000000,12861431.00000000
0.00004992261993909440367430482752,0.66616400,9.19347680,20.96948760,339.47507098,555,0.998502246630054917623560000,1.0016,5127,882,1.0015,7381,1120,1423.316316,"{'ZERO': '0.000099850224663005491762356', 'MAKER_A_0.2BP': '0.000059847030717897873695047', 'MAKER_B_0.5BP': '-1.547601102221474048614E-7', 'STRESS_1BP': '-0.0001001497453849223165551643'}",6,0.009985022466300549176235600,1,2026-01-13,6692486.00000000,10368252.00000000
0.00004993757802746566791510611735,0.33991400,6.63394360,12.77558670,30.90502214,455,0.998801438274071114662410000,1.0013,5485,927,1.0012,4270,676,1041.281585,"{'ZERO': '0.000099880143827407111466241', 'MAKER_A_0.2BP': '0.000059876948685556852186967', 'MAKER_B_0.5BP': '-1.248439375873795203568E-7', 'STRESS_1BP': '-0.0001001198322037552537195342'}",7,0.009988014382740711146624100,1,2026-01-13,7176351.00000000,5021500.00000000
0.00004993259100214710141309232536,0.62999350,8.84276870,15.17651015,58.68682325,450,0.998701687805852391890540000,1.0014,7816,1011,1.0013,5485,927,1278.11574,"{'ZERO': '0.000099870168780585239189054', 'MAKER_A_0.2BP': '0.000059866974037728872906812', 'MAKER_B_0.5BP': '-1.348179869544423507877E-7', 'STRESS_1BP': '-0.0001001298052557672426106036'}",8,0.009987016878058523918905400,1,2026-01-13,12861431.00000000,7176351.00000000
0.00005002251012955830123555600020,0.87778000,13.67903440,21.40688580,67.28724176,449,1.000500250125062531265630000,0.9996,3478,608,0.9995,9855,1157,3875.777029,"{'ZERO': '0.000100050025012506253126563', 'MAKER_A_0.2BP': '0.000060046823075544492111659', 'MAKER_B_0.5BP': '4.5020260242615683123E-8', 'STRESS_1BP': '-0.0000999499849914958479139580'}",9,0.010005002501250625312656300,1,2026-01-13,3427738.00000000,10414631.00000000
0.00005000250012500625031251562578,0.84080700,9.11775420,18.82854565,81.11435449,420,1.000100010001000100010000000,1,7859,657,0.9999,5178,600,399.191508,"{'ZERO': '0.000100010001000100010001000', 'MAKER_A_0.2BP': '0.000060006800664066726666267', 'MAKER_B_0.5BP': '5.000250037503125344E-9', 'STRESS_1BP': '-0.0000999900009999000099990001'}",10,0.010001000100010001000100000,1,2026-01-13,12816023.00000000,7725198.00000000
0.00004998750312421894526368407898,1.42157350,16.39095330,29.92236310,116.60556787,1454,0.999800039992001599680060000,1.0003,11588,1805,1.0002,21151,2834,15300.265417,"{'ZERO': '0.000099980003999200159968006', 'MAKER_A_0.2BP': '0.000059976804863022915506497', 'MAKER_B_0.5BP': '-2.49937513122344282706E-8', 'STRESS_1BP': '-0.0001000199920019995600919812'}",1,0.009998000399920015996800600,1,2026-01-14,19608909.00000000,36315251.00000000
0.00004999250112483127530870369445,1.96155800,16.60362390,31.35169985,123.54329596,1380,0.999900009999000099990000000,1.0002,21151,2834,1.0001,23101,2531,4051.498448,"{'ZERO': '0.000099990000999900009999000', 'MAKER_A_0.2BP': '0.000059986801463850734984100', 'MAKER_B_0.5BP': '-1.49977502624718779060E-8', 'STRESS_1BP': '-0.0001000099970004999300089989'}",2,0.009999000099990000999900000,1,2026-01-14,36315251.00000000,35000256.00000000
0.00004999750012499375031248437578,1.58401350,11.98100950,18.86899850,42.86831975,1126,1.0000,1.0001,23101,2531,1,6134,1354,2482.849921,"{'ZERO': '0.0001', 'MAKER_A_0.2BP': '0.000059996800063998720025599', 'MAKER_B_0.5BP': '-4.9997500124993750312E-9', 'STRESS_1BP': '-0.0001'}",3,0.0100,1,2026-01-14,35000256.00000000,7337011.00000000
0.00004990268975497779330305903488,0.68604200,13.02309800,23.73853630,96.33169128,783,0.998103603154007385966660000,1.002,5617,855,1.0019,12518,1198,5094.293893,"{'ZERO': '0.000099810360315400738596666', 'MAKER_A_0.2BP': '0.000059807167964835133879217', 'MAKER_B_0.5BP': '-1.946204715914518676701E-7', 'STRESS_1BP': '-0.0001001896017604547560015932'}",4,0.009981036031540073859666600,1,2026-01-14,5549262.00000000,11396447.00000000
0.00004991265285749937609183928126,0.88095800,10.11073760,19.10528660,146.82940988,465,0.998302885095337925526600000,1.0018,4392,884,1.0017,6618,837,3807.666345,"{'ZERO': '0.000099830288509533792552660', 'MAKER_A_0.2BP': '0.000059827095361856364749514', 'MAKER_B_0.5BP': '-1.746942701781752282057E-7', 'STRESS_1BP': '-0.0001001696775515620046261322'}",5,0.009983028850953379255266000,1,2026-01-14,4832225.00000000,7702279.00000000
0.00004990767080900334381394420322,0.47789300,5.31010780,8.69838120,132.20724628,419,0.998203234178478738271110000,1.0019,12518,1198,1.0018,4392,884,4840.749356,"{'ZERO': '0.000099820323417847873827111', 'MAKER_A_0.2BP': '0.000059817130668766141546804', 'MAKER_B_0.5BP': '-1.846583654047483291637E-7', 'STRESS_1BP': '-0.0001001796406504288680734642'}",6,0.009982032341784787382711100,1,2026-01-14,11396447.00000000,4832225.00000000
0.00004997751012044579939027437653,1.45930300,13.53923740,22.47681780,168.26430008,417,0.999600159936025589764090000,1.0005,4491,540,1.0004,5131,768,18664.183567,"{'ZERO': '0.000099960015993602558976409', 'MAKER_A_0.2BP': '0.000059956817656929548334263', 'MAKER_B_0.5BP': '-4.49797582092106910048E-8', 'STRESS_1BP': '-0.0001000399760103957617033179'}",7,0.009996001599360255897640900,1,2026-01-14,6779714.00000000,11650990.00000000
0.00004991763590076373982928168522,0.64468700,8.39125040,16.94100150,252.75414360,375,0.998402555910543130990420000,1.0017,6618,837,1.0016,4747,689,3667.408775,"{'ZERO': '0.000099840255591054313099042', 'MAKER_A_0.2BP': '0.000059837062044701597980820', 'MAKER_B_0.5BP': '-1.647281853159738179225E-7', 'STRESS_1BP': '-0.0001001597124632584664856198'}",8,0.009984025559105431309904200,1,2026-01-14,7702279.00000000,5341530.00000000
0.00004992760497278945528982974687,0.78360750,12.39225130,24.98532320,169.20795069,342,0.998601957259836229279010000,1.0015,5187,656,1.0014,4312,585,3302.030872,"{'ZERO': '0.000099860195725983622927901', 'MAKER_A_0.2BP': '0.000059857001382041462426194', 'MAKER_B_0.5BP': '-1.447900443004612301839E-7', 'STRESS_1BP': '-0.0001001397763159573796964222'}",9,0.009986019572598362292790100,1,2026-01-14,7113520.00000000,6139405.00000000
0.00004998250612285700004998250612,2.97719800,22.86775160,39.79482530,3870.16177264,339,0.999700089973008097570730000,1.0004,5131,768,1.0003,11588,1805,17036.068536,"{'ZERO': '0.000099970008997300809757073', 'MAKER_A_0.2BP': '0.000059966810260915645427969', 'MAKER_B_0.5BP': '-3.49877537613672150542E-8', 'STRESS_1BP': '-0.0001000299850050984104828545'}",10,0.009997000899730080975707300,1,2026-01-14,11650990.00000000,19608909.00000000
0.00005002251012955830123555600020,1.22737800,10.33785120,16.83822800,44.10425222,1455,1.000500250125062531265630000,0.9996,19660,2606,0.9995,12145,2020,4382.033578,"{'ZERO': '0.000100050025012506253126563', 'MAKER_A_0.2BP': '0.000060046823075544492111659', 'MAKER_B_0.5BP': '4.5020260242615683123E-8', 'STRESS_1BP': '-0.0000999499849914958479139580'}",1,0.010005002501250625312656300,1,2026-01-15,20164660.00000000,15662845.00000000
0.00005001750612714450057520132046,1.48812250,18.10488740,30.06373800,135.61418596,1150,1.000400160064025610244100000,0.9997,12607,1842,0.9996,19660,2606,8468.973974,"{'ZERO': '0.000100040016006402561024410', 'MAKER_A_0.2BP': '0.000060036814469793037112447', 'MAKER_B_0.5BP': '3.5012254989491421787E-8', 'STRESS_1BP': '-0.0000999599919959984793837543'}",2,0.010004001600640256102441000,1,2026-01-15,12820482.00000000,20164660.00000000
0.00005003252113874018111772652224,1.35761100,16.13670650,25.60468375,60.92386270,736,1.000700490343240268187730000,0.9994,6638,1301,0.9993,7543,1240,10106.31689,"{'ZERO': '0.000100070049034324026818773', 'MAKER_A_0.2BP': '0.000060066846296417411989997', 'MAKER_B_0.5BP': '6.5042279758322701297E-8', 'STRESS_1BP': '-0.0000999299649740819973841703'}",3,0.010007004903432402681877300,1,2026-01-15,7578838.00000000,7647756.00000000
0.00005001250312578144536134033508,1.3447100,12.8497480,24.68901220,126.69372482,687,1.000300090027008102430730000,0.9998,5797,943,0.9997,12607,1842,11480.119847,"{'ZERO': '0.000100030009002700810243073', 'MAKER_A_0.2BP': '0.000060026807866363428958289', 'MAKER_B_0.5BP': '2.5006251938078298646E-8', 'STRESS_1BP': '-0.0000999699969984996098769637'}",4,0.010003000900270081024307300,1,2026-01-15,5062858.00000000,12820482.00000000
0.00005002751513332332783030666867,0.85961200,13.91673410,22.74718165,55.05108716,564,1.000600360216129677806680000,0.9995,12145,2020,0.9994,6638,1301,1273.543071,"{'ZERO': '0.000100060036021612967780668', 'MAKER_A_0.2BP': '0.000060056833684218851144290', 'MAKER_B_0.5BP': '5.5030268298472208669E-8', 'STRESS_1BP': '-0.0000999399759843907544406656'}",5,0.010006003602161296778066800,1,2026-01-15,15662845.00000000,7578838.00000000
0.00005003752814610958218663997998,2.42845000,20.69177860,38.79574480,90.40605620,503,1.000800640512409927942350000,0.9993,7543,1240,0.9992,4889,722,2760.387668,"{'ZERO': '0.000100080064051240992794235', 'MAKER_A_0.2BP': '0.000060076860912741713140117', 'MAKER_B_0.5BP': '7.5056295223669561118E-8', 'STRESS_1BP': '-0.0000999199519599681344915949'}",6,0.010008006405124099279423500,1,2026-01-15,7647756.00000000,4627688.00000000
0.00005000750112516877531629744462,3.49653900,32.50649200,43.91128400,126.78435852,257,1.000200040008001600320060000,0.9999,3140,474,0.9998,5797,943,23113.771405,"{'ZERO': '0.000100020004000800160032006', 'MAKER_A_0.2BP': '0.000060016803264654850931787', 'MAKER_B_0.5BP': '1.5002250487595644223E-8', 'STRESS_1BP': '-0.0000999799999995999599879980'}",7,0.010002000400080016003200600,1,2026-01-15,6844749.00000000,5062858.00000000
0.00004999750012499375031248437578,1.59472700,7.46596580,16.40037980,61.15980224,247,1.0000,1.0001,2192,401,1,1844,463,31435.32796,"{'ZERO': '0.0001', 'MAKER_A_0.2BP': '0.000059996800063998720025599', 'MAKER_B_0.5BP': '-4.9997500124993750312E-9', 'STRESS_1BP': '-0.0001'}",8,0.0100,1,2026-01-15,3714230.00000000,2504335.00000000
0.00005004253615573237251663914327,2.66228600,17.35099420,21.94465710,83.84513168,219,1.000900810729656691021920000,0.9992,4889,722,0.9991,568,219,116.990595,"{'ZERO': '0.000100090081072965669102192', 'MAKER_A_0.2BP': '0.000060086877533793533918132', 'MAKER_B_0.5BP': '8.5072315296256005937E-8', 'STRESS_1BP': '-0.0000999099369414474827164466'}",9,0.010009008107296566910219200,1,2026-01-15,4627688.00000000,226327.00000000
0.00005000250012500625031251562578,2.26724800,27.04582240,53.02152760,250.37384064,213,1.000100010001000100010000000,1,1844,463,0.9999,3140,474,26910.991253,"{'ZERO': '0.000100010001000100010001000', 'MAKER_A_0.2BP': '0.000060006800664066726666267', 'MAKER_B_0.5BP': '5.000250037503125344E-9', 'STRESS_1BP': '-0.0000999900009999000099990001'}",10,0.010001000100010001000100000,1,2026-01-15,2504335.00000000,6844749.00000000
0.00005003752814610958218663997998,3.11431800,27.03797120,40.90337760,84.72440700,725,1.000800640512409927942350000,0.9993,9991,1039,0.9992,9766,1321,11071.078661,"{'ZERO': '0.000100080064051240992794235', 'MAKER_A_0.2BP': '0.000060076860912741713140117', 'MAKER_B_0.5BP': '7.5056295223669561118E-8', 'STRESS_1BP': '-0.0000999199519599681344915949'}",1,0.010008006405124099279423500,1,2026-01-16,13770721.00000000,9217518.00000000
0.00005002251012955830123555600020,3.92587000,38.15259230,55.59894740,153.30165858,640,1.000500250125062531265630000,0.9996,9619,1128,0.9995,9529,967,6880.593329,"{'ZERO': '0.000100050025012506253126563', 'MAKER_A_0.2BP': '0.000060046823075544492111659', 'MAKER_B_0.5BP': '4.5020260242615683123E-8', 'STRESS_1BP': '-0.0000999499849914958479139580'}",2,0.010005002501250625312656300,1,2026-01-16,14784826.00000000,19820513.00000000
0.00005004253615573237251663914327,3.23089100,22.81194550,36.10522275,65.44671780,596,1.000900810729656691021920000,0.9992,9766,1321,0.9991,2842,675,1307.141395,"{'ZERO': '0.000100090081072965669102192', 'MAKER_A_0.2BP': '0.000060086877533793533918132', 'MAKER_B_0.5BP': '8.5072315296256005937E-8', 'STRESS_1BP': '-0.0000999099369414474827164466'}",3,0.010009008107296566910219200,1,2026-01-16,9217518.00000000,3285583.00000000
0.00005001750612714450057520132046,1.24955700,24.88221560,47.01431880,269.60953432,489,1.000400160064025610244100000,0.9997,7281,890,0.9996,9619,1128,13403.495828,"{'ZERO': '0.000100040016006402561024410', 'MAKER_A_0.2BP': '0.000060036814469793037112447', 'MAKER_B_0.5BP': '3.5012254989491421787E-8', 'STRESS_1BP': '-0.0000999599919959984793837543'}",4,0.010004001600640256102441000,1,2026-01-16,9800059.00000000,14784826.00000000
0.00005001250312578144536134033508,3.00238050,21.68143070,33.81854150,109.85616958,402,1.000300090027008102430730000,0.9998,7468,663,0.9997,7281,890,14854.884311,"{'ZERO': '0.000100030009002700810243073', 'MAKER_A_0.2BP': '0.000060026807866363428958289', 'MAKER_B_0.5BP': '2.5006251938078298646E-8', 'STRESS_1BP': '-0.0000999699969984996098769637'}",5,0.010003000900270081024307300,1,2026-01-16,8558629.00000000,9800059.00000000
0.00005002751513332332783030666867,3.63120900,33.32967950,50.07565965,222.92311776,328,1.000600360216129677806680000,0.9995,9529,967,0.9994,5056,642,9060.392547,"{'ZERO': '0.000100060036021612967780668', 'MAKER_A_0.2BP': '0.000060056833684218851144290', 'MAKER_B_0.5BP': '5.5030268298472208669E-8', 'STRESS_1BP': '-0.0000999399759843907544406656'}",6,0.010006003602161296778066800,1,2026-01-16,19820513.00000000,15268295.00000000
0.00005003252113874018111772652224,5.71920200,56.22552680,107.59934980,577.77278252,315,1.000700490343240268187730000,0.9994,5056,642,0.9993,9991,1039,21978.194613,"{'ZERO': '0.000100070049034324026818773', 'MAKER_A_0.2BP': '0.000060066846296417411989997', 'MAKER_B_0.5BP': '6.5042279758322701297E-8', 'STRESS_1BP': '-0.0000999299649740819973841703'}",7,0.010007004903432402681877300,1,2026-01-16,15268295.00000000,13770721.00000000
0.00005000750112516877531629744462,2.43838150,27.89122470,58.95743565,1159.89310074,260,1.000200040008001600320060000,0.9999,5377,434,0.9998,7468,663,20770.658862,"{'ZERO': '0.000100020004000800160032006', 'MAKER_A_0.2BP': '0.000060016803264654850931787', 'MAKER_B_0.5BP': '1.5002250487595644223E-8', 'STRESS_1BP': '-0.0000999799999995999599879980'}",8,0.010002000400080016003200600,1,2026-01-16,7985629.00000000,8558629.00000000
0.00005000250012500625031251562578,12.13352800,92.39198840,139.16333490,1011.93398210,175,1.000100010001000100010000000,1,984,179,0.9999,5377,434,24011.898569,"{'ZERO': '0.000100010001000100010001000', 'MAKER_A_0.2BP': '0.000060006800664066726666267', 'MAKER_B_0.5BP': '5.000250037503125344E-9', 'STRESS_1BP': '-0.0000999900009999000099990001'}",9,0.010001000100010001000100000,1,2026-01-16,1725241.00000000,7985629.00000000
0.00005004754516790951403833641960,1.95171500,13.24383140,23.23659340,48.21424018,79,1.001001001001001001001000000,0.9991,2842,675,0.999,148,79,51.520285,"{'ZERO': '0.000100100100100100100100100', 'MAKER_A_0.2BP': '0.000060096896160174894600206', 'MAKER_B_0.5BP': '9.5090340578066191786E-8', 'STRESS_1BP': '-0.0000998999199179181180981001'}",10,0.010010010010010010010010000,1,2026-01-16,3285583.00000000,123077.00000000
0.00005002751513332332783030666867,3.54105100,25.20160600,39.43257100,79.27896050,1071,1.000600360216129677806680000,0.9995,12190,1859,0.9994,6884,1606,7157.177795,"{'ZERO': '0.000100060036021612967780668', 'MAKER_A_0.2BP': '0.000060056833684218851144290', 'MAKER_B_0.5BP': '5.5030268298472208669E-8', 'STRESS_1BP': '-0.0000999399759843907544406656'}",1,0.010006003602161296778066800,1,2026-01-17,11563552.00000000,5654707.00000000
0.00005002251012955830123555600020,2.55366900,21.43897360,33.73329140,95.22073436,787,1.000500250125062531265630000,0.9996,7251,903,0.9995,12190,1859,18259.813749,"{'ZERO': '0.000100050025012506253126563', 'MAKER_A_0.2BP': '0.000060046823075544492111659', 'MAKER_B_0.5BP': '4.5020260242615683123E-8', 'STRESS_1BP': '-0.0000999499849914958479139580'}",2,0.010005002501250625312656300,1,2026-01-17,5655251.00000000,11563552.00000000
0.00005003252113874018111772652224,4.07954850,29.43568970,40.53327940,82.33575922,534,1.000700490343240268187730000,0.9994,6884,1606,0.9993,5253,695,2436.94157,"{'ZERO': '0.000100070049034324026818773', 'MAKER_A_0.2BP': '0.000060066846296417411989997', 'MAKER_B_0.5BP': '6.5042279758322701297E-8', 'STRESS_1BP': '-0.0000999299649740819973841703'}",3,0.010007004903432402681877300,1,2026-01-17,5654707.00000000,5220273.00000000
0.00005000750112516877531629744462,7.37798800,46.04020400,63.29904900,118.10788760,441,1.000200040008001600320060000,0.9999,904,441,0.9998,5778,644,2569.324172,"{'ZERO': '0.000100020004000800160032006', 'MAKER_A_0.2BP': '0.000060016803264654850931787', 'MAKER_B_0.5BP': '1.5002250487595644223E-8', 'STRESS_1BP': '-0.0000999799999995999599879980'}",4,0.010002000400080016003200600,1,2026-01-17,231454.00000000,5638259.00000000
0.00005001250312578144536134033508,3.24402500,25.11716880,39.86857190,68.10717056,202,1.000300090027008102430730000,0.9998,5778,644,0.9997,935,318,120.374774,"{'ZERO': '0.000100030009002700810243073', 'MAKER_A_0.2BP': '0.000060026807866363428958289', 'MAKER_B_0.5BP': '2.5006251938078298646E-8', 'STRESS_1BP': '-0.0000999699969984996098769637'}",5,0.010003000900270081024307300,1,2026-01-17,5638259.00000000,1423614.00000000
0.00005003752814610958218663997998,2.83433700,17.79123000,32.91873100,56.60132480,161,1.000800640512409927942350000,0.9993,5253,695,0.9992,315,161,89.717665,"{'ZERO': '0.000100080064051240992794235', 'MAKER_A_0.2BP': '0.000060076860912741713140117', 'MAKER_B_0.5BP': '7.5056295223669561118E-8', 'STRESS_1BP': '-0.0000999199519599681344915949'}",6,0.010008006405124099279423500,1,2026-01-17,5220273.00000000,104930.00000000
0.00005001750612714450057520132046,3.49014800,23.93454000,37.47101460,84.30742582,115,1.000400160064025610244100000,0.9997,935,318,0.9996,7251,903,35662.251836,"{'ZERO': '0.000100040016006402561024410', 'MAKER_A_0.2BP': '0.000060036814469793037112447', 'MAKER_B_0.5BP': '3.5012254989491421787E-8', 'STRESS_1BP': '-0.0000999599919959984793837543'}",7,0.010004001600640256102441000,1,2026-01-17,1423614.00000000,5655251.00000000
0.0001000500250125062531265632816,2899.81051300,13642.40433760,15923.15074880,17747.74787776,5,2.001200720432259355613370000,0.9996,7251,903,0.9994,6884,1606,18203.89716,"{'ZERO': '0.000200120072043225935561337', 'MAKER_A_0.2BP': '0.000160112867384437382294980', 'MAKER_B_0.5BP': '0.000100105060786584445042307', 'STRESS_1BP': '1.00050031018511116669E-7'}",8,0.020012007204322593556133700,2,2026-01-17,5655251.00000000,5654707.00000000
0.0001000700490343240268187731412,1070.99935150,2238.22804450,2337.25511275,2416.47676735,4,2.001601281024819855884710000,0.9994,6884,1606,0.9992,315,161,2436.282181,"{'ZERO': '0.000200160128102481985588471', 'MAKER_A_0.2BP': '0.000160152921841483106286633', 'MAKER_B_0.5BP': '0.000100145112840434839747204', 'STRESS_1BP': '1.40098079863751014810E-7'}",9,0.020016012810248198558847100,2,2026-01-17,5654707.00000000,104930.00000000
0.0001000200040008001600320064013,1807.40243500,2359.60180810,2460.67007605,2541.52469041,4,2.000600180054016204861460000,0.9999,904,441,0.9997,935,318,2561.738344,"{'ZERO': '0.000200060018005401620486146', 'MAKER_A_0.2BP': '0.000160052815748726537922978', 'MAKER_B_0.5BP': '0.000100045012753863657222260', 'STRESS_1BP': '4.0008002800800244073E-8'}",10,0.020006001800540162048614600,2,2026-01-17,231454.00000000,1423614.00000000
0.00005002751513332332783030666867,2.82686250,28.76764550,48.77138700,112.04932940,1696,1.000600360216129677806680000,0.9995,17082,2759,0.9994,11348,2045,5075.462467,"{'ZERO': '0.000100060036021612967780668', 'MAKER_A_0.2BP': '0.000060056833684218851144290', 'MAKER_B_0.5BP': '5.5030268298472208669E-8', 'STRESS_1BP': '-0.0000999399759843907544406656'}",1,0.010006003602161296778066800,1,2026-01-18,15302090.00000000,7991038.00000000
0.00005002251012955830123555600020,3.6484200,36.32914020,55.34302900,123.11705494,1063,1.000500250125062531265630000,0.9996,7478,1341,0.9995,17082,2759,21239.176434,"{'ZERO': '0.000100050025012506253126563', 'MAKER_A_0.2BP': '0.000060046823075544492111659', 'MAKER_B_0.5BP': '4.5020260242615683123E-8', 'STRESS_1BP': '-0.0000999499849914958479139580'}",2,0.010005002501250625312656300,1,2026-01-18,8481529.00000000,15302090.00000000
0.00005004754516790951403833641960,0.25910800,3.63209820,7.67857190,19.09668586,443,1.001001001001001001001000000,0.9991,2361,502,0.999,2795,443,47.01188,"{'ZERO': '0.000100100100100100100100100', 'MAKER_A_0.2BP': '0.000060096896160174894600206', 'MAKER_B_0.5BP': '9.5090340578066191786E-8', 'STRESS_1BP': '-0.0000998999199179181180981001'}",3,0.010010010010010010010010000,1,2026-01-18,1797683.00000000,3747234.00000000
0.00005003252113874018111772652224,0.89110400,11.40131870,17.96616705,66.74463205,348,1.000700490343240268187730000,0.9994,11348,2045,0.9993,3162,461,522.526201,"{'ZERO': '0.000100070049034324026818773', 'MAKER_A_0.2BP': '0.000060066846296417411989997', 'MAKER_B_0.5BP': '6.5042279758322701297E-8', 'STRESS_1BP': '-0.0000999299649740819973841703'}",4,0.010007004903432402681877300,1,2026-01-18,7991038.00000000,3058877.00000000
0.00005001750612714450057520132046,1.24122850,18.69018610,38.22544795,565.89193983,278,1.000400160064025610244100000,0.9997,1293,278,0.9996,7478,1341,38833.459031,"{'ZERO': '0.000100040016006402561024410', 'MAKER_A_0.2BP': '0.000060036814469793037112447', 'MAKER_B_0.5BP': '3.5012254989491421787E-8', 'STRESS_1BP': '-0.0000999599919959984793837543'}",5,0.010004001600640256102441000,1,2026-01-18,1114520.00000000,8481529.00000000
0.00005003752814610958218663997998,0.49193950,9.35102430,12.52928400,26.82454329,112,1.000800640512409927942350000,0.9993,3162,461,0.9992,1110,171,27.730053,"{'ZERO': '0.000100080064051240992794235', 'MAKER_A_0.2BP': '0.000060076860912741713140117', 'MAKER_B_0.5BP': '7.5056295223669561118E-8', 'STRESS_1BP': '-0.0000999199519599681344915949'}",6,0.010008006405124099279423500,1,2026-01-18,3058877.00000000,940593.00000000
0.00005004253615573237251663914327,0.45307600,6.35279420,14.83644610,22.30453413,58,1.000900810729656691021920000,0.9992,1110,171,0.9991,2361,502,24.293886,"{'ZERO': '0.000100090081072965669102192', 'MAKER_A_0.2BP': '0.000060086877533793533918132', 'MAKER_B_0.5BP': '8.5072315296256005937E-8', 'STRESS_1BP': '-0.0000999099369414474827164466'}",7,0.010009008107296566910219200,1,2026-01-18,940593.00000000,1797683.00000000
0.0001000500250125062531265632816,7479.50330050,18817.14081620,19993.06919510,20933.81189822,4,2.001200720432259355613370000,0.9996,7478,1341,0.9994,11348,2045,21168.997574,"{'ZERO': '0.000200120072043225935561337', 'MAKER_A_0.2BP': '0.000160112867384437382294980', 'MAKER_B_0.5BP': '0.000100105060786584445042307', 'STRESS_1BP': '1.00050031018511116669E-7'}",8,0.020012007204322593556133700,2,2026-01-18,8481529.00000000,7991038.00000000
0.0001000400160064025610244097639,10698.97328000,39809.77194560,43448.62177880,46359.70164536,3,2.001000500250125062531270000,0.9997,1293,278,0.9995,17082,2759,47087.471612,"{'ZERO': '0.000200100050025012506253127', 'MAKER_A_0.2BP': '0.000160092846167088664229717', 'MAKER_B_0.5BP': '0.000100085040770472731991214', 'STRESS_1BP': '8.0032016808324170084E-8'}",9,0.020010005002501250625312700,2,2026-01-18,1114520.00000000,15302090.00000000
0.0001000700490343240268187731412,312.20550400,458.16624800,476.41134100,491.00741540,2,2.001601281024819855884710000,0.9994,11348,2045,0.9992,1110,171,494.656434,"{'ZERO': '0.000200160128102481985588471', 'MAKER_A_0.2BP': '0.000160152921841483106286633', 'MAKER_B_0.5BP': '0.000100145112840434839747204', 'STRESS_1BP': '1.40098079863751014810E-7'}",10,0.020016012810248198558847100,2,2026-01-18,7991038.00000000,940593.00000000
0.00005004253615573237251663914327,1.98745700,15.51760600,24.01342650,57.98409690,4111,1.000900810729656691021920000,0.9992,30287,5018,0.9991,39425,6465,6164.67546,"{'ZERO': '0.000100090081072965669102192', 'MAKER_A_0.2BP': '0.000060086877533793533918132', 'MAKER_B_0.5BP': '8.5072315296256005937E-8', 'STRESS_1BP': '-0.0000999099369414474827164466'}",1,0.010009008107296566910219200,1,2026-01-19,29510014.00000000,44544769.00000000
0.00005004754516790951403833641960,0.54108000,6.89403640,13.50400120,41.00043220,2353,1.001001001001001001001000000,0.9991,39425,6465,0.999,19038,3320,1349.51012,"{'ZERO': '0.000100100100100100100100100', 'MAKER_A_0.2BP': '0.000060096896160174894600206', 'MAKER_B_0.5BP': '9.5090340578066191786E-8', 'STRESS_1BP': '-0.0000998999199179181180981001'}",2,0.010010010010010010010010000,1,2026-01-19,44544769.00000000,18302481.00000000
0.00005005255518294208919365333600,0.54067350,5.10570050,8.64140400,15.70620255,966,1.001101211332465712283510000,0.999,19038,3320,0.9989,4072,1076,699.151762,"{'ZERO': '0.000100110121133246571228351', 'MAKER_A_0.2BP': '0.000060106916792488056535796', 'MAKER_B_0.5BP': '1.05110371671325333523E-7', 'STRESS_1BP': '-0.0000998899008887778756412075'}",3,0.010011012113324657122835100,1,2026-01-19,18302481.00000000,5148481.00000000
0.00005003752814610958218663997998,2.06524500,16.29031180,24.34797890,89.58015260,907,1.000800640512409927942350000,0.9993,5773,1050,0.9992,30287,5018,20131.565759,"{'ZERO': '0.000100080064051240992794235', 'MAKER_A_0.2BP': '0.000060076860912741713140117', 'MAKER_B_0.5BP': '7.5056295223669561118E-8', 'STRESS_1BP': '-0.0000999199519599681344915949'}",4,0.010008006405124099279423500,1,2026-01-19,5878300.00000000,29510014.00000000
0.00005003252113874018111772652224,3.06409700,22.39366520,33.97334880,78.33612204,143,1.000700490343240268187730000,0.9994,322,143,0.9993,5773,1050,10323.729581,"{'ZERO': '0.000100070049034324026818773', 'MAKER_A_0.2BP': '0.000060066846296417411989997', 'MAKER_B_0.5BP': '6.5042279758322701297E-8', 'STRESS_1BP': '-0.0000999299649740819973841703'}",5,0.010007004903432402681877300,1,2026-01-19,84072.00000000,5878300.00000000
0.00005005756620113130099614556740,0.67460400,5.01143020,7.22793760,9.37426288,109,1.001201441730076091309570000,0.9989,4072,1076,0.9988,212,109,14.600734,"{'ZERO': '0.000100120144173007609130957', 'MAKER_A_0.2BP': '0.000060116939431335522268329', 'MAKER_B_0.5BP': '1.15132409178499825509E-7', 'STRESS_1BP': '-0.0000998798798534243491950364'}",6,0.010012014417300760913095700,1,2026-01-19,5148481.00000000,113136.00000000
0.0001000900810729656691021919728,471.10100200,2588.46931680,3936.24045660,5710.55094732,19,2.002002002002002002002000000,0.9992,30287,5018,0.999,19038,3320,6154.12857,"{'ZERO': '0.000200200200200200200200200', 'MAKER_A_0.2BP': '0.000160192992336349469206812', 'MAKER_B_0.5BP': '0.000100185180931143633008540', 'STRESS_1BP': '1.80162163963783801800E-7'}",7,0.020020020020020020020020000,2,2026-01-19,29510014.00000000,18302481.00000000
0.0001001001001001001001001001001,355.90771800,916.59838300,1128.22749100,1297.53077740,9,2.002202422664931424567020000,0.9991,39425,6465,0.9989,4072,1076,1339.856599,"{'ZERO': '0.000200220242266493142456702', 'MAKER_A_0.2BP': '0.000160213033600975793077992', 'MAKER_B_0.5BP': '0.000100205220993330151292015', 'STRESS_1BP': '2.00200222244268715585E-7'}",8,0.020022024226649314245670200,2,2026-01-19,44544769.00000000,5148481.00000000
0.0001000800640512409927942353883,3568.70142000,14688.29820850,17687.54455325,20086.94162905,6,2.001801621459313382043840000,0.9993,5773,1050,0.9991,39425,6465,20686.790898,"{'ZERO': '0.000200180162145931338204384', 'MAKER_A_0.2BP': '0.000160172955083586747842663', 'MAKER_B_0.5BP': '0.000100165144880580012636842', 'STRESS_1BP': '1.60128116905054565107E-7'}",9,0.020018016214593133820438400,2,2026-01-19,5878300.00000000,44544769.00000000
0.0001501426355037285421150092588,1514.52126900,3477.24575780,3722.58631890,3918.85876778,3,3.003303633997397136850540000,0.9992,30287,5018,0.9989,4072,1076,3967.92688,"{'ZERO': '0.000300330363399739713685054', 'MAKER_A_0.2BP': '0.000260319150409463529620187', 'MAKER_B_0.5BP': '0.000200305331614988977250507', 'STRESS_1BP': '0.000100290301333266413072378'}",10,0.030033036339973971368505400,3,2026-01-19,29510014.00000000,5148481.00000000
0.00005005756620113130099614556740,0.98054250,8.17939730,12.53202785,27.89514352,2624,1.001201441730076091309570000,0.9989,22844,3968,0.9988,14706,3604,11235.88109,"{'ZERO': '0.000100120144173007609130957', 'MAKER_A_0.2BP': '0.000060116939431335522268329', 'MAKER_B_0.5BP': '1.15132409178499825509E-7', 'STRESS_1BP': '-0.0000998798798534243491950364'}",1,0.010012014417300760913095700,1,2026-01-20,31374719.00000000,13671531.00000000
0.00005006759124818504981725329194,0.85435400,7.54801320,12.53045350,29.46988648,2047,1.001401962747846985780090000,0.9987,16203,3027,0.9986,19262,3015,1106.209885,"{'ZERO': '0.000100140196274784698578009', 'MAKER_A_0.2BP': '0.000060136990731044581992398', 'MAKER_B_0.5BP': '1.35182505845667059727E-7', 'STRESS_1BP': '-0.0000998598317616666132305255'}",2,0.010014019627478469857800900,1,2026-01-20,20257407.00000000,30279978.00000000
0.00005005255518294208919365333600,1.53091100,11.64166120,18.82240090,52.22735362,1343,1.001101211332465712283510000,0.999,11030,1652,0.9989,22844,3968,20071.509345,"{'ZERO': '0.000100110121133246571228351', 'MAKER_A_0.2BP': '0.000060106916792488056535796', 'MAKER_B_0.5BP': '1.05110371671325333523E-7', 'STRESS_1BP': '-0.0000998899008887778756412075'}",3,0.010011012113324657122835100,1,2026-01-20,9976253.00000000,31374719.00000000
0.00005006257822277847309136420526,1.00224600,9.15193120,15.02324240,43.26048048,979,1.001301692199859817763090000,0.9988,14706,3604,0.9987,16203,3027,3704.495048,"{'ZERO': '0.000100130169219985981776309', 'MAKER_A_0.2BP': '0.000060126964077320035655961', 'MAKER_B_0.5BP': '1.25156453702297362352E-7', 'STRESS_1BP': '-0.0000998698568112548913327352'}",4,0.010013016921998598177630900,1,2026-01-20,13671531.00000000,20257407.00000000
0.00005007260527765259626458364629,0.75280700,7.15528260,9.78408480,22.82158096,967,1.001502253380070105157740000,0.9986,19262,3015,0.9985,5094,1484,15915.004674,"{'ZERO': '0.000100150225338007010515774', 'MAKER_A_0.2BP': '0.000060147019393112388127801', 'MAKER_B_0.5BP': '1.45210566211799575269E-7', 'STRESS_1BP': '-0.0000998498047040563845468232'}",5,0.010015022533800701051577400,1,2026-01-20,30279978.00000000,5533400.00000000
0.00005008263634997746281364251014,0.90333700,9.21644320,15.55428760,28.65490404,953,1.001702894921366322748670000,0.9984,10132,1469,0.9983,4277,1039,911.282185,"{'ZERO': '0.000100170289492136632274867', 'MAKER_A_0.2BP': '0.000060167082744691895704308', 'MAKER_B_0.5BP': '1.65272714026324127047E-7', 'STRESS_1BP': '-0.0000998297445623563457537848'}",6,0.010017028949213663227486700,1,2026-01-20,12920358.00000000,6520457.00000000
0.00005004253615573237251663914327,4.01121200,18.06301210,26.08853085,58.54703408,582,1.000900810729656691021920000,0.9992,5278,582,0.9991,12682,891,32354.755313,"{'ZERO': '0.000100090081072965669102192', 'MAKER_A_0.2BP': '0.000060086877533793533918132', 'MAKER_B_0.5BP': '8.5072315296256005937E-8', 'STRESS_1BP': '-0.0000999099369414474827164466'}",7,0.010009008107296566910219200,1,2026-01-20,8648150.00000000,16235018.00000000
0.00005007762031148279833742300566,1.73645950,11.64831950,19.27517625,118.30828135,516,1.001602564102564102564100000,0.9985,5094,1484,0.9984,10132,1469,3698.339177,"{'ZERO': '0.000100160256410256410256410', 'MAKER_A_0.2BP': '0.000060157050064126922589753', 'MAKER_B_0.5BP': '1.55240635404127229536E-7', 'STRESS_1BP': '-0.0000998397756378208333012853'}",8,0.010016025641025641025641000,1,2026-01-20,5533400.00000000,12920358.00000000
0.00005004754516790951403833641960,2.18961000,14.56845760,25.08034120,40.48311656,309,1.001001001001001001001000000,0.9991,12682,891,0.999,11030,1652,31961.620617,"{'ZERO': '0.000100100100100100100100100', 'MAKER_A_0.2BP': '0.000060096896160174894600206', 'MAKER_B_0.5BP': '9.5090340578066191786E-8', 'STRESS_1BP': '-0.0000998999199179181180981001'}",9,0.010010010010010010010010000,1,2026-01-20,16235018.00000000,9976253.00000000
0.00005008765339343851740545955422,0.70522800,3.00275450,4.72901250,8.29192770,86,1.001803245842516529753560000,0.9983,4277,1039,0.9982,147,86,10.951763,"{'ZERO': '0.000100180324584251652975356', 'MAKER_A_0.2BP': '0.000060177117435411259717102', 'MAKER_B_0.5BP': '1.75306802682306277393E-7', 'STRESS_1BP': '-0.0000998197114770590662833136'}",10,0.010018032458425165297535600,1,2026-01-20,6520457.00000000,160389.00000000
0.00005006759124818504981725329194,0.84234850,8.51234530,13.30604910,36.08366027,3200,1.001401962747846985780090000,0.9987,28116,5912,0.9986,32243,5158,8404.059563,"{'ZERO': '0.000100140196274784698578009', 'MAKER_A_0.2BP': '0.000060136990731044581992398', 'MAKER_B_0.5BP': '1.35182505845667059727E-7', 'STRESS_1BP': '-0.0000998598317616666132305255'}",1,0.010014019627478469857800900,1,2026-01-21,19583850.00000000,27607515.00000000
0.00005006257822277847309136420526,0.85788800,8.8651420,14.76809280,33.97342220,2713,1.001301692199859817763090000,0.9988,22272,3965,0.9987,28116,5912,28600.335389,"{'ZERO': '0.000100130169219985981776309', 'MAKER_A_0.2BP': '0.000060126964077320035655961', 'MAKER_B_0.5BP': '1.25156453702297362352E-7', 'STRESS_1BP': '-0.0000998698568112548913327352'}",2,0.010013016921998598177630900,1,2026-01-21,22356751.00000000,19583850.00000000
0.00005007260527765259626458364629,1.42974100,11.71492140,18.43451130,38.87839976,1959,1.001502253380070105157740000,0.9986,32243,5158,0.9985,7214,2053,1518.416121,"{'ZERO': '0.000100150225338007010515774', 'MAKER_A_0.2BP': '0.000060147019393112388127801', 'MAKER_B_0.5BP': '1.45210566211799575269E-7', 'STRESS_1BP': '-0.0000998498047040563845468232'}",3,0.010015022533800701051577400,1,2026-01-21,27607515.00000000,6120743.00000000
0.00005005255518294208919365333600,1.01034300,9.65610600,15.24206090,38.90750872,1583,1.001101211332465712283510000,0.999,15525,2471,0.9989,19128,2835,34509.609646,"{'ZERO': '0.000100110121133246571228351', 'MAKER_A_0.2BP': '0.000060106916792488056535796', 'MAKER_B_0.5BP': '1.05110371671325333523E-7', 'STRESS_1BP': '-0.0000998899008887778756412075'}",4,0.010011012113324657122835100,1,2026-01-21,17040717.00000000,18840650.00000000
0.00005005756620113130099614556740,0.77538000,7.93939680,13.12561660,30.05588872,1253,1.001201441730076091309570000,0.9989,19128,2835,0.9988,22272,3965,34226.455308,"{'ZERO': '0.000100120144173007609130957', 'MAKER_A_0.2BP': '0.000060116939431335522268329', 'MAKER_B_0.5BP': '1.15132409178499825509E-7', 'STRESS_1BP': '-0.0000998798798534243491950364'}",5,0.010012014417300760913095700,1,2026-01-21,18840650.00000000,22356751.00000000
0.00005004754516790951403833641960,0.57899050,9.17977100,18.31524765,49.19288982,888,1.001001001001001001001000000,0.9991,4075,890,0.999,15525,2471,38685.576134,"{'ZERO': '0.000100100100100100100100100', 'MAKER_A_0.2BP': '0.000060096896160174894600206', 'MAKER_B_0.5BP': '9.5090340578066191786E-8', 'STRESS_1BP': '-0.0000998999199179181180981001'}",6,0.010010010010010010010010000,1,2026-01-21,3085886.00000000,17040717.00000000
0.00005008263634997746281364251014,0.77862850,7.85729450,11.53063825,31.83134005,136,1.001702894921366322748670000,0.9984,1189,230,0.9983,1246,149,121.200449,"{'ZERO': '0.000100170289492136632274867', 'MAKER_A_0.2BP': '0.000060167082744691895704308', 'MAKER_B_0.5BP': '1.65272714026324127047E-7', 'STRESS_1BP': '-0.0000998297445623563457537848'}",7,0.010017028949213663227486700,1,2026-01-21,1372744.00000000,1890696.00000000
0.00005007762031148279833742300566,1.14988000,7.23563000,18.72469445,90.58485993,94,1.001602564102564102564100000,0.9985,7214,2053,0.9984,1189,230,889.130289,"{'ZERO': '0.000100160256410256410256410', 'MAKER_A_0.2BP': '0.000060157050064126922589753', 'MAKER_B_0.5BP': '1.55240635404127229536E-7', 'STRESS_1BP': '-0.0000998397756378208333012853'}",8,0.010016025641025641025641000,1,2026-01-21,6120743.00000000,1372744.00000000
0.00005008765339343851740545955422,0.21778400,1.09161000,1.49756620,1.90544284,13,1.001803245842516529753560000,0.9983,1246,149,0.9982,13,13,2.007412,"{'ZERO': '0.000100180324584251652975356', 'MAKER_A_0.2BP': '0.000060177117435411259717102', 'MAKER_B_0.5BP': '1.75306802682306277393E-7', 'STRESS_1BP': '-0.0000998197114770590662833136'}",9,0.010018032458425165297535600,1,2026-01-21,1890696.00000000,36836.00000000
0.0001001401962747846985780092129,685.06637300,7634.30878700,7995.87218300,8285.12289980,11,2.003004506760140210315470000,0.9987,28116,5912,0.9985,7214,2053,8357.435579,"{'ZERO': '0.000200300450676014021031547', 'MAKER_A_0.2BP': '0.000160293238802224456262001', 'MAKER_B_0.5BP': '0.000100285421382411099775507', 'STRESS_1BP': '2.80392591687250904354E-7'}",10,0.020030045067601402103154700,2,2026-01-21,19583850.00000000,6120743.00000000
0.00005006257822277847309136420526,1.24110300,9.90339460,15.45449140,39.51188456,3545,1.001301692199859817763090000,0.9988,43880,5667,0.9987,31217,4729,5125.506942,"{'ZERO': '0.000100130169219985981776309', 'MAKER_A_0.2BP': '0.000060126964077320035655961', 'MAKER_B_0.5BP': '1.25156453702297362352E-7', 'STRESS_1BP': '-0.0000998698568112548913327352'}",1,0.010013016921998598177630900,1,2026-01-22,40550594.00000000,27522303.00000000
0.00005005756620113130099614556740,2.17468800,13.45485900,24.54419800,125.20264600,2121,1.001201441730076091309570000,0.9989,22514,3372,0.9988,43880,5667,11505.139992,"{'ZERO': '0.000100120144173007609130957', 'MAKER_A_0.2BP': '0.000060116939431335522268329', 'MAKER_B_0.5BP': '1.15132409178499825509E-7', 'STRESS_1BP': '-0.0000998798798534243491950364'}",2,0.010012014417300760913095700,1,2026-01-22,23254614.00000000,40550594.00000000
0.00005005255518294208919365333600,1.53488900,11.74263490,19.7100005,142.71669860,1250,1.001101211332465712283510000,0.999,7961,1303,0.9989,22514,3372,18287.102793,"{'ZERO': '0.000100110121133246571228351', 'MAKER_A_0.2BP': '0.000060106916792488056535796', 'MAKER_B_0.5BP': '1.05110371671325333523E-7', 'STRESS_1BP': '-0.0000998899008887778756412075'}",3,0.010011012113324657122835100,1,2026-01-22,5983877.00000000,23254614.00000000
0.00005006759124818504981725329194,0.72184300,7.54730260,13.46327620,32.81220074,1183,1.001401962747846985780090000,0.9987,31217,4729,0.9986,2764,1183,137.874255,"{'ZERO': '0.000100140196274784698578009', 'MAKER_A_0.2BP': '0.000060136990731044581992398', 'MAKER_B_0.5BP': '1.35182505845667059727E-7', 'STRESS_1BP': '-0.0000998598317616666132305255'}",4,0.010014019627478469857800900,1,2026-01-22,27522303.00000000,869662.00000000
0.00005004754516790951403833641960,2.53904350,18.81927720,49.74053285,1262.68369218,52,1.001001001001001001001000000,0.9991,97,52,0.999,7961,1303,2264.456181,"{'ZERO': '0.000100100100100100100100100', 'MAKER_A_0.2BP': '0.000060096896160174894600206', 'MAKER_B_0.5BP': '9.5090340578066191786E-8', 'STRESS_1BP': '-0.0000998999199179181180981001'}",5,0.010010010010010010010010000,1,2026-01-22,24568.00000000,5983877.00000000
0.0001001201441730076091309571486,245.03010600,4107.07731960,8556.24560875,10927.06905599,22,2.002603384399719635526180000,0.9989,22514,3372,0.9987,31217,4729,11498.557109,"{'ZERO': '0.000200260338439971963552618', 'MAKER_A_0.2BP': '0.000160253128170639751318321', 'MAKER_B_0.5BP': '0.000100245313157392095349673', 'STRESS_1BP': '2.40288377290237332530E-7'}",6,0.020026033843997196355261800,2,2026-01-22,23254614.00000000,27522303.00000000
0.0001001301692199859817763092020,292.56531550,1325.39464400,2328.68808150,4554.25041390,16,2.002803925495693971560180000,0.9988,43880,5667,0.9986,2764,1183,5110.640997,"{'ZERO': '0.000200280392549569397156018', 'MAKER_A_0.2BP': '0.000160273181478088843991195', 'MAKER_B_0.5BP': '0.000100265365261678834744423', 'STRESS_1BP': '2.60338476466793536949E-7'}",7,0.020028039254956939715601800,2,2026-01-22,40550594.00000000,869662.00000000
0.0001001101211332465712283511863,570.72662700,1798.99044880,8497.84056540,16290.74745708,13,2.002402883460152182619140000,0.999,7961,1303,0.9988,43880,5667,18238.97418,"{'ZERO': '0.000200240288346015218261914', 'MAKER_A_0.2BP': '0.000160233078878670724543058', 'MAKER_B_0.5BP': '0.000100225265068344500275987', 'STRESS_1BP': '2.20242292951321607927E-7'}",8,0.020024028834601521826191400,2,2026-01-22,5983877.00000000,40550594.00000000
0.0001501877346683354192740926158,7097.19365800,7807.35288600,7896.12278950,7967.13871230,2,3.004205888243540957340280000,0.9989,22514,3372,0.9986,2764,1183,7984.892693,"{'ZERO': '0.000300420588824354095734028', 'MAKER_A_0.2BP': '0.000260409372225133105989993', 'MAKER_B_0.5BP': '0.000200395548017512002429119', 'STRESS_1BP': '0.000100380508714600200304424'}",9,0.030042058882435409573402800,3,2026-01-22,23254614.00000000,869662.00000000
0.0001501726986033939029884367022,6810.97644150,11571.65062190,12166.73489445,12642.80231249,2,3.003905076599579453289280000,0.999,7961,1303,0.9987,31217,4729,12761.819167,"{'ZERO': '0.000300390507659957945328928', 'MAKER_A_0.2BP': '0.000260379292263959466980681', 'MAKER_B_0.5BP': '0.000200365469861081893336994', 'STRESS_1BP': '0.000100350433565835365997795'}",10,0.030039050765995794532892800,3,2026-01-22,5983877.00000000,27522303.00000000
0.00005008765339343851740545955422,1.04073200,9.64126620,17.11972070,43.74822514,3003,1.001803245842516529753560000,0.9983,26897,4319,0.9982,32546,4537,11843.119857,"{'ZERO': '0.000100180324584251652975356', 'MAKER_A_0.2BP': '0.000060177117435411259717102', 'MAKER_B_0.5BP': '1.75306802682306277393E-7', 'STRESS_1BP': '-0.0000998197114770590662833136'}",1,0.010018032458425165297535600,1,2026-01-23,29585093.00000000,39900697.00000000
0.00005009267144216801082001703151,1.04654500,13.34323360,25.18695720,86.59582592,1533,1.001903616872056908125440000,0.9982,32546,4537,0.9981,16735,1861,1931.763127,"{'ZERO': '0.000100190361687205690812544', 'MAKER_A_0.2BP': '0.000060187154136889208914549', 'MAKER_B_0.5BP': '1.85342901976231716417E-7', 'STRESS_1BP': '-0.0000998096763813248972668107'}",2,0.010019036168720569081254400,1,2026-01-23,39900697.00000000,24096124.00000000
0.00005008263634997746281364251014,0.84897700,8.43012720,13.74255570,50.41266010,1315,1.001702894921366322748670000,0.9984,15997,2326,0.9983,26897,4319,23693.916621,"{'ZERO': '0.000100170289492136632274867', 'MAKER_A_0.2BP': '0.000060167082744691895704308', 'MAKER_B_0.5BP': '1.65272714026324127047E-7', 'STRESS_1BP': '-0.0000998297445623563457537848'}",3,0.010017028949213663227486700,1,2026-01-23,15573962.00000000,29585093.00000000
0.00005006759124818504981725329194,2.34321200,14.06889600,22.70977500,41.99490850,1126,1.001401962747846985780090000,0.9987,7911,1166,0.9986,6254,1574,359.342767,"{'ZERO': '0.000100140196274784698578009', 'MAKER_A_0.2BP': '0.000060136990731044581992398', 'MAKER_B_0.5BP': '1.35182505845667059727E-7', 'STRESS_1BP': '-0.0000998598317616666132305255'}",4,0.010014019627478469857800900,1,2026-01-23,3907335.00000000,5889003.00000000
0.00005007762031148279833742300566,1.26019900,13.30822750,19.72219560,47.73712142,1010,1.001602564102564102564100000,0.9985,9814,1458,0.9984,15997,2326,42928.266379,"{'ZERO': '0.000100160256410256410256410', 'MAKER_A_0.2BP': '0.000060157050064126922589753', 'MAKER_B_0.5BP': '1.55240635404127229536E-7', 'STRESS_1BP': '-0.0000998397756378208333012853'}",5,0.010016025641025641025641000,1,2026-01-23,12174984.00000000,15573962.00000000
0.00005007260527765259626458364629,0.60956100,10.00208720,16.33555890,40.43841522,447,1.001502253380070105157740000,0.9986,6254,1574,0.9985,9814,1458,48109.180096,"{'ZERO': '0.000100150225338007010515774', 'MAKER_A_0.2BP': '0.000060147019393112388127801', 'MAKER_B_0.5BP': '1.45210566211799575269E-7', 'STRESS_1BP': '-0.0000998498047040563845468232'}",6,0.010015022533800701051577400,1,2026-01-23,5889003.00000000,12174984.00000000
0.00005009769049646811281999899805,0.81745050,9.02859780,13.40171005,25.37507505,328,1.002004008016032064128260000,0.9981,16735,1861,0.998,521,328,34.902303,"{'ZERO': '0.000100200400801603206412826', 'MAKER_A_0.2BP': '0.000060197192849730179745102', 'MAKER_B_0.5BP': '1.95381012512500627474E-7', 'STRESS_1BP': '-0.0000997996392745494989579198'}",7,0.010020040080160320641282600,1,2026-01-23,24096124.00000000,232451.00000000
0.00005006257822277847309136420526,5.45532700,22.57804720,147.33144305,4642.15494837,40,1.001301692199859817763090000,0.9988,116,40,0.9987,7911,1166,6102.303528,"{'ZERO': '0.000100130169219985981776309', 'MAKER_A_0.2BP': '0.000060126964077320035655961', 'MAKER_B_0.5BP': '1.25156453702297362352E-7', 'STRESS_1BP': '-0.0000998698568112548913327352'}",8,0.010013016921998598177630900,1,2026-01-23,29888.00000000,3907335.00000000
0.0001001903616872056908125438333,207.62273400,1014.22300560,1329.15388530,1643.98729146,15,2.004008016032064128256510000,0.9982,32546,4537,0.998,521,328,1722.695643,"{'ZERO': '0.000200400801603206412825651', 'MAKER_A_0.2BP': '0.000160393585715460039496605', 'MAKER_B_0.5BP': '0.000100385762275012501879916', 'STRESS_1BP': '3.80723450701022082161E-7'}",9,0.020040080160320641282565100,2,2026-01-23,39900697.00000000,232451.00000000
0.0001001803245842516529753556402,432.41199000,3784.44583550,7812.11992475,11034.25919615,10,2.003807233744113816250880000,0.9983,26897,4319,0.9981,16735,1861,11839.794014,"{'ZERO': '0.000200380723374411381625088', 'MAKER_A_0.2BP': '0.000160373508289778097835498', 'MAKER_B_0.5BP': '0.000100365686053939964057804', 'STRESS_1BP': '3.60649237150225464379E-7'}",10,0.020038072337441138162508800,2,2026-01-23,29585093.00000000,24096124.00000000
0.00005012782595618828011429144318,4.13695000,27.31813660,44.43073500,96.68257456,1252,1.002606777621816723481050000,0.9975,9199,1471,0.9974,6308,1463,1144.504005,"{'ZERO': '0.000100260677762181672348105', 'MAKER_A_0.2BP': '0.000060257467399278443145795', 'MAKER_B_0.5BP': '2.55651945696278450565E-7', 'STRESS_1BP': '-0.0000997393743681577300461251'}",1,0.010026067776218167234810500,1,2026-01-24,13218949.00000000,12605035.00000000
0.00005010773162298942726862754923,9.42065200,59.38430480,97.70885080,156.54421854,622,1.002204850671477249949890000,0.9979,3862,987,0.9978,6636,700,779.911564,"{'ZERO': '0.000100220485067147724994989', 'MAKER_A_0.2BP': '0.000060217276311920143637616', 'MAKER_B_0.5BP': '2.15463269730881064686E-7', 'STRESS_1BP': '-0.0000997795590254564441330972'}",2,0.010022048506714772499498900,1,2026-01-24,6777737.00000000,12615068.00000000
0.00005009769049646811281999899805,1.89802250,30.53220350,58.34973125,219.02945430,496,1.002004008016032064128260000,0.9981,2422,661,0.998,8175,861,4754.707127,"{'ZERO': '0.000100200400801603206412826', 'MAKER_A_0.2BP': '0.000060197192849730179745102', 'MAKER_B_0.5BP': '1.95381012512500627474E-7', 'STRESS_1BP': '-0.0000997996392745494989579198'}",3,0.010020040080160320641282600,1,2026-01-24,1464658.00000000,14270934.00000000
0.00005010271055664111428428277970,3.78256050,23.41720230,36.59126555,73.55924969,364,1.002104419280489026956610000,0.998,8175,861,0.9979,3862,987,4978.103879,"{'ZERO': '0.000100210441928048902695661', 'MAKER_A_0.2BP': '0.000060207233574538850940588', 'MAKER_B_0.5BP': '2.05421134895755462753E-7', 'STRESS_1BP': '-0.0000997896001561282893656721'}",4,0.010021044192804890269566100,1,2026-01-24,14270934.00000000,6777737.00000000
0.00005011777677542224226933293239,1.71579200,21.55014200,38.82876300,150.44046135,236,1.002405773857257417802730000,0.9977,1836,314,0.9976,3094,455,3162.207665,"{'ZERO': '0.000100240577385725741780273', 'MAKER_A_0.2BP': '0.000060237367826821490835620', 'MAKER_B_0.5BP': '2.35553579177496618353E-7', 'STRESS_1BP': '-0.0000997594707249403367602293'}",5,0.010024057738572574178027300,1,2026-01-24,2202455.00000000,5497968.00000000
0.00005012280086211217482832940705,2.82815200,32.79117840,64.66536895,1426.89525560,218,1.002506265664160401002510000,0.9976,3094,455,0.9975,9199,1471,22750.336539,"{'ZERO': '0.000100250626566416040100251', 'MAKER_A_0.2BP': '0.000060247416605552600727434', 'MAKER_B_0.5BP': '2.45601754999969299781E-7', 'STRESS_1BP': '-0.0000997494235538852129824612'}",6,0.010025062656641604010025100,1,2026-01-24,5497968.00000000,13218949.00000000
0.00005013285205795357697899433499,2.53096500,12.67591700,20.98440800,31.05885130,211,1.002707309736287977539360000,0.9974,6308,1463,0.9973,465,211,45.695851,"{'ZERO': '0.000100270730973628797753936', 'MAKER_A_0.2BP': '0.000060267520208605153074919', 'MAKER_B_0.5BP': '2.65704151872522687914E-7', 'STRESS_1BP': '-0.0000997293231671518499408457'}",7,0.010027073097362879775393600,1,2026-01-24,12605035.00000000,592450.00000000
0.00005009267144216801082001703151,2.30423250,14.61055310,25.68490825,36.68689362,164,1.001903616872056908125440000,0.9982,1192,166,0.9981,2422,661,46.7194,"{'ZERO': '0.000100190361687205690812544', 'MAKER_A_0.2BP': '0.000060187154136889208914549', 'MAKER_B_0.5BP': '1.85342901976231716417E-7', 'STRESS_1BP': '-0.0000998096763813248972668107'}",8,0.010019036168720569081254400,1,2026-01-24,1077491.00000000,1464658.00000000
0.00005011275369581558506639939865,4.22328800,39.12621400,47.96657100,150.17192672,77,1.002305302195048611807160000,0.9978,6636,700,0.9977,1836,314,269.972838,"{'ZERO': '0.000100230530219504861180716', 'MAKER_A_0.2BP': '0.000060227321062479221499062', 'MAKER_B_0.5BP': '2.25507417623004787417E-7', 'STRESS_1BP': '-0.0000997695158819288964157608'}",9,0.010023053021950486118071600,1,2026-01-24,12615068.00000000,2202455.00000000
0.0001002506265664160401002506266,804.49847550,8772.14928790,15757.20235695,21345.24481219,8,2.005213555243633446962100000,0.9976,3094,455,0.9974,6308,1463,22742.255426,"{'ZERO': '0.000200521355524363344696210', 'MAKER_A_0.2BP': '0.000160514134814556566297990', 'MAKER_B_0.5BP': '0.000100506304141380057526099', 'STRESS_1BP': '5.01253263484559905750E-7'}",10,0.020052135552436334469621000,2,2026-01-24,5497968.00000000,12605035.00000000
0.00005012782595618828011429144318,1.0811100,13.74261660,22.50344710,50.04644430,3059,1.002606777621816723481050000,0.9975,19655,3490,0.9974,22222,4798,12026.157942,"{'ZERO': '0.000100260677762181672348105', 'MAKER_A_0.2BP': '0.000060257467399278443145795', 'MAKER_B_0.5BP': '2.55651945696278450565E-7', 'STRESS_1BP': '-0.0000997393743681577300461251'}",1,0.010026067776218167234810500,1,2026-01-25,15327909.00000000,26398177.00000000
0.00005013285205795357697899433499,1.85219200,16.71964660,29.31803230,78.95562300,1739,1.002707309736287977539360000,0.9974,22222,4798,0.9973,17502,2978,7480.365979,"{'ZERO': '0.000100270730973628797753936', 'MAKER_A_0.2BP': '0.000060267520208605153074919', 'MAKER_B_0.5BP': '2.65704151872522687914E-7', 'STRESS_1BP': '-0.0000997293231671518499408457'}",2,0.010027073097362879775393600,1,2026-01-25,26398177.00000000,22044053.00000000
0.00005013787916771120581599398345,0.87356400,10.47626560,19.60876660,78.25025874,1239,1.002807862013638186923390000,0.9973,17502,2978,0.9972,13547,1928,7041.630261,"{'ZERO': '0.000100280786201363818692339', 'MAKER_A_0.2BP': '0.000060277575034139108633792', 'MAKER_B_0.5BP': '2.75758374135043749216E-7', 'STRESS_1BP': '-0.0000997192699502612915603746'}",3,0.010028078620136381869233900,1,2026-01-25,22044053.00000000,16048014.00000000
0.00005014290728576442862157147871,0.60409000,9.74110560,17.24390880,146.15505732,689,1.002908434459933808043330000,0.9972,13547,1928,0.9971,9937,1083,4388.369468,"{'ZERO': '0.000100290843445993380804333', 'MAKER_A_0.2BP': '0.000060287631876486931198093', 'MAKER_B_0.5BP': '2.85814613090426613962E-7', 'STRESS_1BP': '-0.0000997092147168795305806898'}",4,0.010029084344599338080433300,1,2026-01-25,16048014.00000000,14560737.00000000
0.00005012280086211217482832940705,0.66906700,9.05156540,17.59800290,655.92442284,430,1.002506265664160401002510000,0.9976,3985,487,0.9975,19655,3490,40696.319804,"{'ZERO': '0.000100250626566416040100251', 'MAKER_A_0.2BP': '0.000060247416605552600727434', 'MAKER_B_0.5BP': '2.45601754999969299781E-7', 'STRESS_1BP': '-0.0000997494235538852129824612'}",5,0.010025062656641604010025100,1,2026-01-25,3000574.00000000,15327909.00000000
0.00005014793641241662905571435735,0.84531850,6.68559120,10.42004930,30.50281573,394,1.003009027081243731193580000,0.9971,9937,1083,0.997,3110,771,3168.930129,"{'ZERO': '0.000100300902708124373119358', 'MAKER_A_0.2BP': '0.000060297690736255485522185', 'MAKER_B_0.5BP': '2.95872869345499625721E-7', 'STRESS_1BP': '-0.0000996991574663997993380201'}",6,0.010030090270812437311935800,1,2026-01-25,14560737.00000000,7966340.00000000
0.00005015296654797131250313456041,1.14694200,11.14644980,19.05267880,95.69940324,377,1.003109639883639281773500000,0.997,3110,771,0.9969,4792,637,1107.231971,"{'ZERO': '0.000100310963988363928177350', 'MAKER_A_0.2BP': '0.000060307751614051879861189', 'MAKER_B_0.5BP': '3.05933143507334614210E-7', 'STRESS_1BP': '-0.0000996890981982150867067973'}",7,0.010031096398836392817735000,1,2026-01-25,7966340.00000000,7475564.00000000
0.00005015799769273210613432311782,0.64155600,8.07366730,10.25074925,19.82904084,260,1.003210272873194221508830000,0.9969,4792,637,0.9968,1142,264,81.851523,"{'ZERO': '0.000100321027287319422150883', 'MAKER_A_0.2BP': '0.000060317814510483466093118', 'MAKER_B_0.5BP': '3.15995436183247017424E-7', 'STRESS_1BP': '-0.0000996790369117181379775345'}",8,0.010032102728731942215088300,1,2026-01-25,7475564.00000000,3414181.00000000
0.00005011777677542224226933293239,0.17181700,2.81664380,4.91938120,21655.19770520,57,1.002405773857257417802730000,0.9977,120,57,0.9976,3985,487,30912.267404,"{'ZERO': '0.000100240577385725741780273', 'MAKER_A_0.2BP': '0.000060237367826821490835620', 'MAKER_B_0.5BP': '2.35553579177496618353E-7', 'STRESS_1BP': '-0.0000997594707249403367602293'}",9,0.010024057738572574178027300,1,2026-01-25,69586.00000000,3000574.00000000
0.0001002807862013638186923385479,64.49357300,935.36940000,1431.77237600,5913.14192240,21,2.005816868919867616086650000,0.9973,17502,2978,0.9971,9937,1083,7033.484309,"{'ZERO': '0.000200581686891986761608665', 'MAKER_A_0.2BP': '0.000160574463768973542402585', 'MAKER_B_0.5BP': '0.000100566629476168353852892', 'STRESS_1BP': '5.61572566040958836621E-7'}",10,0.020058168689198676160866500,2,2026-01-25,22044053.00000000,14560737.00000000
0.00005011777677542224226933293239,0.87127600,9.03835460,15.14672360,37.79904132,1925,1.002405773857257417802730000,0.9977,24846,3281,0.9976,22291,3526,17819.835483,"{'ZERO': '0.000100240577385725741780273', 'MAKER_A_0.2BP': '0.000060237367826821490835620', 'MAKER_B_0.5BP': '2.35553579177496618353E-7', 'STRESS_1BP': '-0.0000997594707249403367602293'}",1,0.010024057738572574178027300,1,2026-01-26,23836827.00000000,21738282.00000000
0.00005012280086211217482832940705,1.37718200,10.71756500,18.06891800,48.83987500,1601,1.002506265664160401002510000,0.9976,22291,3526,0.9975,10635,2084,8824.827288,"{'ZERO': '0.000100250626566416040100251', 'MAKER_A_0.2BP': '0.000060247416605552600727434', 'MAKER_B_0.5BP': '2.45601754999969299781E-7', 'STRESS_1BP': '-0.0000997494235538852129824612'}",2,0.010025062656641604010025100,1,2026-01-26,21738282.00000000,12758262.00000000
0.00005011275369581558506639939865,1.15940700,13.20004500,26.17185350,116.38361805,1356,1.002305302195048611807160000,0.9978,15871,2657,0.9977,24846,3281,24748.648288,"{'ZERO': '0.000100230530219504861180716', 'MAKER_A_0.2BP': '0.000060227321062479221499062', 'MAKER_B_0.5BP': '2.25507417623004787417E-7', 'STRESS_1BP': '-0.0000997695158819288964157608'}",3,0.010023053021950486118071600,1,2026-01-26,19864351.00000000,23836827.00000000
0.00005010773162298942726862754923,1.46198200,17.61807700,27.73603800,60.90991300,1301,1.002204850671477249949890000,0.9979,19153,2505,0.9978,15871,2657,28378.612987,"{'ZERO': '0.000100220485067147724994989', 'MAKER_A_0.2BP': '0.000060217276311920143637616', 'MAKER_B_0.5BP': '2.15463269730881064686E-7', 'STRESS_1BP': '-0.0000997795590254564441330972'}",4,0.010022048506714772499498900,1,2026-01-26,25754972.00000000,19864351.00000000
0.00005010271055664111428428277970,1.66057800,16.34315490,28.76824395,97.13203350,1204,1.002104419280489026956610000,0.998,8965,1328,0.9979,19153,2505,6209.000888,"{'ZERO': '0.000100210441928048902695661', 'MAKER_A_0.2BP': '0.000060207233574538850940588', 'MAKER_B_0.5BP': '2.05421134895755462753E-7', 'STRESS_1BP': '-0.0000997896001561282893656721'}",5,0.010021044192804890269566100,1,2026-01-26,10662921.00000000,25754972.00000000
0.00005013285205795357697899433499,1.09314300,6.97923010,10.67349495,20.88145613,610,1.002707309736287977539360000,0.9974,9464,1093,0.9973,4045,741,902.984126,"{'ZERO': '0.000100270730973628797753936', 'MAKER_A_0.2BP': '0.000060267520208605153074919', 'MAKER_B_0.5BP': '2.65704151872522687914E-7', 'STRESS_1BP': '-0.0000997293231671518499408457'}",6,0.010027073097362879775393600,1,2026-01-26,13092919.00000000,3873716.00000000
0.00005012782595618828011429144318,1.65847100,12.40417240,19.19640720,72.82691200,483,1.002606777621816723481050000,0.9975,10635,2084,0.9974,9464,1093,3587.696984,"{'ZERO': '0.000100260677762181672348105', 'MAKER_A_0.2BP': '0.000060257467399278443145795', 'MAKER_B_0.5BP': '2.55651945696278450565E-7', 'STRESS_1BP': '-0.0000997393743681577300461251'}",7,0.010026067776218167234810500,1,2026-01-26,12758262.00000000,13092919.00000000
0.00005013787916771120581599398345,0.55017000,3.43439200,5.23350150,6.73847690,131,1.002807862013638186923390000,0.9973,4045,741,0.9972,170,131,7.059416,"{'ZERO': '0.000100280786201363818692339', 'MAKER_A_0.2BP': '0.000060277575034139108633792', 'MAKER_B_0.5BP': '2.75758374135043749216E-7', 'STRESS_1BP': '-0.0000997192699502612915603746'}",8,0.010028078620136381869233900,1,2026-01-26,3873716.00000000,67327.00000000
0.00005009769049646811281999899805,3.44270400,17.31782990,40.57504500,1688.04784364,124,1.002004008016032064128260000,0.9981,234,124,0.998,8965,1328,16183.442195,"{'ZERO': '0.000100200400801603206412826', 'MAKER_A_0.2BP': '0.000060197192849730179745102', 'MAKER_B_0.5BP': '1.95381012512500627474E-7', 'STRESS_1BP': '-0.0000997996392745494989579198'}",9,0.010020040080160320641282600,1,2026-01-26,941312.00000000,10662921.00000000
0.0001002305302195048611807156460,883.84476550,9591.69730970,16926.01592110,23429.83073222,12,2.004811547714514835605450000,0.9978,15871,2657,0.9976,22291,3526,25055.784435,"{'ZERO': '0.000200481154771451483560545', 'MAKER_A_0.2BP': '0.000160473935669642661677641', 'MAKER_B_0.5BP': '0.000100466107408342493861674', 'STRESS_1BP': '4.61060549919346477542E-7'}",10,0.020048115477145148356054500,2,2026-01-26,19864351.00000000,21738282.00000000
0.00005010773162298942726862754923,2.18690350,17.96692480,28.09228390,83.66274298,1700,1.002204850671477249949890000,0.9979,18011,3329,0.9978,16212,2160,1781.225346,"{'ZERO': '0.000100220485067147724994989', 'MAKER_A_0.2BP': '0.000060217276311920143637616', 'MAKER_B_0.5BP': '2.15463269730881064686E-7', 'STRESS_1BP': '-0.0000997795590254564441330972'}",1,0.010022048506714772499498900,1,2026-01-27,17580393.00000000,17429731.00000000
0.00005010271055664111428428277970,1.01427200,10.36180720,18.28194820,48.12369423,1630,1.002104419280489026956610000,0.998,20673,2506,0.9979,18011,3329,8921.961252,"{'ZERO': '0.000100210441928048902695661', 'MAKER_A_0.2BP': '0.000060207233574538850940588', 'MAKER_B_0.5BP': '2.05421134895755462753E-7', 'STRESS_1BP': '-0.0000997896001561282893656721'}",2,0.010021044192804890269566100,1,2026-01-27,21364859.00000000,17580393.00000000
0.00005009769049646811281999899805,1.30070200,16.28358000,28.60460080,115.44746428,877,1.002004008016032064128260000,0.9981,7697,1409,0.998,20673,2506,21154.94083,"{'ZERO': '0.000100200400801603206412826', 'MAKER_A_0.2BP': '0.000060197192849730179745102', 'MAKER_B_0.5BP': '1.95381012512500627474E-7', 'STRESS_1BP': '-0.0000997996392745494989579198'}",3,0.010020040080160320641282600,1,2026-01-27,6960911.00000000,21364859.00000000
0.00005008765339343851740545955422,1.14109600,16.74236140,32.80893840,131.22464680,873,1.001803245842516529753560000,0.9983,6283,929,0.9982,10713,1405,37475.040532,"{'ZERO': '0.000100180324584251652975356', 'MAKER_A_0.2BP': '0.000060177117435411259717102', 'MAKER_B_0.5BP': '1.75306802682306277393E-7', 'STRESS_1BP': '-0.0000998197114770590662833136'}",4,0.010018032458425165297535600,1,2026-01-27,5592752.00000000,15071988.00000000
0.00005009267144216801082001703151,0.90706000,12.46921940,20.67749460,77.13899240,533,1.001903616872056908125440000,0.9982,10713,1405,0.9981,7697,1409,30312.763164,"{'ZERO': '0.000100190361687205690812544', 'MAKER_A_0.2BP': '0.000060187154136889208914549', 'MAKER_B_0.5BP': '1.85342901976231716417E-7', 'STRESS_1BP': '-0.0000998096763813248972668107'}",5,0.010019036168720569081254400,1,2026-01-27,15071988.00000000,6960911.00000000
0.00005011275369581558506639939865,1.40076800,10.18752430,16.37507295,35.02663404,460,1.002305302195048611807160000,0.9978,16212,2160,0.9977,1790,504,417.308059,"{'ZERO': '0.000100230530219504861180716', 'MAKER_A_0.2BP': '0.000060227321062479221499062', 'MAKER_B_0.5BP': '2.25507417623004787417E-7', 'STRESS_1BP': '-0.0000997695158819288964157608'}",6,0.010023053021950486118071600,1,2026-01-27,17429731.00000000,2606028.00000000
0.00005006759124818504981725329194,1.03123100,14.49668200,20.58232840,34.83700352,307,1.001401962747846985780090000,0.9987,4411,500,0.9986,2046,435,2383.938114,"{'ZERO': '0.000100140196274784698578009', 'MAKER_A_0.2BP': '0.000060136990731044581992398', 'MAKER_B_0.5BP': '1.35182505845667059727E-7', 'STRESS_1BP': '-0.0000998598317616666132305255'}",7,0.010014019627478469857800900,1,2026-01-27,4206557.00000000,2682361.00000000
0.00005006257822277847309136420526,2.71115500,24.24447240,36.49297220,1102.38703860,193,1.001301692199859817763090000,0.9988,1765,269,0.9987,4411,500,2805.088867,"{'ZERO': '0.000100130169219985981776309', 'MAKER_A_0.2BP': '0.000060126964077320035655961', 'MAKER_B_0.5BP': '1.25156453702297362352E-7', 'STRESS_1BP': '-0.0000998698568112548913327352'}",8,0.010013016921998598177630900,1,2026-01-27,2533021.00000000,4206557.00000000
0.00005007260527765259626458364629,2.56883300,23.40868540,37.43112920,657.20579136,129,1.001502253380070105157740000,0.9986,2046,435,0.9985,1888,240,62693.336924,"{'ZERO': '0.000100150225338007010515774', 'MAKER_A_0.2BP': '0.000060147019393112388127801', 'MAKER_B_0.5BP': '1.45210566211799575269E-7', 'STRESS_1BP': '-0.0000998498047040563845468232'}",9,0.010015022533800701051577400,1,2026-01-27,2682361.00000000,3157563.00000000
0.00005007762031148279833742300566,1.44071050,13.95052580,24.49743370,321.76831079,112,1.001602564102564102564100000,0.9985,1888,240,0.9984,1411,168,62418.503765,"{'ZERO': '0.000100160256410256410256410', 'MAKER_A_0.2BP': '0.000060157050064126922589753', 'MAKER_B_0.5BP': '1.55240635404127229536E-7', 'STRESS_1BP': '-0.0000998397756378208333012853'}",10,0.010016025641025641025641000,1,2026-01-27,3157563.00000000,4228933.00000000
0.00005005255518294208919365333600,1.54068600,14.49674600,22.15420475,71.93682835,1306,1.001101211332465712283510000,0.999,18331,1970,0.9989,12131,2090,19017.377542,"{'ZERO': '0.000100110121133246571228351', 'MAKER_A_0.2BP': '0.000060106916792488056535796', 'MAKER_B_0.5BP': '1.05110371671325333523E-7', 'STRESS_1BP': '-0.0000998899008887778756412075'}",1,0.010011012113324657122835100,1,2026-01-28,21761701.00000000,15665433.00000000
0.00005004253615573237251663914327,1.33155300,13.69659300,23.30091500,82.10686540,961,1.000900810729656691021920000,0.9992,11210,1428,0.9991,12844,1626,32433.61332,"{'ZERO': '0.000100090081072965669102192', 'MAKER_A_0.2BP': '0.000060086877533793533918132', 'MAKER_B_0.5BP': '8.5072315296256005937E-8', 'STRESS_1BP': '-0.0000999099369414474827164466'}",2,0.010009008107296566910219200,1,2026-01-28,15382153.00000000,16726942.00000000
0.00005005756620113130099614556740,1.96795450,16.02288330,27.60771775,87.17678296,784,1.001201441730076091309570000,0.9989,12131,2090,0.9988,11131,1259,14266.729781,"{'ZERO': '0.000100120144173007609130957', 'MAKER_A_0.2BP': '0.000060116939431335522268329', 'MAKER_B_0.5BP': '1.15132409178499825509E-7', 'STRESS_1BP': '-0.0000998798798534243491950364'}",3,0.010012014417300760913095700,1,2026-01-28,15665433.00000000,13231189.00000000
0.00005004754516790951403833641960,1.14944200,13.02780480,24.72972080,356.15683304,665,1.001001001001001001001000000,0.9991,12844,1626,0.999,18331,1970,27387.035178,"{'ZERO': '0.000100100100100100100100100', 'MAKER_A_0.2BP': '0.000060096896160174894600206', 'MAKER_B_0.5BP': '9.5090340578066191786E-8', 'STRESS_1BP': '-0.0000998999199179181180981001'}",4,0.010010010010010010010010000,1,2026-01-28,16726942.00000000,21761701.00000000
0.00005006759124818504981725329194,4.20440100,25.25861900,40.92473920,125.64101551,570,1.001401962747846985780090000,0.9987,5856,1045,0.9986,6478,968,2290.224037,"{'ZERO': '0.000100140196274784698578009', 'MAKER_A_0.2BP': '0.000060136990731044581992398', 'MAKER_B_0.5BP': '1.35182505845667059727E-7', 'STRESS_1BP': '-0.0000998598317616666132305255'}",5,0.010014019627478469857800900,1,2026-01-28,5381019.00000000,7132174.00000000
0.00005006257822277847309136420526,1.68338900,17.28224820,28.05788350,75.46428034,475,1.001301692199859817763090000,0.9988,11131,1259,0.9987,5856,1045,8535.453392,"{'ZERO': '0.000100130169219985981776309', 'MAKER_A_0.2BP': '0.000060126964077320035655961', 'MAKER_B_0.5BP': '1.25156453702297362352E-7', 'STRESS_1BP': '-0.0000998698568112548913327352'}",6,0.010013016921998598177630900,1,2026-01-28,13231189.00000000,5381019.00000000
0.00005003752814610958218663997998,1.56759500,14.31732900,31.82712310,357.32037732,467,1.000800640512409927942350000,0.9993,8304,912,0.9992,11210,1428,10841.582438,"{'ZERO': '0.000100080064051240992794235', 'MAKER_A_0.2BP': '0.000060076860912741713140117', 'MAKER_B_0.5BP': '7.5056295223669561118E-8', 'STRESS_1BP': '-0.0000999199519599681344915949'}",7,0.010008006405124099279423500,1,2026-01-28,16782887.00000000,15382153.00000000
0.00005003252113874018111772652224,1.63172400,17.43348140,28.23448980,378.23947660,445,1.000700490343240268187730000,0.9994,8428,856,0.9993,8304,912,11869.244105,"{'ZERO': '0.000100070049034324026818773', 'MAKER_A_0.2BP': '0.000060066846296417411989997', 'MAKER_B_0.5BP': '6.5042279758322701297E-8', 'STRESS_1BP': '-0.0000999299649740819973841703'}",8,0.010007004903432402681877300,1,2026-01-28,12479431.00000000,16782887.00000000
0.00005002751513332332783030666867,1.40079100,17.89351800,31.95031350,456.56374210,411,1.000600360216129677806680000,0.9995,5656,745,0.9994,8428,856,12745.678233,"{'ZERO': '0.000100060036021612967780668', 'MAKER_A_0.2BP': '0.000060056833684218851144290', 'MAKER_B_0.5BP': '5.5030268298472208669E-8', 'STRESS_1BP': '-0.0000999399759843907544406656'}",9,0.010006003602161296778066800,1,2026-01-28,9701333.00000000,12479431.00000000
0.00005007260527765259626458364629,1.44600200,16.03175730,24.88432575,44.75636505,398,1.001502253380070105157740000,0.9986,6478,968,0.9985,1876,404,212.570788,"{'ZERO': '0.000100150225338007010515774', 'MAKER_A_0.2BP': '0.000060147019393112388127801', 'MAKER_B_0.5BP': '1.45210566211799575269E-7', 'STRESS_1BP': '-0.0000998498047040563845468232'}",10,0.010015022533800701051577400,1,2026-01-28,7132174.00000000,1712487.00000000
0.00005006257822277847309136420526,0.74824200,11.90972100,22.20713550,42.07098865,416,1.001301692199859817763090000,0.9988,3359,610,0.9987,1679,465,35862.719025,"{'ZERO': '0.000100130169219985981776309', 'MAKER_A_0.2BP': '0.000060126964077320035655961', 'MAKER_B_0.5BP': '1.25156453702297362352E-7', 'STRESS_1BP': '-0.0000998698568112548913327352'}",1,0.010013016921998598177630900,1,2026-01-29,3195871.00000000,1525930.00000000
0.00005011275369581558506639939865,1.47973500,9.69891840,37.85550540,628.86497938,263,1.002305302195048611807160000,0.9978,3080,408,0.9977,4601,408,8313.384606,"{'ZERO': '0.000100230530219504861180716', 'MAKER_A_0.2BP': '0.000060227321062479221499062', 'MAKER_B_0.5BP': '2.25507417623004787417E-7', 'STRESS_1BP': '-0.0000997695158819288964157608'}",2,0.010023053021950486118071600,1,2026-01-29,7458637.00000000,11562898.00000000
0.00005005756620113130099614556740,2.34729700,13.66324360,26.43300360,95.12575196,193,1.001201441730076091309570000,0.9989,2290,218,0.9988,3359,610,42946.423989,"{'ZERO': '0.000100120144173007609130957', 'MAKER_A_0.2BP': '0.000060116939431335522268329', 'MAKER_B_0.5BP': '1.15132409178499825509E-7', 'STRESS_1BP': '-0.0000998798798534243491950364'}",3,0.010012014417300760913095700,1,2026-01-29,3208238.00000000,3195871.00000000
0.00005012782595618828011429144318,0.65284800,7.75044400,22.35566550,806.24332210,191,1.002606777621816723481050000,0.9975,2679,272,0.9974,1767,241,5784.091176,"{'ZERO': '0.000100260677762181672348105', 'MAKER_A_0.2BP': '0.000060257467399278443145795', 'MAKER_B_0.5BP': '2.55651945696278450565E-7', 'STRESS_1BP': '-0.0000997393743681577300461251'}",4,0.010026067776218167234810500,1,2026-01-29,6754841.00000000,4796075.00000000
0.00005010271055664111428428277970,3.89923700,42.19202900,87.93883600,739.46795900,181,1.002104419280489026956610000,0.998,5022,337,0.9979,2333,324,7183.56177,"{'ZERO': '0.000100210441928048902695661', 'MAKER_A_0.2BP': '0.000060207233574538850940588', 'MAKER_B_0.5BP': '2.05421134895755462753E-7', 'STRESS_1BP': '-0.0000997896001561282893656721'}",5,0.010021044192804890269566100,1,2026-01-29,11683306.00000000,6643325.00000000
0.00005009769049646811281999899805,3.01968500,54.88633340,93.37966350,2631.88818048,155,1.002004008016032064128260000,0.9981,1789,274,0.998,5022,337,7597.265683,"{'ZERO': '0.000100200400801603206412826', 'MAKER_A_0.2BP': '0.000060197192849730179745102', 'MAKER_B_0.5BP': '1.95381012512500627474E-7', 'STRESS_1BP': '-0.0000997996392745494989579198'}",6,0.010020040080160320641282600,1,2026-01-29,3970887.00000000,11683306.00000000
0.00005011777677542224226933293239,1.41679800,23.38920260,173.15528070,1093.42003068,144,1.002405773857257417802730000,0.9977,4601,408,0.9976,2898,223,6336.002207,"{'ZERO': '0.000100240577385725741780273', 'MAKER_A_0.2BP': '0.000060237367826821490835620', 'MAKER_B_0.5BP': '2.35553579177496618353E-7', 'STRESS_1BP': '-0.0000997594707249403367602293'}",7,0.010024057738572574178027300,1,2026-01-29,11562898.00000000,7848921.00000000
0.00005010773162298942726862754923,1.21536700,34.69849270,58.93970095,1280.00388317,142,1.002204850671477249949890000,0.9979,2333,324,0.9978,3080,408,3236.489018,"{'ZERO': '0.000100220485067147724994989', 'MAKER_A_0.2BP': '0.000060217276311920143637616', 'MAKER_B_0.5BP': '2.15463269730881064686E-7', 'STRESS_1BP': '-0.0000997795590254564441330972'}",8,0.010022048506714772499498900,1,2026-01-29,6643325.00000000,7458637.00000000
0.00005013787916771120581599398345,7.82646600,134.62298560,216.37634000,838.57992796,119,1.002807862013638186923390000,0.9973,3124,168,0.9972,3153,183,1362.905165,"{'ZERO': '0.000100280786201363818692339', 'MAKER_A_0.2BP': '0.000060277575034139108633792', 'MAKER_B_0.5BP': '2.75758374135043749216E-7', 'STRESS_1BP': '-0.0000997192699502612915603746'}",9,0.010028078620136381869233900,1,2026-01-29,9190945.00000000,8750981.00000000
0.00005009267144216801082001703151,6.9071050,38.10215010,69.05831540,7698.34235015,118,1.001903616872056908125440000,0.9982,2487,183,0.9981,1789,274,10858.570555,"{'ZERO': '0.000100190361687205690812544', 'MAKER_A_0.2BP': '0.000060187154136889208914549', 'MAKER_B_0.5BP': '1.85342901976231716417E-7', 'STRESS_1BP': '-0.0000998096763813248972668107'}",10,0.010019036168720569081254400,1,2026-01-29,4957483.00000000,3970887.00000000
0.00005014793641241662905571435735,13.27800350,89.68835900,172.95789825,2457.83534440,216,1.003009027081243731193580000,0.9971,6897,424,0.997,5255,319,3381.450424,"{'ZERO': '0.000100300902708124373119358', 'MAKER_A_0.2BP': '0.000060297690736255485522185', 'MAKER_B_0.5BP': '2.95872869345499625721E-7', 'STRESS_1BP': '-0.0000996991574663997993380201'}",1,0.010030090270812437311935800,1,2026-01-30,19177405.00000000,23073051.00000000
0.00005014290728576442862157147871,12.45052950,247.09046010,632.61542825,2964.19193878,208,1.002908434459933808043330000,0.9972,7421,350,0.9971,6897,424,11547.428918,"{'ZERO': '0.000100290843445993380804333', 'MAKER_A_0.2BP': '0.000060287631876486931198093', 'MAKER_B_0.5BP': '2.85814613090426613962E-7', 'STRESS_1BP': '-0.0000997092147168795305806898'}",2,0.010029084344599338080433300,1,2026-01-30,14565635.00000000,19177405.00000000
0.00005013285205795357697899433499,8.30151700,139.50351550,342.24844650,7796.66064320,156,1.002707309736287977539360000,0.9974,4422,227,0.9973,4550,298,29726.865643,"{'ZERO': '0.000100270730973628797753936', 'MAKER_A_0.2BP': '0.000060267520208605153074919', 'MAKER_B_0.5BP': '2.65704151872522687914E-7', 'STRESS_1BP': '-0.0000997293231671518499408457'}",3,0.010027073097362879775393600,1,2026-01-30,11025569.00000000,12648160.00000000
0.00005013787916771120581599398345,8.82805000,112.76803440,268.87595620,12163.60322940,143,1.002807862013638186923390000,0.9973,4550,298,0.9972,7421,350,19079.594054,"{'ZERO': '0.000100280786201363818692339', 'MAKER_A_0.2BP': '0.000060277575034139108633792', 'MAKER_B_0.5BP': '2.75758374135043749216E-7', 'STRESS_1BP': '-0.0000997192699502612915603746'}",4,0.010028078620136381869233900,1,2026-01-30,12648160.00000000,14565635.00000000
0.00005015296654797131250313456041,4.11452800,162.44670920,256.30017410,745.63912108,103,1.003109639883639281773500000,0.997,5255,319,0.9969,2004,155,1690.633048,"{'ZERO': '0.000100310963988363928177350', 'MAKER_A_0.2BP': '0.000060307751614051879861189', 'MAKER_B_0.5BP': '3.05933143507334614210E-7', 'STRESS_1BP': '-0.0000996890981982150867067973'}",5,0.010031096398836392817735000,1,2026-01-30,23073051.00000000,5507444.00000000
0.00005016302984700275896664158515,0.13329700,0.97357120,55.34545570,95.66634252,87,1.003310926055984749673920000,0.9968,1436,139,0.9967,274,87,130.505818,"{'ZERO': '0.000100331092605598474967392', 'MAKER_A_0.2BP': '0.000060327879426157839841096', 'MAKER_B_0.5BP': '3.26059747980796003844E-7', 'STRESS_1BP': '-0.0000996689736063014547346309'}",6,0.010033109260559847496739200,1,2026-01-30,2029150.00000000,332275.00000000
0.00005012782595618828011429144318,21.12189800,163.57691840,1570.81336145,12309.45094039,72,1.002606777621816723481050000,0.9975,1466,100,0.9974,4422,227,13821.012534,"{'ZERO': '0.000100260677762181672348105', 'MAKER_A_0.2BP': '0.000060257467399278443145795', 'MAKER_B_0.5BP': '2.55651945696278450565E-7', 'STRESS_1BP': '-0.0000997393743681577300461251'}",7,0.010026067776218167234810500,1,2026-01-30,3294271.00000000,11025569.00000000
0.00005015799769273210613432311782,1.57591500,36.07591560,96.63745820,572.64920246,52,1.003210272873194221508830000,0.9969,2004,155,0.9968,1436,139,926.461322,"{'ZERO': '0.000100321027287319422150883', 'MAKER_A_0.2BP': '0.000060317814510483466093118', 'MAKER_B_0.5BP': '3.15995436183247017424E-7', 'STRESS_1BP': '-0.0000996790369117181379775345'}",8,0.010032102728731942215088300,1,2026-01-30,5507444.00000000,2029150.00000000
0.00005012280086211217482832940705,46.45775350,201.54368470,1434.68032415,13357.91858361,28,1.002506265664160401002510000,0.9976,186,28,0.9975,1466,100,17527.448976,"{'ZERO': '0.000100250626566416040100251', 'MAKER_A_0.2BP': '0.000060247416605552600727434', 'MAKER_B_0.5BP': '2.45601754999969299781E-7', 'STRESS_1BP': '-0.0000997494235538852129824612'}",9,0.010025062656641604010025100,1,2026-01-30,875713.00000000,3294271.00000000
0.0001002908434459933808043325644,933.83248300,3490.14517850,5888.66803825,10149.37274365,16,2.006018054162487462387160000,0.9972,7421,350,0.997,5255,319,11214.54892,"{'ZERO': '0.000200601805416248746238716', 'MAKER_A_0.2BP': '0.000160594581488510651050770', 'MAKER_B_0.5BP': '0.000100586745988678499876410', 'STRESS_1BP': '5.81687067000421321960E-7'}",10,0.020060180541624874623871600,2,2026-01-30,14565635.00000000,23073051.00000000
0.00005013787916771120581599398345,2.20708000,40.62940510,135.83081105,732.55690252,602,1.002807862013638186923390000,0.9973,12225,921,0.9972,9552,820,18242.375613,"{'ZERO': '0.000100280786201363818692339', 'MAKER_A_0.2BP': '0.000060277575034139108633792', 'MAKER_B_0.5BP': '2.75758374135043749216E-7', 'STRESS_1BP': '-0.0000997192699502612915603746'}",1,0.010028078620136381869233900,1,2026-01-31,19768704.00000000,18851931.00000000
0.00005012782595618828011429144318,2.29985100,39.96917200,58.98547400,667.39545280,381,1.002606777621816723481050000,0.9975,6493,529,0.9974,10748,701,49932.413722,"{'ZERO': '0.000100260677762181672348105', 'MAKER_A_0.2BP': '0.000060257467399278443145795', 'MAKER_B_0.5BP': '2.55651945696278450565E-7', 'STRESS_1BP': '-0.0000997393743681577300461251'}",2,0.010026067776218167234810500,1,2026-01-31,6726940.00000000,12813116.00000000
0.00005013285205795357697899433499,4.67046300,85.63784060,211.53514820,1852.45579964,319,1.002707309736287977539360000,0.9974,10748,701,0.9973,12225,921,34942.72659,"{'ZERO': '0.000100270730973628797753936', 'MAKER_A_0.2BP': '0.000060267520208605153074919', 'MAKER_B_0.5BP': '2.65704151872522687914E-7', 'STRESS_1BP': '-0.0000997293231671518499408457'}",3,0.010027073097362879775393600,1,2026-01-31,12813116.00000000,19768704.00000000
0.00005014793641241662905571435735,0.55513700,29.24032640,82.31173760,1107.63425860,229,1.003009027081243731193580000,0.9971,4041,462,0.997,4237,354,1273.135174,"{'ZERO': '0.000100300902708124373119358', 'MAKER_A_0.2BP': '0.000060297690736255485522185', 'MAKER_B_0.5BP': '2.95872869345499625721E-7', 'STRESS_1BP': '-0.0000996991574663997993380201'}",4,0.010030090270812437311935800,1,2026-01-31,4736140.00000000,5052059.00000000
0.00005014290728576442862157147871,2.88354450,30.60949890,67.38514595,828.56095759,218,1.002908434459933808043330000,0.9972,9552,820,0.9971,4041,462,11895.796948,"{'ZERO': '0.000100290843445993380804333', 'MAKER_A_0.2BP': '0.000060287631876486931198093', 'MAKER_B_0.5BP': '2.85814613090426613962E-7', 'STRESS_1BP': '-0.0000997092147168795305806898'}",5,0.010029084344599338080433300,1,2026-01-31,18851931.00000000,4736140.00000000
0.00005012280086211217482832940705,0.50029150,6.44294650,22.85704985,3616.46931899,148,1.002506265664160401002510000,0.9976,1337,178,0.9975,6493,529,54265.243421,"{'ZERO': '0.000100250626566416040100251', 'MAKER_A_0.2BP': '0.000060247416605552600727434', 'MAKER_B_0.5BP': '2.45601754999969299781E-7', 'STRESS_1BP': '-0.0000997494235538852129824612'}",6,0.010025062656641604010025100,1,2026-01-31,1888049.00000000,6726940.00000000
0.00005015296654797131250313456041,1.21887600,14.93833200,45.3924400,135.81661870,131,1.003109639883639281773500000,0.997,4237,354,0.9969,2258,257,686.174958,"{'ZERO': '0.000100310963988363928177350', 'MAKER_A_0.2BP': '0.000060307751614051879861189', 'MAKER_B_0.5BP': '3.05933143507334614210E-7', 'STRESS_1BP': '-0.0000996890981982150867067973'}",7,0.010031096398836392817735000,1,2026-01-31,5052059.00000000,2639570.00000000
0.00005015799769273210613432311782,0.70517900,6.57925340,9.93790040,15.22972650,107,1.003210272873194221508830000,0.9969,2258,257,0.9968,503,107,22.372763,"{'ZERO': '0.000100321027287319422150883', 'MAKER_A_0.2BP': '0.000060317814510483466093118', 'MAKER_B_0.5BP': '3.15995436183247017424E-7', 'STRESS_1BP': '-0.0000996790369117181379775345'}",8,0.010032102728731942215088300,1,2026-01-31,2639570.00000000,131210.00000000
0.00005010773162298942726862754923,1.02138200,7.59009460,10.45207820,216.56776696,53,1.002204850671477249949890000,0.9979,1010,97,0.9978,533,57,424.620652,"{'ZERO': '0.000100220485067147724994989', 'MAKER_A_0.2BP': '0.000060217276311920143637616', 'MAKER_B_0.5BP': '2.15463269730881064686E-7', 'STRESS_1BP': '-0.0000997795590254564441330972'}",9,0.010022048506714772499498900,1,2026-01-31,1977701.00000000,1309580.00000000
0.00005010271055664111428428277970,4.72460100,40.25820890,79.95653330,137.98829572,44,1.002104419280489026956610000,0.998,694,48,0.9979,1010,97,138.885618,"{'ZERO': '0.000100210441928048902695661', 'MAKER_A_0.2BP': '0.000060207233574538850940588', 'MAKER_B_0.5BP': '2.05421134895755462753E-7', 'STRESS_1BP': '-0.0000997896001561282893656721'}",10,0.010021044192804890269566100,1,2026-01-31,1943726.00000000,1977701.00000000
0.00005011777677542224226933293239,17.55848100,196.86336240,395.00608200,1261.25851010,463,1.002405773857257417802730000,0.9977,11469,700,0.9976,8983,615,2735.498835,"{'ZERO': '0.000100240577385725741780273', 'MAKER_A_0.2BP': '0.000060237367826821490835620', 'MAKER_B_0.5BP': '2.35553579177496618353E-7', 'STRESS_1BP': '-0.0000997594707249403367602293'}",1,0.010024057738572574178027300,1,2026-02-01,13295474.00000000,17181161.00000000
0.00005011275369581558506639939865,27.88280000,208.46732360,375.28823220,4563.27907812,237,1.002305302195048611807160000,0.9978,2720,276,0.9977,11469,700,33715.332026,"{'ZERO': '0.000100230530219504861180716', 'MAKER_A_0.2BP': '0.000060227321062479221499062', 'MAKER_B_0.5BP': '2.25507417623004787417E-7', 'STRESS_1BP': '-0.0000997695158819288964157608'}",2,0.010023053021950486118071600,1,2026-02-01,4558497.00000000,13295474.00000000
0.00005012280086211217482832940705,6.94291500,99.71161580,165.67016960,388.82846016,153,1.002506265664160401002510000,0.9976,8983,615,0.9975,944,160,519.931697,"{'ZERO': '0.000100250626566416040100251', 'MAKER_A_0.2BP': '0.000060247416605552600727434', 'MAKER_B_0.5BP': '2.45601754999969299781E-7', 'STRESS_1BP': '-0.0000997494235538852129824612'}",3,0.010025062656641604010025100,1,2026-02-01,17181161.00000000,2190933.00000000
0.00005010773162298942726862754923,32.46576200,711.78462240,2522.91371050,22851.60187594,39,1.002204850671477249949890000,0.9979,2513,76,0.9978,2720,276,34787.945176,"{'ZERO': '0.000100220485067147724994989', 'MAKER_A_0.2BP': '0.000060217276311920143637616', 'MAKER_B_0.5BP': '2.15463269730881064686E-7', 'STRESS_1BP': '-0.0000997795590254564441330972'}",4,0.010022048506714772499498900,1,2026-02-01,4234981.00000000,4558497.00000000
0.00005010271055664111428428277970,69.59967100,293.73120680,953.19260960,26364.12552432,37,1.002104419280489026956610000,0.998,748,40,0.9979,2513,76,39197.446767,"{'ZERO': '0.000100210441928048902695661', 'MAKER_A_0.2BP': '0.000060207233574538850940588', 'MAKER_B_0.5BP': '2.05421134895755462753E-7', 'STRESS_1BP': '-0.0000997896001561282893656721'}",5,0.010021044192804890269566100,1,2026-02-01,603890.00000000,4234981.00000000
0.0001002405773857257417802726544,871.52303700,1900.65380150,2224.82720385,2537.22560797,12,2.005012531328320802005010000,0.9977,11469,700,0.9975,944,160,2615.325209,"{'ZERO': '0.000200501253132832080200501', 'MAKER_A_0.2BP': '0.000160494033227104881461268', 'MAKER_B_0.5BP': '0.000100486203759987439224530', 'STRESS_1BP': '4.81154892029594033078E-7'}",6,0.020050125313283208020050100,2,2026-02-01,13295474.00000000,2190933.00000000
0.0001002305302195048611807156460,2342.75735550,9298.53391530,22199.63154015,32520.50964003,10,2.004811547714514835605450000,0.9978,2720,276,0.9976,8983,615,35100.729165,"{'ZERO': '0.000200481154771451483560545', 'MAKER_A_0.2BP': '0.000160473935669642661677641', 'MAKER_B_0.5BP': '0.000100466107408342493861674', 'STRESS_1BP': '4.61060549919346477542E-7'}",7,0.020048115477145148356054500,2,2026-02-01,4558497.00000000,17181161.00000000
0.00005012782595618828011429144318,9.14077250,80.92485740,144.47797220,195.32046404,8,1.002606777621816723481050000,0.9975,944,160,0.9974,68,8,208.031087,"{'ZERO': '0.000100260677762181672348105', 'MAKER_A_0.2BP': '0.000060257467399278443145795', 'MAKER_B_0.5BP': '2.55651945696278450565E-7', 'STRESS_1BP': '-0.0000997393743681577300461251'}",8,0.010026067776218167234810500,1,2026-02-01,2190933.00000000,76387.00000000
0.0001503533303262667268079987972,3269.24996000,23229.90897600,29425.28491900,34381.58567340,5,3.007518796992481203007520000,0.9978,2720,276,0.9975,944,160,35620.660862,"{'ZERO': '0.000300751879699248120300752', 'MAKER_A_0.2BP': '0.000260740649848657162195102', 'MAKER_B_0.5BP': '0.000200726805764974909149279', 'STRESS_1BP': '0.000100711733337944401048617'}",9,0.030075187969924812030075200,3,2026-02-01,4558497.00000000,2190933.00000000
0.0001002104419280489026956608879,250.54432500,25693.42810700,32265.43705000,37523.04420440,5,2.004409701342954499899780000,0.998,748,40,0.9978,2720,276,38837.445993,"{'ZERO': '0.000200440970134295449989978', 'MAKER_A_0.2BP': '0.000160433752639839967281633', 'MAKER_B_0.5BP': '0.000100425926789449262754341', 'STRESS_1BP': '4.20883948887131731806E-7'}",10,0.020044097013429544998997800,2,2026-02-01,603890.00000000,4558497.00000000
0.00005011777677542224226933293239,0.30068200,7.52445500,19.22720915,324.07743916,730,1.002405773857257417802730000,0.9977,18833,1146,0.9976,20957,1398,8564.465702,"{'ZERO': '0.000100240577385725741780273', 'MAKER_A_0.2BP': '0.000060237367826821490835620', 'MAKER_B_0.5BP': '2.35553579177496618353E-7', 'STRESS_1BP': '-0.0000997594707249403367602293'}",1,0.010024057738572574178027300,1,2026-02-02,22757568.00000000,25661045.00000000
0.00005012280086211217482832940705,0.29482500,4.26580490,10.58971855,31.65428983,668,1.002506265664160401002510000,0.9976,20957,1398,0.9975,8439,1157,7711.78149,"{'ZERO': '0.000100250626566416040100251', 'MAKER_A_0.2BP': '0.000060247416605552600727434', 'MAKER_B_0.5BP': '2.45601754999969299781E-7', 'STRESS_1BP': '-0.0000997494235538852129824612'}",2,0.010025062656641604010025100,1,2026-02-02,25661045.00000000,11592865.00000000
0.00005012782595618828011429144318,0.40525200,8.18828100,21.5399860,129.36951352,489,1.002606777621816723481050000,0.9975,8439,1157,0.9974,7852,824,1551.398927,"{'ZERO': '0.000100260677762181672348105', 'MAKER_A_0.2BP': '0.000060257467399278443145795', 'MAKER_B_0.5BP': '2.55651945696278450565E-7', 'STRESS_1BP': '-0.0000997393743681577300461251'}",3,0.010026067776218167234810500,1,2026-02-02,11592865.00000000,11250352.00000000
0.00005011275369581558506639939865,0.67491400,22.78993050,56.87259700,164.93556720,416,1.002305302195048611807160000,0.9978,5842,531,0.9977,18833,1146,20167.361846,"{'ZERO': '0.000100230530219504861180716', 'MAKER_A_0.2BP': '0.000060227321062479221499062', 'MAKER_B_0.5BP': '2.25507417623004787417E-7', 'STRESS_1BP': '-0.0000997695158819288964157608'}",4,0.010023053021950486118071600,1,2026-02-02,8508642.00000000,22757568.00000000
0.00005013285205795357697899433499,0.25360000,3.81595260,8.06158460,22.86071106,335,1.002707309736287977539360000,0.9974,7852,824,0.9973,2919,335,99.509285,"{'ZERO': '0.000100270730973628797753936', 'MAKER_A_0.2BP': '0.000060267520208605153074919', 'MAKER_B_0.5BP': '2.65704151872522687914E-7', 'STRESS_1BP': '-0.0000997293231671518499408457'}",5,0.010027073097362879775393600,1,2026-02-02,11250352.00000000,3799979.00000000
0.00005010773162298942726862754923,17.04515950,157.68635200,260.05099050,3427.94944685,116,1.002204850671477249949890000,0.9979,930,171,0.9978,5842,531,25269.041733,"{'ZERO': '0.000100220485067147724994989', 'MAKER_A_0.2BP': '0.000060217276311920143637616', 'MAKER_B_0.5BP': '2.15463269730881064686E-7', 'STRESS_1BP': '-0.0000997795590254564441330972'}",6,0.010022048506714772499498900,1,2026-02-02,1828975.00000000,8508642.00000000
0.00005008765339343851740545955422,7.30919950,95.75742550,155.38630795,369.79707650,110,1.001803245842516529753560000,0.9983,1774,153,0.9982,1601,143,2046.807052,"{'ZERO': '0.000100180324584251652975356', 'MAKER_A_0.2BP': '0.000060177117435411259717102', 'MAKER_B_0.5BP': '1.75306802682306277393E-7', 'STRESS_1BP': '-0.0000998197114770590662833136'}",7,0.010018032458425165297535600,1,2026-02-02,4165826.00000000,5433150.00000000
0.00005010271055664111428428277970,54.63036600,219.30930300,267.76668650,17542.46926560,56,1.002104419280489026956610000,0.998,432,73,0.9979,930,171,38609.727317,"{'ZERO': '0.000100210441928048902695661', 'MAKER_A_0.2BP': '0.000060207233574538850940588', 'MAKER_B_0.5BP': '2.05421134895755462753E-7', 'STRESS_1BP': '-0.0000997896001561282893656721'}",8,0.010021044192804890269566100,1,2026-02-02,1256521.00000000,1828975.00000000
0.00005008263634997746281364251014,8.88484650,73.42667440,229.70373780,4465.71667101,44,1.001702894921366322748670000,0.9984,1158,54,0.9983,1774,153,7193.293313,"{'ZERO': '0.000100170289492136632274867', 'MAKER_A_0.2BP': '0.000060167082744691895704308', 'MAKER_B_0.5BP': '1.65272714026324127047E-7', 'STRESS_1BP': '-0.0000998297445623563457537848'}",9,0.010017028949213663227486700,1,2026-02-02,2601020.00000000,4165826.00000000
0.00005006257822277847309136420526,39.44565700,205.92618170,273.96123685,1809.73831101,44,1.001301692199859817763090000,0.9988,872,75,0.9987,296,54,2929.304755,"{'ZERO': '0.000100130169219985981776309', 'MAKER_A_0.2BP': '0.000060126964077320035655961', 'MAKER_B_0.5BP': '1.25156453702297362352E-7', 'STRESS_1BP': '-0.0000998698568112548913327352'}",10,0.010013016921998598177630900,1,2026-02-02,2858900.00000000,779074.00000000
0.00005008765339343851740545955422,2.94152550,33.29985950,66.12414700,551.40452725,246,1.001803245842516529753560000,0.9983,3647,407,0.9982,2403,359,19075.062354,"{'ZERO': '0.000100180324584251652975356', 'MAKER_A_0.2BP': '0.000060177117435411259717102', 'MAKER_B_0.5BP': '1.75306802682306277393E-7', 'STRESS_1BP': '-0.0000998197114770590662833136'}",1,0.010018032458425165297535600,1,2026-02-03,12965328.00000000,3953491.00000000
0.00005008263634997746281364251014,36.84311450,349.72121590,1035.42191035,2676.17218364,160,1.001702894921366322748670000,0.9984,1781,196,0.9983,3647,407,23595.614267,"{'ZERO': '0.000100170289492136632274867', 'MAKER_A_0.2BP': '0.000060167082744691895704308', 'MAKER_B_0.5BP': '1.65272714026324127047E-7', 'STRESS_1BP': '-0.0000998297445623563457537848'}",2,0.010017028949213663227486700,1,2026-02-03,7754280.00000000,12965328.00000000
0.00005009769049646811281999899805,3.85626000,41.93040700,52.34450870,1307.32402524,135,1.002004008016032064128260000,0.9981,3607,249,0.998,1705,239,7246.823848,"{'ZERO': '0.000100200400801603206412826', 'MAKER_A_0.2BP': '0.000060197192849730179745102', 'MAKER_B_0.5BP': '1.95381012512500627474E-7', 'STRESS_1BP': '-0.0000997996392745494989579198'}",3,0.010020040080160320641282600,1,2026-02-03,7618621.00000000,3826100.00000000
0.00005011275369581558506639939865,2.48065600,66.78463780,148.97584250,368.17331462,115,1.002305302195048611807160000,0.9978,2889,194,0.9977,443,118,470.531661,"{'ZERO': '0.000100230530219504861180716', 'MAKER_A_0.2BP': '0.000060227321062479221499062', 'MAKER_B_0.5BP': '2.25507417623004787417E-7', 'STRESS_1BP': '-0.0000997695158819288964157608'}",4,0.010023053021950486118071600,1,2026-02-03,7410471.00000000,2634899.00000000
0.00005009267144216801082001703151,4.82196900,50.15043500,117.41081840,2824.21161108,113,1.001903616872056908125440000,0.9982,2403,359,0.9981,3607,249,12448.134114,"{'ZERO': '0.000100190361687205690812544', 'MAKER_A_0.2BP': '0.000060187154136889208914549', 'MAKER_B_0.5BP': '1.85342901976231716417E-7', 'STRESS_1BP': '-0.0000998096763813248972668107'}",5,0.010019036168720569081254400,1,2026-02-03,3953491.00000000,7618621.00000000
0.00005010271055664111428428277970,6.51010700,66.23991320,169.32574000,2092.23063398,103,1.002104419280489026956610000,0.998,1705,239,0.9979,2081,182,2610.221381,"{'ZERO': '0.000100210441928048902695661', 'MAKER_A_0.2BP': '0.000060207233574538850940588', 'MAKER_B_0.5BP': '2.05421134895755462753E-7', 'STRESS_1BP': '-0.0000997896001561282893656721'}",6,0.010021044192804890269566100,1,2026-02-03,3826100.00000000,5159771.00000000
0.00005010773162298942726862754923,6.55682950,72.08992840,251.35538285,780.83601687,78,1.002204850671477249949890000,0.9979,2081,182,0.9978,2889,194,1509.300961,"{'ZERO': '0.000100220485067147724994989', 'MAKER_A_0.2BP': '0.000060217276311920143637616', 'MAKER_B_0.5BP': '2.15463269730881064686E-7', 'STRESS_1BP': '-0.0000997795590254564441330972'}",7,0.010022048506714772499498900,1,2026-02-03,5159771.00000000,7410471.00000000
0.00005007762031148279833742300566,133.03005550,3906.67611150,9521.80115175,12154.15867105,36,1.001602564102564102564100000,0.9985,250,36,0.9984,1781,196,13158.357089,"{'ZERO': '0.000100160256410256410256410', 'MAKER_A_0.2BP': '0.000060157050064126922589753', 'MAKER_B_0.5BP': '1.55240635404127229536E-7', 'STRESS_1BP': '-0.0000998397756378208333012853'}",8,0.010016025641025641025641000,1,2026-02-03,2311092.00000000,7754280.00000000
0.0001001702894921366322748672744,2137.16972400,8950.65715370,16204.76387685,22008.04925537,8,2.003606491685033059507110000,0.9984,1781,196,0.9982,2403,359,23458.8706,"{'ZERO': '0.000200360649168503305950711', 'MAKER_A_0.2BP': '0.000160353434886822199440603', 'MAKER_B_0.5BP': '0.000100345613855352113179755', 'STRESS_1BP': '3.40579045681887431373E-7'}",9,0.020036064916850330595071100,2,2026-02-03,7754280.00000000,3953491.00000000
0.0001002204850671477249949889757,288.33180800,1001.30668240,1230.90793720,1414.58894104,5,2.004610604390097223614310000,0.9979,2081,182,0.9977,443,118,1460.509192,"{'ZERO': '0.000200461060439009722361431', 'MAKER_A_0.2BP': '0.000160453842140958123004524', 'MAKER_B_0.5BP': '0.000100446015085233510199803', 'STRESS_1BP': '4.40970235942227166479E-7'}",10,0.020046106043900972236143100,2,2026-02-03,5159771.00000000,2634899.00000000
0.00005013285205795357697899433499,3.54602800,102.84595620,641.14408130,2335.58475284,139,1.002707309736287977539360000,0.9974,2449,191,0.9973,2670,241,4367.629199,"{'ZERO': '0.000100270730973628797753936', 'MAKER_A_0.2BP': '0.000060267520208605153074919', 'MAKER_B_0.5BP': '2.65704151872522687914E-7', 'STRESS_1BP': '-0.0000997293231671518499408457'}",1,0.010027073097362879775393600,1,2026-02-04,5373121.00000000,8006233.00000000
0.00005011275369581558506639939865,37.62557400,482.23912780,826.24683015,1929.19640484,134,1.002305302195048611807160000,0.9978,2285,231,0.9977,1804,164,3672.792922,"{'ZERO': '0.000100230530219504861180716', 'MAKER_A_0.2BP': '0.000060227321062479221499062', 'MAKER_B_0.5BP': '2.25507417623004787417E-7', 'STRESS_1BP': '-0.0000997695158819288964157608'}",2,0.010023053021950486118071600,1,2026-02-04,10360947.00000000,8277035.00000000
0.00005012280086211217482832940705,2.30352000,10.78906740,18.35318420,51.06991288,133,1.002506265664160401002510000,0.9976,1371,163,0.9975,1162,185,8173.588754,"{'ZERO': '0.000100250626566416040100251', 'MAKER_A_0.2BP': '0.000060247416605552600727434', 'MAKER_B_0.5BP': '2.45601754999969299781E-7', 'STRESS_1BP': '-0.0000997494235538852129824612'}",3,0.010025062656641604010025100,1,2026-02-04,2489568.00000000,1682383.00000000
0.00005013787916771120581599398345,4.48076550,54.43494530,144.43362155,1790.74441687,102,1.002807862013638186923390000,0.9973,2670,241,0.9972,1656,173,3590.077802,"{'ZERO': '0.000100280786201363818692339', 'MAKER_A_0.2BP': '0.000060277575034139108633792', 'MAKER_B_0.5BP': '2.75758374135043749216E-7', 'STRESS_1BP': '-0.0000997192699502612915603746'}",4,0.010028078620136381869233900,1,2026-02-04,8006233.00000000,3794205.00000000
0.00005010773162298942726862754923,33.89396850,447.20270100,747.98532175,10481.18876390,96,1.002204850671477249949890000,0.9979,1687,150,0.9978,2285,231,18488.460545,"{'ZERO': '0.000100220485067147724994989', 'MAKER_A_0.2BP': '0.000060217276311920143637616', 'MAKER_B_0.5BP': '2.15463269730881064686E-7', 'STRESS_1BP': '-0.0000997795590254564441330972'}",5,0.010022048506714772499498900,1,2026-02-04,4633623.00000000,10360947.00000000
0.00005014290728576442862157147871,4.64032250,116.28679860,231.45042330,861.98854698,68,1.002908434459933808043330000,0.9972,1656,173,0.9971,1567,108,1645.814516,"{'ZERO': '0.000100290843445993380804333', 'MAKER_A_0.2BP': '0.000060287631876486931198093', 'MAKER_B_0.5BP': '2.85814613090426613962E-7', 'STRESS_1BP': '-0.0000997092147168795305806898'}",6,0.010029084344599338080433300,1,2026-02-04,3794205.00000000,5023265.00000000
0.00005010271055664111428428277970,6.64936950,268.70046640,640.84927420,22895.96728925,54,1.002104419280489026956610000,0.998,1649,90,0.9979,1687,150,24153.591927,"{'ZERO': '0.000100210441928048902695661', 'MAKER_A_0.2BP': '0.000060207233574538850940588', 'MAKER_B_0.5BP': '2.05421134895755462753E-7', 'STRESS_1BP': '-0.0000997896001561282893656721'}",7,0.010021044192804890269566100,1,2026-02-04,2900856.00000000,4633623.00000000
0.00005012782595618828011429144318,11.62122600,216.82545800,2569.81242650,6963.96011200,51,1.002606777621816723481050000,0.9975,1162,185,0.9974,2449,191,7936.278604,"{'ZERO': '0.000100260677762181672348105', 'MAKER_A_0.2BP': '0.000060257467399278443145795', 'MAKER_B_0.5BP': '2.55651945696278450565E-7', 'STRESS_1BP': '-0.0000997393743681577300461251'}",8,0.010026067776218167234810500,1,2026-02-04,1682383.00000000,5373121.00000000
0.00005014793641241662905571435735,3.40688100,69.93273410,200.69175870,642.85455460,42,1.003009027081243731193580000,0.9971,1567,108,0.997,647,68,776.484354,"{'ZERO': '0.000100300902708124373119358', 'MAKER_A_0.2BP': '0.000060297690736255485522185', 'MAKER_B_0.5BP': '2.95872869345499625721E-7', 'STRESS_1BP': '-0.0000996991574663997993380201'}",9,0.010030090270812437311935800,1,2026-02-04,5023265.00000000,2054432.00000000
0.00005009769049646811281999899805,5.55302350,128.83102750,2069.83291325,14994.06102865,36,1.002004008016032064128260000,0.9981,1181,57,0.998,1649,90,21843.318864,"{'ZERO': '0.000100200400801603206412826', 'MAKER_A_0.2BP': '0.000060197192849730179745102', 'MAKER_B_0.5BP': '1.95381012512500627474E-7', 'STRESS_1BP': '-0.0000997996392745494989579198'}",10,0.010020040080160320641282600,1,2026-02-04,2064756.00000000,2900856.00000000
0.00005012280086211217482832940705,8.80644200,82.02778620,219.31485780,1600.74118544,245,1.002506265664160401002510000,0.9976,3358,345,0.9975,5242,478,6831.05344,"{'ZERO': '0.000100250626566416040100251', 'MAKER_A_0.2BP': '0.000060247416605552600727434', 'MAKER_B_0.5BP': '2.45601754999969299781E-7', 'STRESS_1BP': '-0.0000997494235538852129824612'}",1,0.010025062656641604010025100,1,2026-02-05,8933580.00000000,13966131.00000000
0.00005013787916771120581599398345,4.35138800,81.73456760,204.82647080,985.18284532,233,1.002807862013638186923390000,0.9973,4065,417,0.9972,3709,412,4101.310739,"{'ZERO': '0.000100280786201363818692339', 'MAKER_A_0.2BP': '0.000060277575034139108633792', 'MAKER_B_0.5BP': '2.75758374135043749216E-7', 'STRESS_1BP': '-0.0000997192699502612915603746'}",2,0.010028078620136381869233900,1,2026-02-05,9512364.00000000,8029721.00000000
0.00005012782595618828011429144318,6.00022000,50.91497100,186.67091180,2185.95442552,233,1.002606777621816723481050000,0.9975,5242,478,0.9974,4162,416,5508.551688,"{'ZERO': '0.000100260677762181672348105', 'MAKER_A_0.2BP': '0.000060257467399278443145795', 'MAKER_B_0.5BP': '2.55651945696278450565E-7', 'STRESS_1BP': '-0.0000997393743681577300461251'}",3,0.010026067776218167234810500,1,2026-02-05,13966131.00000000,10863519.00000000
0.00005011275369581558506639939865,2.73686250,58.26165650,129.69479655,3340.44069603,202,1.002305302195048611807160000,0.9978,5245,379,0.9977,2248,302,17851.04608,"{'ZERO': '0.000100230530219504861180716', 'MAKER_A_0.2BP': '0.000060227321062479221499062', 'MAKER_B_0.5BP': '2.25507417623004787417E-7', 'STRESS_1BP': '-0.0000997695158819288964157608'}",4,0.010023053021950486118071600,1,2026-02-05,13573191.00000000,6311942.00000000
0.00005013285205795357697899433499,5.1764300,64.43704540,237.00892780,3018.83317746,183,1.002707309736287977539360000,0.9974,4162,416,0.9973,4065,417,3571.563212,"{'ZERO': '0.000100270730973628797753936', 'MAKER_A_0.2BP': '0.000060267520208605153074919', 'MAKER_B_0.5BP': '2.65704151872522687914E-7', 'STRESS_1BP': '-0.0000997293231671518499408457'}",5,0.010027073097362879775393600,1,2026-02-05,10863519.00000000,9512364.00000000
0.00005014290728576442862157147871,5.96770650,71.3538890,184.25341130,723.56210326,178,1.002908434459933808043330000,0.9972,3709,412,0.9971,2702,277,1476.797463,"{'ZERO': '0.000100290843445993380804333', 'MAKER_A_0.2BP': '0.000060287631876486931198093', 'MAKER_B_0.5BP': '2.85814613090426613962E-7', 'STRESS_1BP': '-0.0000997092147168795305806898'}",6,0.010029084344599338080433300,1,2026-02-05,8029721.00000000,5595358.00000000
0.00005010773162298942726862754923,10.68733800,104.41131220,332.84498640,3382.57201644,177,1.002204850671477249949890000,0.9979,2058,237,0.9978,5245,379,19347.877222,"{'ZERO': '0.000100220485067147724994989', 'MAKER_A_0.2BP': '0.000060217276311920143637616', 'MAKER_B_0.5BP': '2.15463269730881064686E-7', 'STRESS_1BP': '-0.0000997795590254564441330972'}",7,0.010022048506714772499498900,1,2026-02-05,5961178.00000000,13573191.00000000
0.00005011777677542224226933293239,4.72769600,110.72352760,588.59728400,3865.08708281,100,1.002405773857257417802730000,0.9977,2248,302,0.9976,3358,345,16245.376139,"{'ZERO': '0.000100240577385725741780273', 'MAKER_A_0.2BP': '0.000060237367826821490835620', 'MAKER_B_0.5BP': '2.35553579177496618353E-7', 'STRESS_1BP': '-0.0000997594707249403367602293'}",8,0.010024057738572574178027300,1,2026-02-05,6311942.00000000,8933580.00000000
0.00005014793641241662905571435735,1.61779300,25.89197220,47.66639190,472.80251104,99,1.003009027081243731193580000,0.9971,2702,277,0.997,830,118,589.856212,"{'ZERO': '0.000100300902708124373119358', 'MAKER_A_0.2BP': '0.000060297690736255485522185', 'MAKER_B_0.5BP': '2.95872869345499625721E-7', 'STRESS_1BP': '-0.0000996991574663997993380201'}",9,0.010030090270812437311935800,1,2026-02-05,5595358.00000000,2660783.00000000
0.00005008765339343851740545955422,6.22968400,50.02183700,78.97709300,434.36303400,61,1.001803245842516529753560000,0.9983,349,72,0.9982,1950,89,455.967141,"{'ZERO': '0.000100180324584251652975356', 'MAKER_A_0.2BP': '0.000060177117435411259717102', 'MAKER_B_0.5BP': '1.75306802682306277393E-7', 'STRESS_1BP': '-0.0000998197114770590662833136'}",10,0.010018032458425165297535600,1,2026-02-05,1311484.00000000,3684208.00000000
0.00005007260527765259626458364629,4.56502500,48.62237420,89.37249570,201.82882152,335,1.001502253380070105157740000,0.9986,3364,530,0.9985,2431,387,2530.414849,"{'ZERO': '0.000100150225338007010515774', 'MAKER_A_0.2BP': '0.000060147019393112388127801', 'MAKER_B_0.5BP': '1.45210566211799575269E-7', 'STRESS_1BP': '-0.0000998498047040563845468232'}",1,0.010015022533800701051577400,1,2026-02-06,3960006.00000000,5872554.00000000
0.00005005255518294208919365333600,5.34418550,109.40290160,212.68676095,722.78635919,242,1.001101211332465712283510000,0.999,2794,365,0.9989,3940,395,14419.722836,"{'ZERO': '0.000100110121133246571228351', 'MAKER_A_0.2BP': '0.000060106916792488056535796', 'MAKER_B_0.5BP': '1.05110371671325333523E-7', 'STRESS_1BP': '-0.0000998899008887778756412075'}",2,0.010011012113324657122835100,1,2026-02-06,5735755.00000000,7028370.00000000
0.00005013285205795357697899433499,1.16396000,8.06388700,12.14185200,33.57569870,211,1.002707309736287977539360000,0.9974,3151,390,0.9973,1610,227,73.972255,"{'ZERO': '0.000100270730973628797753936', 'MAKER_A_0.2BP': '0.000060267520208605153074919', 'MAKER_B_0.5BP': '2.65704151872522687914E-7', 'STRESS_1BP': '-0.0000997293231671518499408457'}",3,0.010027073097362879775393600,1,2026-02-06,3483696.00000000,1599978.00000000
0.00005006759124818504981725329194,7.73239700,68.73534850,137.29978400,1778.31462005,196,1.001401962747846985780090000,0.9987,1534,295,0.9986,3364,530,4529.760012,"{'ZERO': '0.000100140196274784698578009', 'MAKER_A_0.2BP': '0.000060136990731044581992398', 'MAKER_B_0.5BP': '1.35182505845667059727E-7', 'STRESS_1BP': '-0.0000998598317616666132305255'}",4,0.010014019627478469857800900,1,2026-02-06,5305191.00000000,3960006.00000000
0.00005012782595618828011429144318,0.71483150,8.39051930,15.48959605,219.85994251,180,1.002606777621816723481050000,0.9975,1332,242,0.9974,3151,390,562.968741,"{'ZERO': '0.000100260677762181672348105', 'MAKER_A_0.2BP': '0.000060257467399278443145795', 'MAKER_B_0.5BP': '2.55651945696278450565E-7', 'STRESS_1BP': '-0.0000997393743681577300461251'}",5,0.010026067776218167234810500,1,2026-02-06,1485904.00000000,3483696.00000000
0.00005005756620113130099614556740,3.52391600,32.03268740,56.39761120,1766.61816450,154,1.001201441730076091309570000,0.9989,3940,395,0.9988,1076,253,11515.629434,"{'ZERO': '0.000100120144173007609130957', 'MAKER_A_0.2BP': '0.000060116939431335522268329', 'MAKER_B_0.5BP': '1.15132409178499825509E-7', 'STRESS_1BP': '-0.0000998798798534243491950364'}",6,0.010012014417300760913095700,1,2026-02-06,7028370.00000000,3230488.00000000
0.00005000250012500625031251562578,5.70307900,38.80845450,58.19103245,193.38301715,148,1.000100010001000100010000000,1,1659,242,0.9999,2708,213,705.32992,"{'ZERO': '0.000100010001000100010001000', 'MAKER_A_0.2BP': '0.000060006800664066726666267', 'MAKER_B_0.5BP': '5.000250037503125344E-9', 'STRESS_1BP': '-0.0000999900009999000099990001'}",7,0.010001000100010001000100000,1,2026-02-06,1590145.00000000,2527590.00000000
0.00005004754516790951403833641960,8.43854950,210.31501070,417.18034940,4431.12718554,124,1.001001001001001001001000000,0.9991,980,169,0.999,2794,365,17494.382245,"{'ZERO': '0.000100100100100100100100100', 'MAKER_A_0.2BP': '0.000060096896160174894600206', 'MAKER_B_0.5BP': '9.5090340578066191786E-8', 'STRESS_1BP': '-0.0000998999199179181180981001'}",8,0.010010010010010010010010000,1,2026-02-06,2438203.00000000,5735755.00000000
0.00005001750612714450057520132046,1.87832200,35.01464100,92.55774970,2717.02774650,107,1.000400160064025610244100000,0.9997,1352,146,0.9996,1599,182,16912.123751,"{'ZERO': '0.000100040016006402561024410', 'MAKER_A_0.2BP': '0.000060036814469793037112447', 'MAKER_B_0.5BP': '3.5012254989491421787E-8', 'STRESS_1BP': '-0.0000999599919959984793837543'}",9,0.010004001600640256102441000,1,2026-02-06,1967696.00000000,1695047.00000000
0.00005003752814610958218663997998,44.45893500,238.92700280,700.02513040,7349.64506708,103,1.000800640512409927942350000,0.9993,1219,146,0.9992,2556,148,27197.614818,"{'ZERO': '0.000100080064051240992794235', 'MAKER_A_0.2BP': '0.000060076860912741713140117', 'MAKER_B_0.5BP': '7.5056295223669561118E-8', 'STRESS_1BP': '-0.0000999199519599681344915949'}",10,0.010008006405124099279423500,1,2026-02-06,2301715.00000000,3964993.00000000
0.00005004754516790951403833641960,18.01361000,252.18395470,371.98637910,2308.31269237,170,1.001001001001001001001000000,0.9991,1687,208,0.999,2249,236,6506.818941,"{'ZERO': '0.000100100100100100100100100', 'MAKER_A_0.2BP': '0.000060096896160174894600206', 'MAKER_B_0.5BP': '9.5090340578066191786E-8', 'STRESS_1BP': '-0.0000998999199179181180981001'}",1,0.010010010010010010010010000,1,2026-02-07,3739547.00000000,6046033.00000000
0.00005003252113874018111772652224,5.07951400,82.72481020,140.56547620,2907.97692200,137,1.000700490343240268187730000,0.9994,1066,169,0.9993,2220,260,33145.51841,"{'ZERO': '0.000100070049034324026818773', 'MAKER_A_0.2BP': '0.000060066846296417411989997', 'MAKER_B_0.5BP': '6.5042279758322701297E-8', 'STRESS_1BP': '-0.0000999299649740819973841703'}",2,0.010007004903432402681877300,1,2026-02-07,1920147.00000000,3073133.00000000
0.00005003752814610958218663997998,0.64004900,5.58022880,29.41928540,2604.81984614,123,1.000800640512409927942350000,0.9993,2220,260,0.9992,1359,161,32734.14318,"{'ZERO': '0.000100080064051240992794235', 'MAKER_A_0.2BP': '0.000060076860912741713140117', 'MAKER_B_0.5BP': '7.5056295223669561118E-8', 'STRESS_1BP': '-0.0000999199519599681344915949'}",3,0.010008006405124099279423500,1,2026-02-07,3073133.00000000,982304.00000000
0.00005005255518294208919365333600,36.52070350,275.76854600,386.44286650,915.28664115,66,1.001101211332465712283510000,0.999,2249,236,0.9989,1437,93,951.655057,"{'ZERO': '0.000100110121133246571228351', 'MAKER_A_0.2BP': '0.000060106916792488056535796', 'MAKER_B_0.5BP': '1.05110371671325333523E-7', 'STRESS_1BP': '-0.0000998899008887778756412075'}",4,0.010011012113324657122835100,1,2026-02-07,6046033.00000000,3157561.00000000
0.00005001750612714450057520132046,42.08553400,848.29593090,980.20997220,17462.00593652,60,1.000400160064025610244100000,0.9997,1504,102,0.9996,1106,105,40837.067535,"{'ZERO': '0.000100040016006402561024410', 'MAKER_A_0.2BP': '0.000060036814469793037112447', 'MAKER_B_0.5BP': '3.5012254989491421787E-8', 'STRESS_1BP': '-0.0000999599919959984793837543'}",5,0.010004001600640256102441000,1,2026-02-07,1926926.00000000,2859543.00000000
0.00005002251012955830123555600020,23.72081200,134.03631700,460.05558600,24279.95178085,46,1.000500250125062531265630000,0.9996,1106,105,0.9995,295,78,39686.755756,"{'ZERO': '0.000100050025012506253126563', 'MAKER_A_0.2BP': '0.000060046823075544492111659', 'MAKER_B_0.5BP': '4.5020260242615683123E-8', 'STRESS_1BP': '-0.0000999499849914958479139580'}",6,0.010005002501250625312656300,1,2026-02-07,2859543.00000000,480540.00000000
0.00005001250312578144536134033508,91.09931150,781.89825740,1588.46037855,27778.30007525,42,1.000300090027008102430730000,0.9998,841,71,0.9997,1504,102,45302.6568,"{'ZERO': '0.000100030009002700810243073', 'MAKER_A_0.2BP': '0.000060026807866363428958289', 'MAKER_B_0.5BP': '2.5006251938078298646E-8', 'STRESS_1BP': '-0.0000999699969984996098769637'}",7,0.010003000900270081024307300,1,2026-02-07,1315686.00000000,1926926.00000000
0.00005004253615573237251663914327,9.17555100,352.65660710,2852.84192025,16334.14391870,38,1.000900810729656691021920000,0.9992,1359,161,0.9991,1687,208,18367.092894,"{'ZERO': '0.000100090081072965669102192', 'MAKER_A_0.2BP': '0.000060086877533793533918132', 'MAKER_B_0.5BP': '8.5072315296256005937E-8', 'STRESS_1BP': '-0.0000999099369414474827164466'}",8,0.010009008107296566910219200,1,2026-02-07,982304.00000000,3739547.00000000
0.00005002751513332332783030666867,56.83272400,1879.07728340,3459.80309320,24529.96640924,33,1.000600360216129677806680000,0.9995,295,78,0.9994,1066,169,33836.218311,"{'ZERO': '0.000100060036021612967780668', 'MAKER_A_0.2BP': '0.000060056833684218851144290', 'MAKER_B_0.5BP': '5.5030268298472208669E-8', 'STRESS_1BP': '-0.0000999399759843907544406656'}",9,0.010006003602161296778066800,1,2026-02-07,480540.00000000,1920147.00000000
0.00005000750112516877531629744462,35.03594100,1036.62290640,5386.39301300,34386.63488484,29,1.000200040008001600320060000,0.9999,166,34,0.9998,841,71,45347.88489,"{'ZERO': '0.000100020004000800160032006', 'MAKER_A_0.2BP': '0.000060016803264654850931787', 'MAKER_B_0.5BP': '1.5002250487595644223E-8', 'STRESS_1BP': '-0.0000999799999995999599879980'}",10,0.010002000400080016003200600,1,2026-02-07,581880.00000000,1315686.00000000
0.00005003252113874018111772652224,78.02729200,413.10423340,531.86849200,4867.72026320,153,1.000700490343240268187730000,0.9994,1767,256,0.9993,3669,280,6769.33591,"{'ZERO': '0.000100070049034324026818773', 'MAKER_A_0.2BP': '0.000060066846296417411989997', 'MAKER_B_0.5BP': '6.5042279758322701297E-8', 'STRESS_1BP': '-0.0000999299649740819973841703'}",1,0.010007004903432402681877300,1,2026-02-08,3417450.00000000,3857626.00000000
0.00005003752814610958218663997998,27.98275800,233.98500960,472.02804150,772.77842760,127,1.000800640512409927942350000,0.9993,3669,280,0.9992,1745,138,1344.54051,"{'ZERO': '0.000100080064051240992794235', 'MAKER_A_0.2BP': '0.000060076860912741713140117', 'MAKER_B_0.5BP': '7.5056295223669561118E-8', 'STRESS_1BP': '-0.0000999199519599681344915949'}",2,0.010008006405124099279423500,1,2026-02-08,3857626.00000000,1639031.00000000
0.00005002751513332332783030666867,78.86178100,545.82633640,1231.33549405,16214.9860910,102,1.000600360216129677806680000,0.9995,860,153,0.9994,1767,256,22375.651373,"{'ZERO': '0.000100060036021612967780668', 'MAKER_A_0.2BP': '0.000060056833684218851144290', 'MAKER_B_0.5BP': '5.5030268298472208669E-8', 'STRESS_1BP': '-0.0000999399759843907544406656'}",3,0.010006003602161296778066800,1,2026-02-08,1337833.00000000,3417450.00000000
0.00005002251012955830123555600020,4.05894500,303.41361990,659.15561070,36213.11226097,50,1.000500250125062531265630000,0.9996,79,51,0.9995,860,153,70227.781413,"{'ZERO': '0.000100050025012506253126563', 'MAKER_A_0.2BP': '0.000060046823075544492111659', 'MAKER_B_0.5BP': '4.5020260242615683123E-8', 'STRESS_1BP': '-0.0000999499849914958479139580'}",4,0.010005002501250625312656300,1,2026-02-08,24051.00000000,1337833.00000000
0.00005004253615573237251663914327,4.67962400,35.27049700,105.24030300,161.21614780,11,1.000900810729656691021920000,0.9992,1745,138,0.9991,39,11,175.210109,"{'ZERO': '0.000100090081072965669102192', 'MAKER_A_0.2BP': '0.000060086877533793533918132', 'MAKER_B_0.5BP': '8.5072315296256005937E-8', 'STRESS_1BP': '-0.0000999099369414474827164466'}",5,0.010009008107296566910219200,1,2026-02-08,1639031.00000000,6593.00000000
0.0001000700490343240268187731412,4735.21138200,6072.36622990,6272.31423445,6432.27263809,4,2.001601281024819855884710000,0.9994,1767,256,0.9992,1745,138,6472.262239,"{'ZERO': '0.000200160128102481985588471', 'MAKER_A_0.2BP': '0.000160152921841483106286633', 'MAKER_B_0.5BP': '0.000100145112840434839747204', 'STRESS_1BP': '1.40098079863751014810E-7'}",6,0.020016012810248198558847100,2,2026-02-08,3417450.00000000,1639031.00000000
0.0001500975634162205433531795667,10970.5832800,14541.3405920,14987.6852560,15344.7609872,3,3.002401921537229783827060000,0.9995,860,153,0.9992,1745,138,15434.02992,"{'ZERO': '0.000300240192153722978382706', 'MAKER_A_0.2BP': '0.000260228982770224499433150', 'MAKER_B_0.5BP': '0.000200215169385646009933290', 'STRESS_1BP': '0.000100200148119695636521216'}",7,0.030024019215372297838270600,3,2026-02-08,1337833.00000000,1639031.00000000
0.0001000600360216129677806684010,15744.54536500,20927.70239380,21575.59702240,22093.91272528,3,2.001400980686480536375460000,0.9995,860,153,0.9993,3669,280,22223.491651,"{'ZERO': '0.000200140098068648053637546', 'MAKER_A_0.2BP': '0.000160132892608834503986394', 'MAKER_B_0.5BP': '0.000100125084809504146027563', 'STRESS_1BP': '1.20072051636025229660E-7'}",8,0.020014009806864805363754600,2,2026-02-08,1337833.00000000,3857626.00000000
0.0001501125844383287465599199400,3317.71925400,3317.71925400,3317.71925400,3317.71925400,1,3.002702432188970073065760000,0.9994,1767,256,0.9991,39,11,3317.719254,"{'ZERO': '0.000300270243218897007306576', 'MAKER_A_0.2BP': '0.000260259032633379961767194', 'MAKER_B_0.5BP': '0.000200245217445863769267747', 'STRESS_1BP': '0.000100230193175257591846661'}",9,0.030027024321889700730657600,3,2026-02-08,3417450.00000000,6593.00000000
0.0001500825453999699834909200060,60038.06148400,60038.06148400,60038.06148400,60038.06148400,1,3.002101471029720804563190000,0.9996,79,51,0.9993,3669,280,60038.061484,"{'ZERO': '0.000300210147102972080456319', 'MAKER_A_0.2BP': '0.000260198938921251595982791', 'MAKER_B_0.5BP': '0.000200185127339249969353829', 'STRESS_1BP': '0.000100170109077354047843489'}",10,0.030021014710297208045631900,3,2026-02-08,24051.00000000,3857626.00000000
0.00005003752814610958218663997998,17.93935000,146.9622800,259.78918150,576.64256245,156,1.000800640512409927942350000,0.9993,1122,176,0.9992,1354,179,777.424374,"{'ZERO': '0.000100080064051240992794235', 'MAKER_A_0.2BP': '0.000060076860912741713140117', 'MAKER_B_0.5BP': '7.5056295223669561118E-8', 'STRESS_1BP': '-0.0000999199519599681344915949'}",1,0.010008006405124099279423500,1,2026-02-09,1384458.00000000,1518122.00000000
0.00005005255518294208919365333600,38.04602600,371.09833540,461.57879960,6358.53561552,109,1.001101211332465712283510000,0.999,888,157,0.9989,1032,175,16761.473191,"{'ZERO': '0.000100110121133246571228351', 'MAKER_A_0.2BP': '0.000060106916792488056535796', 'MAKER_B_0.5BP': '1.05110371671325333523E-7', 'STRESS_1BP': '-0.0000998899008887778756412075'}",2,0.010011012113324657122835100,1,2026-02-09,2792672.00000000,3069732.00000000
0.00005005756620113130099614556740,42.63837200,224.02835020,282.77964620,5777.03086268,67,1.001201441730076091309570000,0.9989,1032,175,0.9988,355,79,16188.183539,"{'ZERO': '0.000100120144173007609130957', 'MAKER_A_0.2BP': '0.000060116939431335522268329', 'MAKER_B_0.5BP': '1.15132409178499825509E-7', 'STRESS_1BP': '-0.0000998798798534243491950364'}",3,0.010012014417300760913095700,1,2026-02-09,3069732.00000000,1008904.00000000
0.00005004754516790951403833641960,118.94944000,689.38617660,2131.28616430,19382.52318340,47,1.001001001001001001001000000,0.9991,684,70,0.999,888,157,29893.022179,"{'ZERO': '0.000100100100100100100100100', 'MAKER_A_0.2BP': '0.000060096896160174894600206', 'MAKER_B_0.5BP': '9.5090340578066191786E-8', 'STRESS_1BP': '-0.0000998999199179181180981001'}",4,0.010010010010010010010010000,1,2026-02-09,2219787.00000000,2792672.00000000
0.00005002751513332332783030666867,3.23749150,135.80228550,685.43890280,1094.23480073,40,1.000600360216129677806680000,0.9995,40,40,0.9994,366,60,1239.59084,"{'ZERO': '0.000100060036021612967780668', 'MAKER_A_0.2BP': '0.000060056833684218851144290', 'MAKER_B_0.5BP': '5.5030268298472208669E-8', 'STRESS_1BP': '-0.0000999399759843907544406656'}",5,0.010006003602161296778066800,1,2026-02-09,817.00000000,300676.00000000
0.00005007260527765259626458364629,23.3902800,66.15518700,110.39167480,251.52789236,35,1.001502253380070105157740000,0.9986,856,61,0.9985,122,35,319.358928,"{'ZERO': '0.000100150225338007010515774', 'MAKER_A_0.2BP': '0.000060147019393112388127801', 'MAKER_B_0.5BP': '1.45210566211799575269E-7', 'STRESS_1BP': '-0.0000998498047040563845468232'}",6,0.010015022533800701051577400,1,2026-02-09,2889469.00000000,1224427.00000000
0.00005006759124818504981725329194,36.94496900,132.33747300,1529.87437070,5541.89677048,27,1.001401962747846985780090000,0.9987,587,39,0.9986,856,61,6741.466545,"{'ZERO': '0.000100140196274784698578009', 'MAKER_A_0.2BP': '0.000060136990731044581992398', 'MAKER_B_0.5BP': '1.35182505845667059727E-7', 'STRESS_1BP': '-0.0000998598317616666132305255'}",7,0.010014019627478469857800900,1,2026-02-09,2624208.00000000,2889469.00000000
0.00005004253615573237251663914327,39.73533000,1123.24541290,10352.06340960,33194.86063346,22,1.000900810729656691021920000,0.9992,1354,179,0.9991,684,70,39138.217082,"{'ZERO': '0.000100090081072965669102192', 'MAKER_A_0.2BP': '0.000060086877533793533918132', 'MAKER_B_0.5BP': '8.5072315296256005937E-8', 'STRESS_1BP': '-0.0000999099369414474827164466'}",8,0.010009008107296566910219200,1,2026-02-09,1518122.00000000,2219787.00000000
0.00005003252113874018111772652224,21.93986300,74.58384940,81.24680030,127.38412166,19,1.000700490343240268187730000,0.9994,366,60,0.9993,1122,176,138.918452,"{'ZERO': '0.000100070049034324026818773', 'MAKER_A_0.2BP': '0.000060066846296417411989997', 'MAKER_B_0.5BP': '6.5042279758322701297E-8', 'STRESS_1BP': '-0.0000999299649740819973841703'}",9,0.010007004903432402681877300,1,2026-02-09,300676.00000000,1384458.00000000
0.00005006257822277847309136420526,52.54184150,4420.67638270,5867.26792245,7128.54823329,12,1.001301692199859817763090000,0.9988,355,79,0.9987,587,39,7443.868311,"{'ZERO': '0.000100130169219985981776309', 'MAKER_A_0.2BP': '0.000060126964077320035655961', 'MAKER_B_0.5BP': '1.25156453702297362352E-7', 'STRESS_1BP': '-0.0000998698568112548913327352'}",10,0.010013016921998598177630900,1,2026-02-09,1008904.00000000,2624208.00000000
0.00005005255518294208919365333600,32.77618600,242.16185320,449.23555860,3091.63884960,165,1.001101211332465712283510000,0.999,1213,194,0.9989,2494,232,33888.697296,"{'ZERO': '0.000100110121133246571228351', 'MAKER_A_0.2BP': '0.000060106916792488056535796', 'MAKER_B_0.5BP': '1.05110371671325333523E-7', 'STRESS_1BP': '-0.0000998899008887778756412075'}",1,0.010011012113324657122835100,1,2026-02-10,3041684.00000000,3917206.00000000
0.00005007260527765259626458364629,33.66071900,341.37917600,678.57021350,3188.07354780,71,1.001502253380070105157740000,0.9986,1106,91,0.9985,831,101,4133.683266,"{'ZERO': '0.000100150225338007010515774', 'MAKER_A_0.2BP': '0.000060147019393112388127801', 'MAKER_B_0.5BP': '1.45210566211799575269E-7', 'STRESS_1BP': '-0.0000998498047040563845468232'}",2,0.010015022533800701051577400,1,2026-02-10,2063589.00000000,3483936.00000000
0.00005005756620113130099614556740,26.30727100,242.15091550,836.53063775,11477.09246405,66,1.001201441730076091309570000,0.9989,2494,232,0.9988,931,115,28325.871309,"{'ZERO': '0.000100120144173007609130957', 'MAKER_A_0.2BP': '0.000060116939431335522268329', 'MAKER_B_0.5BP': '1.15132409178499825509E-7', 'STRESS_1BP': '-0.0000998798798534243491950364'}",3,0.010012014417300760913095700,1,2026-02-10,3917206.00000000,2143640.00000000
0.00005006257822277847309136420526,28.64820000,292.07320320,661.34678500,12725.99366516,49,1.001301692199859817763090000,0.9988,931,115,0.9987,841,68,23118.476573,"{'ZERO': '0.000100130169219985981776309', 'MAKER_A_0.2BP': '0.000060126964077320035655961', 'MAKER_B_0.5BP': '1.25156453702297362352E-7', 'STRESS_1BP': '-0.0000998698568112548913327352'}",4,0.010013016921998598177630900,1,2026-02-10,2143640.00000000,4183710.00000000
0.00005007762031148279833742300566,14.45245350,451.03524370,670.20963445,2008.49585112,32,1.001602564102564102564100000,0.9985,831,101,0.9984,1696,55,2542.962929,"{'ZERO': '0.000100160256410256410256410', 'MAKER_A_0.2BP': '0.000060157050064126922589753', 'MAKER_B_0.5BP': '1.55240635404127229536E-7', 'STRESS_1BP': '-0.0000998397756378208333012853'}",5,0.010016025641025641025641000,1,2026-02-10,3483936.00000000,3191308.00000000
0.00005004754516790951403833641960,52.01195000,1835.08149610,12093.28526875,34601.85479272,28,1.001001001001001001001000000,0.9991,29,28,0.999,1213,194,41534.18068,"{'ZERO': '0.000100100100100100100100100', 'MAKER_A_0.2BP': '0.000060096896160174894600206', 'MAKER_B_0.5BP': '9.5090340578066191786E-8', 'STRESS_1BP': '-0.0000998999199179181180981001'}",6,0.010010010010010010010010000,1,2026-02-10,78689.00000000,3041684.00000000
0.00005008263634997746281364251014,6.03404850,11.89918180,29.81670090,63.19506721,22,1.001702894921366322748670000,0.9984,1696,55,0.9983,153,22,71.818507,"{'ZERO': '0.000100170289492136632274867', 'MAKER_A_0.2BP': '0.000060167082744691895704308', 'MAKER_B_0.5BP': '1.65272714026324127047E-7', 'STRESS_1BP': '-0.0000998297445623563457537848'}",7,0.010017028949213663227486700,1,2026-02-10,3191308.00000000,78064.00000000
0.00005006759124818504981725329194,7.07773600,352.01443200,2535.41663240,17879.17215848,19,1.001401962747846985780090000,0.9987,841,68,0.9986,1106,91,21715.11104,"{'ZERO': '0.000100140196274784698578009', 'MAKER_A_0.2BP': '0.000060136990731044581992398', 'MAKER_B_0.5BP': '1.35182505845667059727E-7', 'STRESS_1BP': '-0.0000998598317616666132305255'}",8,0.010014019627478469857800900,1,2026-02-10,4183710.00000000,2063589.00000000
0.0001001502253380070105157736605,282.29090900,2986.80454720,3458.78116760,3836.36246392,9,2.003205128205128205128210000,0.9986,1106,91,0.9984,1696,55,3930.757788,"{'ZERO': '0.000200320512820512820512821', 'MAKER_A_0.2BP': '0.000160313300144253525185907', 'MAKER_B_0.5BP': '0.000100305481520795755084041', 'STRESS_1BP': '3.00450724158353395430E-7'}",9,0.020032051282051282051282100,2,2026-02-10,2063589.00000000,3191308.00000000
0.0001001101211332465712283511863,466.93777900,20175.05914600,27001.70479600,32463.02131600,6,2.002402883460152182619140000,0.999,1213,194,0.9988,931,115,33828.350446,"{'ZERO': '0.000200240288346015218261914', 'MAKER_A_0.2BP': '0.000160233078878670724543058', 'MAKER_B_0.5BP': '0.000100225265068344500275987', 'STRESS_1BP': '2.20242292951321607927E-7'}",10,0.020024028834601521826191400,2,2026-02-10,3041684.00000000,2143640.00000000
0.00005005756620113130099614556740,7.76959500,304.80029700,718.59650980,4643.99733368,197,1.001201441730076091309570000,0.9989,3100,314,0.9988,3583,302,12664.473001,"{'ZERO': '0.000100120144173007609130957', 'MAKER_A_0.2BP': '0.000060116939431335522268329', 'MAKER_B_0.5BP': '1.15132409178499825509E-7', 'STRESS_1BP': '-0.0000998798798534243491950364'}",1,0.010012014417300760913095700,1,2026-02-11,4702552.00000000,5159185.00000000
0.00005005255518294208919365333600,22.97121900,295.76352050,448.89050175,14592.50064780,116,1.001101211332465712283510000,0.999,1326,125,0.9989,3100,314,15387.069505,"{'ZERO': '0.000100110121133246571228351', 'MAKER_A_0.2BP': '0.000060106916792488056535796', 'MAKER_B_0.5BP': '1.05110371671325333523E-7', 'STRESS_1BP': '-0.0000998899008887778756412075'}",2,0.010011012113324657122835100,1,2026-02-11,3124834.00000000,4702552.00000000
0.00005006257822277847309136420526,15.85446550,347.34123890,678.14149105,6828.88018358,104,1.001301692199859817763090000,0.9988,3583,302,0.9987,1677,162,7107.746404,"{'ZERO': '0.000100130169219985981776309', 'MAKER_A_0.2BP': '0.000060126964077320035655961', 'MAKER_B_0.5BP': '1.25156453702297362352E-7', 'STRESS_1BP': '-0.0000998698568112548913327352'}",3,0.010013016921998598177630900,1,2026-02-11,5159185.00000000,4220485.00000000
0.00005006759124818504981725329194,14.15271500,311.65715580,491.22478520,2071.52287756,58,1.001401962747846985780090000,0.9987,1677,162,0.9986,2014,88,4118.473528,"{'ZERO': '0.000100140196274784698578009', 'MAKER_A_0.2BP': '0.000060136990731044581992398', 'MAKER_B_0.5BP': '1.35182505845667059727E-7', 'STRESS_1BP': '-0.0000998598317616666132305255'}",4,0.010014019627478469857800900,1,2026-02-11,4220485.00000000,2023721.00000000
0.00005007260527765259626458364629,7.54196150,20.70023380,43.26876710,57.42332173,30,1.001502253380070105157740000,0.9986,2014,88,0.9985,39,30,61.730565,"{'ZERO': '0.000100150225338007010515774', 'MAKER_A_0.2BP': '0.000060147019393112388127801', 'MAKER_B_0.5BP': '1.45210566211799575269E-7', 'STRESS_1BP': '-0.0000998498047040563845468232'}",5,0.010015022533800701051577400,1,2026-02-11,2023721.00000000,772158.00000000
0.0001001201441730076091309571486,2607.23720600,8922.78507480,10717.40611840,12153.10295328,9,2.002603384399719635526180000,0.9989,3100,314,0.9987,1677,162,12512.027162,"{'ZERO': '0.000200260338439971963552618', 'MAKER_A_0.2BP': '0.000160253128170639751318321', 'MAKER_B_0.5BP': '0.000100245313157392095349673', 'STRESS_1BP': '2.40288377290237332530E-7'}",6,0.020026033843997196355261800,2,2026-02-11,4702552.00000000,4220485.00000000
0.00005004754516790951403833641960,465.34264300,1595.81620620,2368.94160260,2987.44191972,9,1.001001001001001001001000000,0.9991,16,9,0.999,1326,125,3142.066999,"{'ZERO': '0.000100100100100100100100100', 'MAKER_A_0.2BP': '0.000060096896160174894600206', 'MAKER_B_0.5BP': '9.5090340578066191786E-8', 'STRESS_1BP': '-0.0000998999199179181180981001'}",7,0.010010010010010010010010000,1,2026-02-11,887.00000000,3124834.00000000
0.0001001101211332465712283511863,4992.51996300,14814.57209160,14906.34279480,14979.75935736,7,2.002402883460152182619140000,0.999,1326,125,0.9988,3583,302,14998.113498,"{'ZERO': '0.000200240288346015218261914', 'MAKER_A_0.2BP': '0.000160233078878670724543058', 'MAKER_B_0.5BP': '0.000100225265068344500275987', 'STRESS_1BP': '2.20242292951321607927E-7'}",8,0.020024028834601521826191400,2,2026-02-11,3124834.00000000,5159185.00000000
0.0001501726986033939029884367022,11528.87790700,14073.50172880,14357.99121190,14585.58279838,4,3.003905076599579453289280000,0.999,1326,125,0.9987,1677,162,14642.480695,"{'ZERO': '0.000300390507659957945328928', 'MAKER_A_0.2BP': '0.000260379292263959466980681', 'MAKER_B_0.5BP': '0.000200365469861081893336994', 'STRESS_1BP': '0.000100350433565835365997795'}",9,0.030039050765995794532892800,3,2026-02-11,3124834.00000000,4220485.00000000
0.0001001401962747846985780092129,392.43696850,2974.54292910,3523.54231005,3962.74181481,4,2.003004506760140210315470000,0.9987,1677,162,0.9985,39,30,4072.541691,"{'ZERO': '0.000200300450676014021031547', 'MAKER_A_0.2BP': '0.000160293238802224456262001', 'MAKER_B_0.5BP': '0.000100285421382411099775507', 'STRESS_1BP': '2.80392591687250904354E-7'}",10,0.020030045067601402103154700,2,2026-02-11,4220485.00000000,772158.00000000
0.00005006257822277847309136420526,6.30868600,62.48903180,231.44264980,4367.99187116,169,1.001301692199859817763090000,0.9988,4339,279,0.9987,3160,332,5519.463377,"{'ZERO': '0.000100130169219985981776309', 'MAKER_A_0.2BP': '0.000060126964077320035655961', 'MAKER_B_0.5BP': '1.25156453702297362352E-7', 'STRESS_1BP': '-0.0000998698568112548913327352'}",1,0.010013016921998598177630900,1,2026-02-12,5702524.00000000,5090032.00000000
0.00005006759124818504981725329194,7.84549950,119.25360860,243.87762675,474.24216799,162,1.001401962747846985780090000,0.9987,3160,332,0.9986,1230,180,737.253616,"{'ZERO': '0.000100140196274784698578009', 'MAKER_A_0.2BP': '0.000060136990731044581992398', 'MAKER_B_0.5BP': '1.35182505845667059727E-7', 'STRESS_1BP': '-0.0000998598317616666132305255'}",2,0.010014019627478469857800900,1,2026-02-12,5090032.00000000,1925883.00000000
0.00005005756620113130099614556740,32.50698100,411.19393060,1099.11314800,6251.69470060,109,1.001201441730076091309570000,0.9989,1025,116,0.9988,4339,279,25057.009723,"{'ZERO': '0.000100120144173007609130957', 'MAKER_A_0.2BP': '0.000060116939431335522268329', 'MAKER_B_0.5BP': '1.15132409178499825509E-7', 'STRESS_1BP': '-0.0000998798798534243491950364'}",3,0.010012014417300760913095700,1,2026-02-12,1374445.00000000,5702524.00000000
0.00005008765339343851740545955422,23.82758500,82.49798860,130.02017540,531.33797764,47,1.001803245842516529753560000,0.9983,1095,59,0.9982,400,55,859.496718,"{'ZERO': '0.000100180324584251652975356', 'MAKER_A_0.2BP': '0.000060177117435411259717102', 'MAKER_B_0.5BP': '1.75306802682306277393E-7', 'STRESS_1BP': '-0.0000998197114770590662833136'}",4,0.010018032458425165297535600,1,2026-02-12,2959966.00000000,547265.00000000
0.00005004754516790951403833641960,57.18234350,217.72360410,221.15352355,437.93970155,22,1.001001001001001001001000000,0.9991,375,29,0.999,232,26,495.561947,"{'ZERO': '0.000100100100100100100100100', 'MAKER_A_0.2BP': '0.000060096896160174894600206', 'MAKER_B_0.5BP': '9.5090340578066191786E-8', 'STRESS_1BP': '-0.0000998999199179181180981001'}",5,0.010010010010010010010010000,1,2026-02-12,796421.00000000,593168.00000000
0.00005007260527765259626458364629,6.29338800,20.26668700,230.30285800,873.03437800,17,1.001502253380070105157740000,0.9986,1230,180,0.9985,343,27,1033.717258,"{'ZERO': '0.000100150225338007010515774', 'MAKER_A_0.2BP': '0.000060147019393112388127801', 'MAKER_B_0.5BP': '1.45210566211799575269E-7', 'STRESS_1BP': '-0.0000998498047040563845468232'}",6,0.010015022533800701051577400,1,2026-02-12,1925883.00000000,1169008.00000000
0.00005008263634997746281364251014,82.47764800,3769.63831600,4270.75833250,4671.65434570,11,1.001702894921366322748670000,0.9984,315,21,0.9983,1095,59,4771.878349,"{'ZERO': '0.000100170289492136632274867', 'MAKER_A_0.2BP': '0.000060167082744691895704308', 'MAKER_B_0.5BP': '1.65272714026324127047E-7', 'STRESS_1BP': '-0.0000998297445623563457537848'}",7,0.010017028949213663227486700,1,2026-02-12,1117249.00000000,2959966.00000000
0.0001001201441730076091309571486,996.60996400,9684.16990300,16661.40241100,22243.18841740,9,2.002603384399719635526180000,0.9989,1025,116,0.9987,3160,332,23638.634919,"{'ZERO': '0.000200260338439971963552618', 'MAKER_A_0.2BP': '0.000160253128170639751318321', 'MAKER_B_0.5BP': '0.000100245313157392095349673', 'STRESS_1BP': '2.40288377290237332530E-7'}",8,0.020026033843997196355261800,2,2026-02-12,1374445.00000000,5090032.00000000
0.00005007762031148279833742300566,3.37432600,24.00179240,33.61094120,41.29826024,9,1.001602564102564102564100000,0.9985,343,27,0.9984,315,21,43.22009,"{'ZERO': '0.000100160256410256410256410', 'MAKER_A_0.2BP': '0.000060157050064126922589753', 'MAKER_B_0.5BP': '1.55240635404127229536E-7', 'STRESS_1BP': '-0.0000998397756378208333012853'}",9,0.010016025641025641025641000,1,2026-02-12,1169008.00000000,1117249.00000000
0.00005009267144216801082001703151,4.42683000,26.44396790,29.23306645,31.46434529,8,1.001903616872056908125440000,0.9982,400,55,0.9981,12,8,32.022165,"{'ZERO': '0.000100190361687205690812544', 'MAKER_A_0.2BP': '0.000060187154136889208914549', 'MAKER_B_0.5BP': '1.85342901976231716417E-7', 'STRESS_1BP': '-0.0000998096763813248972668107'}",10,0.010019036168720569081254400,1,2026-02-12,547265.00000000,2301.00000000
0.00005007260527765259626458364629,107.85670900,651.38857440,773.87538340,5089.61599206,87,1.001502253380070105157740000,0.9986,1451,117,0.9985,1249,121,5290.346209,"{'ZERO': '0.000100150225338007010515774', 'MAKER_A_0.2BP': '0.000060147019393112388127801', 'MAKER_B_0.5BP': '1.45210566211799575269E-7', 'STRESS_1BP': '-0.0000998498047040563845468232'}",1,0.010015022533800701051577400,1,2026-02-13,2692505.00000000,2199050.00000000
0.00005004754516790951403833641960,35.53362700,240.35320290,331.19069510,1351.06772039,50,1.001001001001001001001000000,0.9991,955,81,0.999,1178,92,2291.232234,"{'ZERO': '0.000100100100100100100100100', 'MAKER_A_0.2BP': '0.000060096896160174894600206', 'MAKER_B_0.5BP': '9.5090340578066191786E-8', 'STRESS_1BP': '-0.0000998999199179181180981001'}",2,0.010010010010010010010010000,1,2026-02-13,2092185.00000000,1822446.00000000
0.00005005255518294208919365333600,11.93268400,101.31831700,348.45864540,920.90080492,43,1.001101211332465712283510000,0.999,1178,92,0.9989,1933,63,1061.79328,"{'ZERO': '0.000100110121133246571228351', 'MAKER_A_0.2BP': '0.000060106916792488056535796', 'MAKER_B_0.5BP': '1.05110371671325333523E-7', 'STRESS_1BP': '-0.0000998899008887778756412075'}",3,0.010011012113324657122835100,1,2026-02-13,1822446.00000000,2481276.00000000
0.00005007762031148279833742300566,50.46198600,673.17390080,1629.17178910,6353.05872138,35,1.001602564102564102564100000,0.9985,1249,121,0.9984,1085,64,8582.04675,"{'ZERO': '0.000100160256410256410256410', 'MAKER_A_0.2BP': '0.000060157050064126922589753', 'MAKER_B_0.5BP': '1.55240635404127229536E-7', 'STRESS_1BP': '-0.0000998397756378208333012853'}",4,0.010016025641025641025641000,1,2026-02-13,2199050.00000000,1302657.00000000
0.00005004253615573237251663914327,96.51306300,831.73344860,1344.07189340,2975.76862433,32,1.000900810729656691021920000,0.9992,737,50,0.9991,955,81,3702.744527,"{'ZERO': '0.000100090081072965669102192', 'MAKER_A_0.2BP': '0.000060086877533793533918132', 'MAKER_B_0.5BP': '8.5072315296256005937E-8', 'STRESS_1BP': '-0.0000999099369414474827164466'}",5,0.010009008107296566910219200,1,2026-02-13,2777263.00000000,2092185.00000000
0.00005006759124818504981725329194,26.81869000,293.31311300,395.41865950,23793.79730420,31,1.001401962747846985780090000,0.9987,404,35,0.9986,1451,117,33810.059498,"{'ZERO': '0.000100140196274784698578009', 'MAKER_A_0.2BP': '0.000060136990731044581992398', 'MAKER_B_0.5BP': '1.35182505845667059727E-7', 'STRESS_1BP': '-0.0000998598317616666132305255'}",6,0.010014019627478469857800900,1,2026-02-13,620940.00000000,2692505.00000000
0.00005003252113874018111772652224,74.82785200,494.28463400,527.77569450,3827.23488840,31,1.000700490343240268187730000,0.9994,280,33,0.9993,245,50,5230.053567,"{'ZERO': '0.000100070049034324026818773', 'MAKER_A_0.2BP': '0.000060066846296417411989997', 'MAKER_B_0.5BP': '6.5042279758322701297E-8', 'STRESS_1BP': '-0.0000999299649740819973841703'}",7,0.010007004903432402681877300,1,2026-02-13,174611.00000000,1033109.00000000
0.00005008263634997746281364251014,46.73867900,766.68193510,1372.38426800,1679.24743574,30,1.001702894921366322748670000,0.9984,1085,64,0.9983,842,35,1679.250566,"{'ZERO': '0.000100170289492136632274867', 'MAKER_A_0.2BP': '0.000060167082744691895704308', 'MAKER_B_0.5BP': '1.65272714026324127047E-7', 'STRESS_1BP': '-0.0000998297445623563457537848'}",8,0.010017028949213663227486700,1,2026-02-13,1302657.00000000,1002122.00000000
0.00005005756620113130099614556740,22.50797600,175.24145180,203.93900290,354.78967250,23,1.001201441730076091309570000,0.9989,1933,63,0.9988,214,27,396.579008,"{'ZERO': '0.000100120144173007609130957', 'MAKER_A_0.2BP': '0.000060116939431335522268329', 'MAKER_B_0.5BP': '1.15132409178499825509E-7', 'STRESS_1BP': '-0.0000998798798534243491950364'}",9,0.010012014417300760913095700,1,2026-02-13,2481276.00000000,244854.00000000
0.00005003752814610958218663997998,142.96315000,1223.80614140,2681.95376810,3155.74171202,19,1.000800640512409927942350000,0.9993,245,50,0.9992,737,50,3274.188698,"{'ZERO': '0.000100080064051240992794235', 'MAKER_A_0.2BP': '0.000060076860912741713140117', 'MAKER_B_0.5BP': '7.5056295223669561118E-8', 'STRESS_1BP': '-0.0000999199519599681344915949'}",10,0.010008006405124099279423500,1,2026-02-13,1033109.00000000,2777263.00000000
0.00005005255518294208919365333600,17.55424400,330.18914210,524.27803525,806.26281068,104,1.001101211332465712283510000,0.999,831,134,0.9989,857,131,7842.765429,"{'ZERO': '0.000100110121133246571228351', 'MAKER_A_0.2BP': '0.000060106916792488056535796', 'MAKER_B_0.5BP': '1.05110371671325333523E-7', 'STRESS_1BP': '-0.0000998899008887778756412075'}",1,0.010011012113324657122835100,1,2026-02-14,1336128.00000000,1146468.00000000
0.00005004754516790951403833641960,126.60161700,415.98900540,444.25082920,3363.84423160,29,1.001001001001001001001000000,0.9991,467,34,0.999,831,134,4493.718909,"{'ZERO': '0.000100100100100100100100100', 'MAKER_A_0.2BP': '0.000060096896160174894600206', 'MAKER_B_0.5BP': '9.5090340578066191786E-8', 'STRESS_1BP': '-0.0000998999199179181180981001'}",2,0.010010010010010010010010000,1,2026-02-14,437159.00000000,1336128.00000000
0.00005003252113874018111772652224,129.80094500,2814.13178840,4952.20520100,5454.46210020,29,1.000700490343240268187730000,0.9994,260,46,0.9993,1106,57,5604.816902,"{'ZERO': '0.000100070049034324026818773', 'MAKER_A_0.2BP': '0.000060066846296417411989997', 'MAKER_B_0.5BP': '6.5042279758322701297E-8', 'STRESS_1BP': '-0.0000999299649740819973841703'}",3,0.010007004903432402681877300,1,2026-02-14,378632.00000000,3196760.00000000
0.00005003752814610958218663997998,278.01076450,848.10132510,1183.65192240,1422.78703138,28,1.000800640512409927942350000,0.9993,1106,57,0.9992,527,33,1446.323014,"{'ZERO': '0.000100080064051240992794235', 'MAKER_A_0.2BP': '0.000060076860912741713140117', 'MAKER_B_0.5BP': '7.5056295223669561118E-8', 'STRESS_1BP': '-0.0000999199519599681344915949'}",4,0.010008006405124099279423500,1,2026-02-14,3196760.00000000,1123995.00000000
0.00005005756620113130099614556740,58.37595700,294.70011560,344.86840060,527.40926852,27,1.001201441730076091309570000,0.9989,857,131,0.9988,91,27,590.912721,"{'ZERO': '0.000100120144173007609130957', 'MAKER_A_0.2BP': '0.000060116939431335522268329', 'MAKER_B_0.5BP': '1.15132409178499825509E-7', 'STRESS_1BP': '-0.0000998798798534243491950364'}",5,0.010012014417300760913095700,1,2026-02-14,1146468.00000000,94078.00000000
0.00005002251012955830123555600020,201.46597400,566.65725340,752.35619540,1941.15741312,25,1.000500250125062531265630000,0.9996,1056,50,0.9995,972,44,2306.229738,"{'ZERO': '0.000100050025012506253126563', 'MAKER_A_0.2BP': '0.000060046823075544492111659', 'MAKER_B_0.5BP': '4.5020260242615683123E-8', 'STRESS_1BP': '-0.0000999499849914958479139580'}",6,0.010005002501250625312656300,1,2026-02-14,1996477.00000000,972046.00000000
0.00005001750612714450057520132046,71.41626400,1175.48275700,2332.18876340,3567.95294112,25,1.000400160064025610244100000,0.9997,157,41,0.9996,1056,50,3880.805832,"{'ZERO': '0.000100040016006402561024410', 'MAKER_A_0.2BP': '0.000060036814469793037112447', 'MAKER_B_0.5BP': '3.5012254989491421787E-8', 'STRESS_1BP': '-0.0000999599919959984793837543'}",7,0.010004001600640256102441000,1,2026-02-14,540758.00000000,1996477.00000000
0.00005002751513332332783030666867,1.61433500,31.95135340,3877.58299780,16155.37567876,17,1.000600360216129677806680000,0.9995,972,44,0.9994,260,46,19224.823849,"{'ZERO': '0.000100060036021612967780668', 'MAKER_A_0.2BP': '0.000060056833684218851144290', 'MAKER_B_0.5BP': '5.5030268298472208669E-8', 'STRESS_1BP': '-0.0000999399759843907544406656'}",8,0.010006003602161296778066800,1,2026-02-14,972046.00000000,378632.00000000
0.00005000750112516877531629744462,10.32799800,1103.94981020,2419.23735100,3163.53537980,17,1.000200040008001600320060000,0.9999,366,17,0.9998,253,32,3349.609887,"{'ZERO': '0.000100020004000800160032006', 'MAKER_A_0.2BP': '0.000060016803264654850931787', 'MAKER_B_0.5BP': '1.5002250487595644223E-8', 'STRESS_1BP': '-0.0000999799999995999599879980'}",9,0.010002000400080016003200600,1,2026-02-14,259386.00000000,194172.00000000
0.00005001250312578144536134033508,55.23634800,1722.13222920,4434.12836220,9092.87444524,15,1.000300090027008102430730000,0.9998,253,32,0.9997,157,41,10257.560966,"{'ZERO': '0.000100030009002700810243073', 'MAKER_A_0.2BP': '0.000060026807866363428958289', 'MAKER_B_0.5BP': '2.5006251938078298646E-8', 'STRESS_1BP': '-0.0000999699969984996098769637'}",10,0.010003000900270081024307300,1,2026-02-14,194172.00000000,540758.00000000
0.00005004253615573237251663914327,7.37624050,213.42012040,439.78782810,2766.28062827,112,1.000900810729656691021920000,0.9992,1972,157,0.9991,1818,167,5796.817088,"{'ZERO': '0.000100090081072965669102192', 'MAKER_A_0.2BP': '0.000060086877533793533918132', 'MAKER_B_0.5BP': '8.5072315296256005937E-8', 'STRESS_1BP': '-0.0000999099369414474827164466'}",1,0.010009008107296566910219200,1,2026-02-15,3451130.00000000,2944973.00000000
0.00005005255518294208919365333600,2.00583200,413.25209060,803.89729785,1401.27521071,64,1.001101211332465712283510000,0.999,1654,113,0.9989,1464,128,1402.086073,"{'ZERO': '0.000100110121133246571228351', 'MAKER_A_0.2BP': '0.000060106916792488056535796', 'MAKER_B_0.5BP': '1.05110371671325333523E-7', 'STRESS_1BP': '-0.0000998899008887778756412075'}",2,0.010011012113324657122835100,1,2026-02-15,3368018.00000000,1579879.00000000
0.00005005756620113130099614556740,12.39346950,249.13622150,306.60042850,8427.78543285,56,1.001201441730076091309570000,0.9989,1464,128,0.9988,1014,113,18177.984063,"{'ZERO': '0.000100120144173007609130957', 'MAKER_A_0.2BP': '0.000060116939431335522268329', 'MAKER_B_0.5BP': '1.15132409178499825509E-7', 'STRESS_1BP': '-0.0000998798798534243491950364'}",3,0.010012014417300760913095700,1,2026-02-15,1579879.00000000,2445316.00000000
0.00005004754516790951403833641960,18.28079600,460.10408350,684.33965125,1505.01685960,56,1.001001001001001001001000000,0.9991,1818,167,0.999,1654,113,1773.966457,"{'ZERO': '0.000100100100100100100100100', 'MAKER_A_0.2BP': '0.000060096896160174894600206', 'MAKER_B_0.5BP': '9.5090340578066191786E-8', 'STRESS_1BP': '-0.0000998999199179181180981001'}",4,0.010010010010010010010010000,1,2026-02-15,2944973.00000000,3368018.00000000
0.00005006257822277847309136420526,60.56772700,473.01037700,595.40495920,733.55813286,47,1.001301692199859817763090000,0.9988,1014,113,0.9987,722,87,740.522698,"{'ZERO': '0.000100130169219985981776309', 'MAKER_A_0.2BP': '0.000060126964077320035655961', 'MAKER_B_0.5BP': '1.25156453702297362352E-7', 'STRESS_1BP': '-0.0000998698568112548913327352'}",5,0.010013016921998598177630900,1,2026-02-15,2445316.00000000,1233488.00000000
0.00005002751513332332783030666867,40.80509350,551.04208150,1000.68370950,13199.40220685,46,1.000600360216129677806680000,0.9995,1123,80,0.9994,1149,98,19695.778277,"{'ZERO': '0.000100060036021612967780668', 'MAKER_A_0.2BP': '0.000060056833684218851144290', 'MAKER_B_0.5BP': '5.5030268298472208669E-8', 'STRESS_1BP': '-0.0000999399759843907544406656'}",6,0.010006003602161296778066800,1,2026-02-15,2765143.00000000,1375478.00000000
0.00005003752814610958218663997998,7.93186700,307.24785460,1247.56231080,7638.37657128,45,1.000800640512409927942350000,0.9993,922,81,0.9992,1972,157,11496.691796,"{'ZERO': '0.000100080064051240992794235', 'MAKER_A_0.2BP': '0.000060076860912741713140117', 'MAKER_B_0.5BP': '7.5056295223669561118E-8', 'STRESS_1BP': '-0.0000999199519599681344915949'}",7,0.010008006405124099279423500,1,2026-02-15,1251519.00000000,3451130.00000000
0.00005003252113874018111772652224,14.99125450,468.43468040,1476.92386475,10323.10286923,42,1.000700490343240268187730000,0.9994,1149,98,0.9993,922,81,15828.71579,"{'ZERO': '0.000100070049034324026818773', 'MAKER_A_0.2BP': '0.000060066846296417411989997', 'MAKER_B_0.5BP': '6.5042279758322701297E-8', 'STRESS_1BP': '-0.0000999299649740819973841703'}",8,0.010007004903432402681877300,1,2026-02-15,1375478.00000000,1251519.00000000
0.00005006759124818504981725329194,3.63162600,13.96755450,97.73036120,119.22901972,40,1.001401962747846985780090000,0.9987,722,87,0.9986,90,40,122.139961,"{'ZERO': '0.000100140196274784698578009', 'MAKER_A_0.2BP': '0.000060136990731044581992398', 'MAKER_B_0.5BP': '1.35182505845667059727E-7', 'STRESS_1BP': '-0.0000998598317616666132305255'}",9,0.010014019627478469857800900,1,2026-02-15,1233488.00000000,26976.00000000
0.00005002251012955830123555600020,32.85006700,443.70085440,5096.74559360,18314.78284920,33,1.000500250125062531265630000,0.9996,691,43,0.9995,1123,80,21434.324494,"{'ZERO': '0.000100050025012506253126563', 'MAKER_A_0.2BP': '0.000060046823075544492111659', 'MAKER_B_0.5BP': '4.5020260242615683123E-8', 'STRESS_1BP': '-0.0000999499849914958479139580'}",10,0.010005002501250625312656300,1,2026-02-15,789875.00000000,2765143.00000000
0.00005005756620113130099614556740,12.31786500,120.19309450,245.82250825,808.02121250,166,1.001201441730076091309570000,0.9989,3316,248,0.9988,421,172,2939.0339,"{'ZERO': '0.000100120144173007609130957', 'MAKER_A_0.2BP': '0.000060116939431335522268329', 'MAKER_B_0.5BP': '1.15132409178499825509E-7', 'STRESS_1BP': '-0.0000998798798534243491950364'}",1,0.010012014417300760913095700,1,2026-02-16,3371122.00000000,613857.00000000
0.00005005255518294208919365333600,14.33070350,645.61314660,1025.10232945,6374.54827401,82,1.001101211332465712283510000,0.999,1991,137,0.9989,3316,248,6676.923525,"{'ZERO': '0.000100110121133246571228351', 'MAKER_A_0.2BP': '0.000060106916792488056535796', 'MAKER_B_0.5BP': '1.05110371671325333523E-7', 'STRESS_1BP': '-0.0000998899008887778756412075'}",2,0.010011012113324657122835100,1,2026-02-16,2602880.00000000,3371122.00000000
0.00005004754516790951403833641960,10.41415100,652.60480280,1693.37543360,15175.14444830,55,1.001001001001001001001000000,0.9991,652,56,0.999,1991,137,29507.644199,"{'ZERO': '0.000100100100100100100100100', 'MAKER_A_0.2BP': '0.000060096896160174894600206', 'MAKER_B_0.5BP': '9.5090340578066191786E-8', 'STRESS_1BP': '-0.0000998999199179181180981001'}",3,0.010010010010010010010010000,1,2026-02-16,1397119.00000000,2602880.00000000
0.00005006257822277847309136420526,93.96247650,160.60746750,171.33384125,179.91494025,6,1.001301692199859817763090000,0.9988,421,172,0.9987,17,6,182.060215,"{'ZERO': '0.000100130169219985981776309', 'MAKER_A_0.2BP': '0.000060126964077320035655961', 'MAKER_B_0.5BP': '1.25156453702297362352E-7', 'STRESS_1BP': '-0.0000998698568112548913327352'}",4,0.010013016921998598177630900,1,2026-02-16,613857.00000000,1159.00000000
0.0001001101211332465712283511863,5028.11424000,6374.57979060,6495.73203780,6592.65383556,4,2.002402883460152182619140000,0.999,1991,137,0.9988,421,172,6616.884285,"{'ZERO': '0.000200240288346015218261914', 'MAKER_A_0.2BP': '0.000160233078878670724543058', 'MAKER_B_0.5BP': '0.000100225265068344500275987', 'STRESS_1BP': '2.20242292951321607927E-7'}",5,0.020024028834601521826191400,2,2026-02-16,2602880.00000000,613857.00000000
0.0001001001001001001001001001001,2937.45228600,27350.70477000,30402.36133050,32843.68657890,3,2.002202422664931424567020000,0.9991,652,56,0.9989,3316,248,33454.017891,"{'ZERO': '0.000200220242266493142456702', 'MAKER_A_0.2BP': '0.000160213033600975793077992', 'MAKER_B_0.5BP': '0.000100205220993330151292015', 'STRESS_1BP': '2.00200222244268715585E-7'}",6,0.020022024226649314245670200,2,2026-02-16,1397119.00000000,3371122.00000000
0.0001501726986033939029884367022,3298.77969800,3298.77969800,3298.77969800,3298.77969800,1,3.003905076599579453289280000,0.999,1991,137,0.9987,17,6,3298.779698,"{'ZERO': '0.000300390507659957945328928', 'MAKER_A_0.2BP': '0.000260379292263959466980681', 'MAKER_B_0.5BP': '0.000200365469861081893336994', 'STRESS_1BP': '0.000100350433565835365997795'}",7,0.030039050765995794532892800,3,2026-02-16,2602880.00000000,1159.00000000
0.0001501576655488262675809600080,33754.67004200,33754.67004200,33754.67004200,33754.67004200,1,3.003604325190228273928710000,0.9991,652,56,0.9988,421,172,33754.670042,"{'ZERO': '0.000300360432519022827392871', 'MAKER_A_0.2BP': '0.000260349218326005926817787', 'MAKER_B_0.5BP': '0.000200335397727510500726465', 'STRESS_1BP': '0.000100320364439326992410891'}",8,0.030036043251902282739287100,3,2026-02-16,1397119.00000000,613857.00000000
0.0001501426355037285421150092588,46904.50995800,46904.50995800,46904.50995800,46904.50995800,1,3.003303633997397136850540000,0.9992,1,1,0.9989,3316,248,46904.509958,"{'ZERO': '0.000300330363399739713685054', 'MAKER_A_0.2BP': '0.000260319150409463529620187', 'MAKER_B_0.5BP': '0.000200305331614988977250507', 'STRESS_1BP': '0.000100290301333266413072378'}",9,0.030033036339973971368505400,3,2026-02-16,51.00000000,3371122.00000000
0.0001001201441730076091309571486,2577.41799600,2577.41799600,2577.41799600,2577.41799600,1,2.002603384399719635526180000,0.9989,3316,248,0.9987,17,6,2577.417996,"{'ZERO': '0.000200260338439971963552618', 'MAKER_A_0.2BP': '0.000160253128170639751318321', 'MAKER_B_0.5BP': '0.000100245313157392095349673', 'STRESS_1BP': '2.40288377290237332530E-7'}",10,0.020026033843997196355261800,2,2026-02-16,3371122.00000000,1159.00000000
0.00005006257822277847309136420526,13.69604500,88.32238020,148.08900600,321.24615120,153,1.001301692199859817763090000,0.9988,1373,292,0.9987,305,154,701.087404,"{'ZERO': '0.000100130169219985981776309', 'MAKER_A_0.2BP': '0.000060126964077320035655961', 'MAKER_B_0.5BP': '1.25156453702297362352E-7', 'STRESS_1BP': '-0.0000998698568112548913327352'}",1,0.010013016921998598177630900,1,2026-02-17,1643742.00000000,252073.00000000
0.00005005756620113130099614556740,2.16183450,45.77372840,86.06446235,180.07590225,138,1.001201441730076091309570000,0.9989,2729,249,0.9988,1373,292,292.512112,"{'ZERO': '0.000100120144173007609130957', 'MAKER_A_0.2BP': '0.000060116939431335522268329', 'MAKER_B_0.5BP': '1.15132409178499825509E-7', 'STRESS_1BP': '-0.0000998798798534243491950364'}",2,0.010012014417300760913095700,1,2026-02-17,2709361.00000000,1643742.00000000
0.00005005255518294208919365333600,26.74828350,470.33402570,1067.19569905,1933.33070777,110,1.001101211332465712283510000,0.999,2783,177,0.9989,2729,249,3938.379096,"{'ZERO': '0.000100110121133246571228351', 'MAKER_A_0.2BP': '0.000060106916792488056535796', 'MAKER_B_0.5BP': '1.05110371671325333523E-7', 'STRESS_1BP': '-0.0000998899008887778756412075'}",3,0.010011012113324657122835100,1,2026-02-17,3944565.00000000,2709361.00000000
0.00005004754516790951403833641960,13.30168300,491.06984720,2879.28289260,12148.66489888,67,1.001001001001001001001000000,0.9991,1376,78,0.999,2783,177,14274.215413,"{'ZERO': '0.000100100100100100100100100', 'MAKER_A_0.2BP': '0.000060096896160174894600206', 'MAKER_B_0.5BP': '9.5090340578066191786E-8', 'STRESS_1BP': '-0.0000998999199179181180981001'}",4,0.010010010010010010010010000,1,2026-02-17,2768108.00000000,3944565.00000000
0.00005004253615573237251663914327,312.59464300,7124.94485500,16862.72417100,24652.94762380,11,1.000900810729656691021920000,0.9992,246,11,0.9991,1376,78,26600.503487,"{'ZERO': '0.000100090081072965669102192', 'MAKER_A_0.2BP': '0.000060086877533793533918132', 'MAKER_B_0.5BP': '8.5072315296256005937E-8', 'STRESS_1BP': '-0.0000999099369414474827164466'}",5,0.010009008107296566910219200,1,2026-02-17,1455290.00000000,2768108.00000000
0.0001001001001001001001001001001,4527.71593800,13646.97089260,13847.45607380,14007.84421876,5,2.002202422664931424567020000,0.9991,1376,78,0.9989,2729,249,14047.941255,"{'ZERO': '0.000200220242266493142456702', 'MAKER_A_0.2BP': '0.000160213033600975793077992', 'MAKER_B_0.5BP': '0.000100205220993330151292015', 'STRESS_1BP': '2.00200222244268715585E-7'}",6,0.020022024226649314245670200,2,2026-02-17,2768108.00000000,2709361.00000000
0.0001001101211332465712283511863,1849.70721500,3519.97474940,3728.75819120,3895.78494464,3,2.002402883460152182619140000,0.999,2783,177,0.9988,1373,292,3937.541633,"{'ZERO': '0.000200240288346015218261914', 'MAKER_A_0.2BP': '0.000160233078878670724543058', 'MAKER_B_0.5BP': '0.000100225265068344500275987', 'STRESS_1BP': '2.20242292951321607927E-7'}",7,0.020024028834601521826191400,2,2026-02-17,3944565.00000000,1643742.00000000
0.0001501576655488262675809600080,12754.52667950,12873.61857270,12888.50505935,12900.41424867,2,3.003604325190228273928710000,0.9991,1376,78,0.9988,1373,292,12903.391546,"{'ZERO': '0.000300360432519022827392871', 'MAKER_A_0.2BP': '0.000260349218326005926817787', 'MAKER_B_0.5BP': '0.000200335397727510500726465', 'STRESS_1BP': '0.000100320364439326992410891'}",8,0.030036043251902282739287100,3,2026-02-17,2768108.00000000,1643742.00000000
0.0001501426355037285421150092588,20654.47265000,21041.68260680,21090.08385140,21128.80484708,2,3.003303633997397136850540000,0.9992,246,11,0.9989,2729,249,21138.485096,"{'ZERO': '0.000300330363399739713685054', 'MAKER_A_0.2BP': '0.000260319150409463529620187', 'MAKER_B_0.5BP': '0.000200305331614988977250507', 'STRESS_1BP': '0.000100290301333266413072378'}",9,0.030033036339973971368505400,3,2026-02-17,1455290.00000000,2709361.00000000
0.0001000900810729656691021919728,22384.56332000,25749.31062720,26169.90404060,26506.37877132,2,2.002002002002002002002000000,0.9992,246,11,0.999,2783,177,26590.497454,"{'ZERO': '0.000200200200200200200200200', 'MAKER_A_0.2BP': '0.000160192992336349469206812', 'MAKER_B_0.5BP': '0.000100185180931143633008540', 'STRESS_1BP': '1.80162163963783801800E-7'}",10,0.020020020020020020020020000,2,2026-02-17,1455290.00000000,3944565.00000000
0.00005006759124818504981725329194,14.32726000,137.21774100,332.08687440,1033.89331660,155,1.001401962747846985780090000,0.9987,4544,212,0.9986,1818,240,1445.724711,"{'ZERO': '0.000100140196274784698578009', 'MAKER_A_0.2BP': '0.000060136990731044581992398', 'MAKER_B_0.5BP': '1.35182505845667059727E-7', 'STRESS_1BP': '-0.0000998598317616666132305255'}",1,0.010014019627478469857800900,1,2026-02-18,5143409.00000000,2900398.00000000
0.00005007762031148279833742300566,4.48459950,57.69858270,92.10663110,123.97123213,102,1.001602564102564102564100000,0.9985,1674,187,0.9984,154,102,216.008613,"{'ZERO': '0.000100160256410256410256410', 'MAKER_A_0.2BP': '0.000060157050064126922589753', 'MAKER_B_0.5BP': '1.55240635404127229536E-7', 'STRESS_1BP': '-0.0000998397756378208333012853'}",2,0.010016025641025641025641000,1,2026-02-18,4821339.00000000,236482.00000000
0.00005007260527765259626458364629,9.96946000,78.76423240,106.40557990,2167.86022097,84,1.001502253380070105157740000,0.9986,1818,240,0.9985,1674,187,4605.182811,"{'ZERO': '0.000100150225338007010515774', 'MAKER_A_0.2BP': '0.000060147019393112388127801', 'MAKER_B_0.5BP': '1.45210566211799575269E-7', 'STRESS_1BP': '-0.0000998498047040563845468232'}",3,0.010015022533800701051577400,1,2026-02-18,2900398.00000000,4821339.00000000
0.00005006257822277847309136420526,14.87151200,536.85587750,4541.91352825,17664.14716680,56,1.001301692199859817763090000,0.9988,549,57,0.9987,4544,212,26388.675212,"{'ZERO': '0.000100130169219985981776309', 'MAKER_A_0.2BP': '0.000060126964077320035655961', 'MAKER_B_0.5BP': '1.25156453702297362352E-7', 'STRESS_1BP': '-0.0000998698568112548913327352'}",4,0.010013016921998598177630900,1,2026-02-18,178136.00000000,5143409.00000000
0.0001001301692199859817763092020,4552.73719900,18698.63791640,21441.55247720,23635.88412584,5,2.002803925495693971560180000,0.9988,549,57,0.9986,1818,240,24184.467038,"{'ZERO': '0.000200280392549569397156018', 'MAKER_A_0.2BP': '0.000160273181478088843991195', 'MAKER_B_0.5BP': '0.000100265365261678834744423', 'STRESS_1BP': '2.60338476466793536949E-7'}",5,0.020028039254956939715601800,2,2026-02-18,178136.00000000,2900398.00000000
0.0001001502253380070105157736605,1393.56366300,3269.48744460,3503.97791730,3691.57029546,3,2.003205128205128205128210000,0.9986,1818,240,0.9984,154,102,3738.46839,"{'ZERO': '0.000200320512820512820512821', 'MAKER_A_0.2BP': '0.000160313300144253525185907', 'MAKER_B_0.5BP': '0.000100305481520795755084041', 'STRESS_1BP': '3.00450724158353395430E-7'}",6,0.020032051282051282051282100,2,2026-02-18,2900398.00000000,236482.00000000
0.00005007260527765259626458364629,7.09817200,88.65736040,133.50369460,5647.91887028,259,1.001502253380070105157740000,0.9986,4472,378,0.9985,4958,462,9243.151546,"{'ZERO': '0.000100150225338007010515774', 'MAKER_A_0.2BP': '0.000060147019393112388127801', 'MAKER_B_0.5BP': '1.45210566211799575269E-7', 'STRESS_1BP': '-0.0000998498047040563845468232'}",1,0.010015022533800701051577400,1,2026-02-19,3357720.00000000,4119392.00000000
0.00005007762031148279833742300566,3.52061500,35.27029610,52.55675990,174.82210690,202,1.001602564102564102564100000,0.9985,4958,462,0.9984,729,218,2462.743126,"{'ZERO': '0.000100160256410256410256410', 'MAKER_A_0.2BP': '0.000060157050064126922589753', 'MAKER_B_0.5BP': '1.55240635404127229536E-7', 'STRESS_1BP': '-0.0000998397756378208333012853'}",2,0.010016025641025641025641000,1,2026-02-19,4119392.00000000,988926.00000000
0.00005006759124818504981725329194,2.91267400,103.50400560,246.69593730,18027.19100988,119,1.001401962747846985780090000,0.9987,1148,132,0.9986,4472,378,28515.162336,"{'ZERO': '0.000100140196274784698578009', 'MAKER_A_0.2BP': '0.000060136990731044581992398', 'MAKER_B_0.5BP': '1.35182505845667059727E-7', 'STRESS_1BP': '-0.0000998598317616666132305255'}",3,0.010014019627478469857800900,1,2026-02-19,1334581.00000000,3357720.00000000
0.00005008263634997746281364251014,16.38437350,53.42742000,63.84565550,73.34502470,16,1.001702894921366322748670000,0.9984,729,218,0.9983,23,16,75.719867,"{'ZERO': '0.000100170289492136632274867', 'MAKER_A_0.2BP': '0.000060167082744691895704308', 'MAKER_B_0.5BP': '1.65272714026324127047E-7', 'STRESS_1BP': '-0.0000998297445623563457537848'}",4,0.010017028949213663227486700,1,2026-02-19,988926.00000000,4890.00000000
0.00005006257822277847309136420526,3.32147000,992.76877820,23024.90125240,49284.27530968,13,1.001301692199859817763090000,0.9988,37,13,0.9987,1148,132,55849.118824,"{'ZERO': '0.000100130169219985981776309', 'MAKER_A_0.2BP': '0.000060126964077320035655961', 'MAKER_B_0.5BP': '1.25156453702297362352E-7', 'STRESS_1BP': '-0.0000998698568112548913327352'}",5,0.010013016921998598177630900,1,2026-02-19,7528.00000000,1334581.00000000
0.0001001502253380070105157736605,6658.69404300,8453.75803160,8687.84927680,8875.12227296,5,2.003205128205128205128210000,0.9986,4472,378,0.9984,729,218,8921.940522,"{'ZERO': '0.000200320512820512820512821', 'MAKER_A_0.2BP': '0.000160313300144253525185907', 'MAKER_B_0.5BP': '0.000100305481520795755084041', 'STRESS_1BP': '3.00450724158353395430E-7'}",6,0.020032051282051282051282100,2,2026-02-19,3357720.00000000,988926.00000000
0.0001001401962747846985780092129,18351.55375700,25392.42902670,26780.46389235,27890.89178487,4,2.003004506760140210315470000,0.9987,1148,132,0.9985,4958,462,28168.498758,"{'ZERO': '0.000200300450676014021031547', 'MAKER_A_0.2BP': '0.000160293238802224456262001', 'MAKER_B_0.5BP': '0.000100285421382411099775507', 'STRESS_1BP': '2.80392591687250904354E-7'}",7,0.020030045067601402103154700,2,2026-02-19,1334581.00000000,4119392.00000000
0.0001001301692199859817763092020,1118.15944200,53623.80731240,60187.01329620,65437.57808324,3,2.002803925495693971560180000,0.9988,37,13,0.9986,4472,378,66750.21928,"{'ZERO': '0.000200280392549569397156018', 'MAKER_A_0.2BP': '0.000160273181478088843991195', 'MAKER_B_0.5BP': '0.000100265365261678834744423', 'STRESS_1BP': '2.60338476466793536949E-7'}",8,0.020028039254956939715601800,2,2026-02-19,7528.00000000,3357720.00000000
0.0001502178158329577887937509389,21099.42550350,23931.13030710,24285.09340755,24568.26388791,2,3.004807692307692307692310000,0.9987,1148,132,0.9984,729,218,24639.056508,"{'ZERO': '0.000300480769230769230769231', 'MAKER_A_0.2BP': '0.000260469550224380127782060', 'MAKER_B_0.5BP': '0.000200455722406187382938545', 'STRESS_1BP': '0.000100440677086137540092145'}",9,0.030048076923076923076923100,3,2026-02-19,1334581.00000000,988926.00000000
0.0001502328609344483950122690170,5223.03427800,5223.03427800,5223.03427800,5223.03427800,1,3.005108684764098968246020000,0.9986,4472,378,0.9983,23,16,5223.034278,"{'ZERO': '0.000300510868476409896824602', 'MAKER_A_0.2BP': '0.000260499648266075047125723', 'MAKER_B_0.5BP': '0.000200485818642053973631079', 'STRESS_1BP': '0.000100470770312531002734646'}",10,0.030051086847640989682460200,3,2026-02-19,3357720.00000000,4890.00000000
0.00005005255518294208919365333600,25.49218600,190.59226080,549.96796730,5603.72961582,195,1.001101211332465712283510000,0.999,2389,315,0.9989,3079,377,10915.465874,"{'ZERO': '0.000100110121133246571228351', 'MAKER_A_0.2BP': '0.000060106916792488056535796', 'MAKER_B_0.5BP': '1.05110371671325333523E-7', 'STRESS_1BP': '-0.0000998899008887778756412075'}",1,0.010011012113324657122835100,1,2026-02-20,4324568.00000000,5520987.00000000
0.00005005756620113130099614556740,11.39674100,214.06963700,447.42490100,2114.43200220,191,1.001201441730076091309570000,0.9989,3079,377,0.9988,2294,251,7928.448455,"{'ZERO': '0.000100120144173007609130957', 'MAKER_A_0.2BP': '0.000060116939431335522268329', 'MAKER_B_0.5BP': '1.15132409178499825509E-7', 'STRESS_1BP': '-0.0000998798798534243491950364'}",2,0.010012014417300760913095700,1,2026-02-20,5520987.00000000,4234070.00000000
0.00005004754516790951403833641960,55.2738500,508.88401700,1336.53118440,7491.92414872,119,1.001001001001001001001000000,0.9991,344,119,0.999,2389,315,18749.69523,"{'ZERO': '0.000100100100100100100100100', 'MAKER_A_0.2BP': '0.000060096896160174894600206', 'MAKER_B_0.5BP': '9.5090340578066191786E-8', 'STRESS_1BP': '-0.0000998999199179181180981001'}",3,0.010010010010010010010010000,1,2026-02-20,456055.00000000,4324568.00000000
0.00005007260527765259626458364629,6.79589100,334.83469870,405.84287730,746.19788105,72,1.001502253380070105157740000,0.9986,1634,140,0.9985,827,86,1136.804981,"{'ZERO': '0.000100150225338007010515774', 'MAKER_A_0.2BP': '0.000060147019393112388127801', 'MAKER_B_0.5BP': '1.45210566211799575269E-7', 'STRESS_1BP': '-0.0000998498047040563845468232'}",4,0.010015022533800701051577400,1,2026-02-20,2408424.00000000,1992170.00000000
0.00005006759124818504981725329194,5.53364100,375.79787060,581.61567955,2134.70871943,70,1.001401962747846985780090000,0.9987,1074,128,0.9986,1634,140,3952.55557,"{'ZERO': '0.000100140196274784698578009', 'MAKER_A_0.2BP': '0.000060136990731044581992398', 'MAKER_B_0.5BP': '1.35182505845667059727E-7', 'STRESS_1BP': '-0.0000998598317616666132305255'}",5,0.010014019627478469857800900,1,2026-02-20,2692639.00000000,2408424.00000000
0.00005006257822277847309136420526,8.25860400,562.77943300,1183.34599800,3005.29862240,61,1.001301692199859817763090000,0.9988,2294,251,0.9987,1074,128,3694.57361,"{'ZERO': '0.000100130169219985981776309', 'MAKER_A_0.2BP': '0.000060126964077320035655961', 'MAKER_B_0.5BP': '1.25156453702297362352E-7', 'STRESS_1BP': '-0.0000998698568112548913327352'}",6,0.010013016921998598177630900,1,2026-02-20,4234070.00000000,2692639.00000000
0.0001001101211332465712283511863,35.51518500,5253.00434820,9788.87332700,11253.91235100,25,2.002402883460152182619140000,0.999,2389,315,0.9988,2294,251,11360.842881,"{'ZERO': '0.000200240288346015218261914', 'MAKER_A_0.2BP': '0.000160233078878670724543058', 'MAKER_B_0.5BP': '0.000100225265068344500275987', 'STRESS_1BP': '2.20242292951321607927E-7'}",7,0.020024028834601521826191400,2,2026-02-20,4324568.00000000,4234070.00000000
0.0001001001001001001001001001001,1250.62037200,9699.86387620,13375.36898285,17674.68799177,14,2.002202422664931424567020000,0.9991,344,119,0.9989,3079,377,18749.517744,"{'ZERO': '0.000200220242266493142456702', 'MAKER_A_0.2BP': '0.000160213033600975793077992', 'MAKER_B_0.5BP': '0.000100205220993330151292015', 'STRESS_1BP': '2.00200222244268715585E-7'}",8,0.020022024226649314245670200,2,2026-02-20,456055.00000000,5520987.00000000
0.0001001401962747846985780092129,341.08059000,1255.38037940,2602.65872940,4151.89951068,13,2.003004506760140210315470000,0.9987,1074,128,0.9985,827,86,4539.209706,"{'ZERO': '0.000200300450676014021031547', 'MAKER_A_0.2BP': '0.000160293238802224456262001', 'MAKER_B_0.5BP': '0.000100285421382411099775507', 'STRESS_1BP': '2.80392591687250904354E-7'}",9,0.020030045067601402103154700,2,2026-02-20,2692639.00000000,1992170.00000000
0.00005007762031148279833742300566,6.24405300,33.97000060,48.54148280,63.61048856,13,1.001602564102564102564100000,0.9985,827,86,0.9984,57,17,67.37774,"{'ZERO': '0.000100160256410256410256410', 'MAKER_A_0.2BP': '0.000060157050064126922589753', 'MAKER_B_0.5BP': '1.55240635404127229536E-7', 'STRESS_1BP': '-0.0000998397756378208333012853'}",10,0.010016025641025641025641000,1,2026-02-20,1992170.00000000,165071.00000000
0.00005005255518294208919365333600,11.31452900,184.46300580,302.28096460,2605.15198336,177,1.001101211332465712283510000,0.999,1657,322,0.9989,657,210,4718.239907,"{'ZERO': '0.000100110121133246571228351', 'MAKER_A_0.2BP': '0.000060106916792488056535796', 'MAKER_B_0.5BP': '1.05110371671325333523E-7', 'STRESS_1BP': '-0.0000998899008887778756412075'}",1,0.010011012113324657122835100,1,2026-02-21,2172831.00000000,1304347.00000000
0.00005004754516790951403833641960,31.86645300,544.08442250,1701.78368785,4683.28719126,144,1.001001001001001001001000000,0.9991,1432,190,0.999,1657,322,19582.843044,"{'ZERO': '0.000100100100100100100100100', 'MAKER_A_0.2BP': '0.000060096896160174894600206', 'MAKER_B_0.5BP': '9.5090340578066191786E-8', 'STRESS_1BP': '-0.0000998999199179181180981001'}",2,0.010010010010010010010010000,1,2026-02-21,2391337.00000000,2172831.00000000
0.00005004253615573237251663914327,122.40578550,1613.69835850,2117.66472775,10064.58121730,46,1.000900810729656691021920000,0.9992,100,47,0.9991,1432,190,15922.07048,"{'ZERO': '0.000100090081072965669102192', 'MAKER_A_0.2BP': '0.000060086877533793533918132', 'MAKER_B_0.5BP': '8.5072315296256005937E-8', 'STRESS_1BP': '-0.0000999099369414474827164466'}",3,0.010009008107296566910219200,1,2026-02-21,656988.00000000,2391337.00000000
0.00005005756620113130099614556740,40.82827050,255.67322340,413.30610200,620.73407233,32,1.001201441730076091309570000,0.9989,657,210,0.9988,212,32,633.213512,"{'ZERO': '0.000100120144173007609130957', 'MAKER_A_0.2BP': '0.000060116939431335522268329', 'MAKER_B_0.5BP': '1.15132409178499825509E-7', 'STRESS_1BP': '-0.0000998798798534243491950364'}",4,0.010012014417300760913095700,1,2026-02-21,1304347.00000000,85864.00000000
0.0001001001001001001001001001001,1396.94612300,5072.94493240,11046.84580600,17755.80194680,13,2.002202422664931424567020000,0.9991,1432,190,0.9989,657,210,19433.040982,"{'ZERO': '0.000200220242266493142456702', 'MAKER_A_0.2BP': '0.000160213033600975793077992', 'MAKER_B_0.5BP': '0.000100205220993330151292015', 'STRESS_1BP': '2.00200222244268715585E-7'}",5,0.020022024226649314245670200,2,2026-02-21,2391337.00000000,1304347.00000000
0.0001000900810729656691021919728,2124.10411900,18026.66119300,19746.45561250,21122.29114810,7,2.002002002002002002002000000,0.9992,100,47,0.999,1657,322,21466.250032,"{'ZERO': '0.000200200200200200200200200', 'MAKER_A_0.2BP': '0.000160192992336349469206812', 'MAKER_B_0.5BP': '0.000100185180931143633008540', 'STRESS_1BP': '1.80162163963783801800E-7'}",6,0.020020020020020020020020000,2,2026-02-21,656988.00000000,2172831.00000000
0.0001001101211332465712283511863,3499.72446400,3865.55236080,3911.28084790,3947.86363758,3,2.002402883460152182619140000,0.999,1657,322,0.9988,212,32,3957.009335,"{'ZERO': '0.000200240288346015218261914', 'MAKER_A_0.2BP': '0.000160233078878670724543058', 'MAKER_B_0.5BP': '0.000100225265068344500275987', 'STRESS_1BP': '2.20242292951321607927E-7'}",7,0.020024028834601521826191400,2,2026-02-21,2172831.00000000,85864.00000000
0.0001501576655488262675809600080,10274.58559300,16603.65584500,17394.78962650,18027.69665170,2,3.003604325190228273928710000,0.9991,1432,190,0.9988,212,32,18185.923408,"{'ZERO': '0.000300360432519022827392871', 'MAKER_A_0.2BP': '0.000260349218326005926817787', 'MAKER_B_0.5BP': '0.000200335397727510500726465', 'STRESS_1BP': '0.000100320364439326992410891'}",8,0.030036043251902282739287100,3,2026-02-21,2391337.00000000,85864.00000000
0.0001501426355037285421150092588,16949.93925800,20443.14622760,20879.79709880,21229.11779576,2,3.003303633997397136850540000,0.9992,100,47,0.9989,657,210,21316.44797,"{'ZERO': '0.000300330363399739713685054', 'MAKER_A_0.2BP': '0.000260319150409463529620187', 'MAKER_B_0.5BP': '0.000200305331614988977250507', 'STRESS_1BP': '0.000100290301333266413072378'}",9,0.030033036339973971368505400,3,2026-02-21,656988.00000000,1304347.00000000
0.0001001201441730076091309571486,219.13888700,237.71963020,240.04222310,241.90029742,2,2.002603384399719635526180000,0.9989,657,210,0.9987,2,2,242.364816,"{'ZERO': '0.000200260338439971963552618', 'MAKER_A_0.2BP': '0.000160253128170639751318321', 'MAKER_B_0.5BP': '0.000100245313157392095349673', 'STRESS_1BP': '2.40288377290237332530E-7'}",10,0.020026033843997196355261800,2,2026-02-21,1304347.00000000,127.00000000
0.00005005756620113130099614556740,34.38722100,413.65368700,585.52986500,961.95760020,121,1.001201441730076091309570000,0.9989,890,169,0.9988,443,132,1450.595387,"{'ZERO': '0.000100120144173007609130957', 'MAKER_A_0.2BP': '0.000060116939431335522268329', 'MAKER_B_0.5BP': '1.15132409178499825509E-7', 'STRESS_1BP': '-0.0000998798798534243491950364'}",1,0.010012014417300760913095700,1,2026-02-22,1825876.00000000,811569.00000000
0.00005004754516790951403833641960,196.54305650,1775.44794820,2857.76768665,12050.29196898,50,1.001001001001001001001000000,0.9991,1103,62,0.999,1115,98,16629.214274,"{'ZERO': '0.000100100100100100100100100', 'MAKER_A_0.2BP': '0.000060096896160174894600206', 'MAKER_B_0.5BP': '9.5090340578066191786E-8', 'STRESS_1BP': '-0.0000998999199179181180981001'}",2,0.010010010010010010010010000,1,2026-02-22,1413870.00000000,1857983.00000000
0.00005005255518294208919365333600,63.74004900,1949.32091680,6254.7538560,7144.78014982,47,1.001101211332465712283510000,0.999,1115,98,0.9989,890,169,7668.631776,"{'ZERO': '0.000100110121133246571228351', 'MAKER_A_0.2BP': '0.000060106916792488056535796', 'MAKER_B_0.5BP': '1.05110371671325333523E-7', 'STRESS_1BP': '-0.0000998899008887778756412075'}",3,0.010011012113324657122835100,1,2026-02-22,1857983.00000000,1825876.00000000
0.00005003752814610958218663997998,70.62022200,553.57909150,831.42151975,8101.56039435,36,1.000800640512409927942350000,0.9993,92,38,0.9992,397,52,11916.169934,"{'ZERO': '0.000100080064051240992794235', 'MAKER_A_0.2BP': '0.000060076860912741713140117', 'MAKER_B_0.5BP': '7.5056295223669561118E-8', 'STRESS_1BP': '-0.0000999199519599681344915949'}",4,0.010008006405124099279423500,1,2026-02-22,621525.00000000,981140.00000000
0.0001000700490343240268187731412,200.06114300,1673.10975800,6830.98669500,10957.28824460,11,2.001601281024819855884710000,0.9994,14,11,0.9992,397,52,11988.863632,"{'ZERO': '0.000200160128102481985588471', 'MAKER_A_0.2BP': '0.000160152921841483106286633', 'MAKER_B_0.5BP': '0.000100145112840434839747204', 'STRESS_1BP': '1.40098079863751014810E-7'}",5,0.020016012810248198558847100,2,2026-02-22,116731.00000000,981140.00000000
0.00005004253615573237251663914327,128.64993100,11915.74049400,20619.89226650,27583.21368450,11,1.000900810729656691021920000,0.9992,397,52,0.9991,1103,62,29324.044039,"{'ZERO': '0.000100090081072965669102192', 'MAKER_A_0.2BP': '0.000060086877533793533918132', 'MAKER_B_0.5BP': '8.5072315296256005937E-8', 'STRESS_1BP': '-0.0000999099369414474827164466'}",6,0.010009008107296566910219200,1,2026-02-22,981140.00000000,1413870.00000000
0.00005006257822277847309136420526,50.61221600,290.93491520,361.33261910,417.65078222,10,1.001301692199859817763090000,0.9988,443,132,0.9987,18,10,431.730323,"{'ZERO': '0.000100130169219985981776309', 'MAKER_A_0.2BP': '0.000060126964077320035655961', 'MAKER_B_0.5BP': '1.25156453702297362352E-7', 'STRESS_1BP': '-0.0000998698568112548913327352'}",7,0.010013016921998598177630900,1,2026-02-22,811569.00000000,119881.00000000
0.0001001101211332465712283511863,4271.80744050,6792.93788460,7107.35176830,7358.88287526,8,2.002402883460152182619140000,0.999,1115,98,0.9988,443,132,7421.765652,"{'ZERO': '0.000200240288346015218261914', 'MAKER_A_0.2BP': '0.000160233078878670724543058', 'MAKER_B_0.5BP': '0.000100225265068344500275987', 'STRESS_1BP': '2.20242292951321607927E-7'}",8,0.020024028834601521826191400,2,2026-02-22,1857983.00000000,811569.00000000
0.00005003252113874018111772652224,72.69369800,975.29172180,1324.47448140,1603.82068908,7,1.000700490343240268187730000,0.9994,14,11,0.9993,92,38,1673.657241,"{'ZERO': '0.000100070049034324026818773', 'MAKER_A_0.2BP': '0.000060066846296417411989997', 'MAKER_B_0.5BP': '6.5042279758322701297E-8', 'STRESS_1BP': '-0.0000999299649740819973841703'}",9,0.010007004903432402681877300,1,2026-02-22,116731.00000000,621525.00000000
0.0001001001001001001001001001001,2168.59054700,11714.81223550,14007.71802725,15842.04266065,6,2.002202422664931424567020000,0.9991,1103,62,0.9989,890,169,16300.623819,"{'ZERO': '0.000200220242266493142456702', 'MAKER_A_0.2BP': '0.000160213033600975793077992', 'MAKER_B_0.5BP': '0.000100205220993330151292015', 'STRESS_1BP': '2.00200222244268715585E-7'}",10,0.020022024226649314245670200,2,2026-02-22,1413870.00000000,1825876.00000000
0.00005005756620113130099614556740,6.69645400,129.79801960,262.64856935,1848.16728187,164,1.001201441730076091309570000,0.9989,1626,256,0.9988,1841,277,5884.070772,"{'ZERO': '0.000100120144173007609130957', 'MAKER_A_0.2BP': '0.000060116939431335522268329', 'MAKER_B_0.5BP': '1.15132409178499825509E-7', 'STRESS_1BP': '-0.0000998798798534243491950364'}",1,0.010012014417300760913095700,1,2026-02-23,2124109.00000000,4162317.00000000
0.00005006257822277847309136420526,16.09634000,132.53865700,206.68541960,395.82143592,113,1.001301692199859817763090000,0.9988,1841,277,0.9987,523,154,2673.883991,"{'ZERO': '0.000100130169219985981776309', 'MAKER_A_0.2BP': '0.000060126964077320035655961', 'MAKER_B_0.5BP': '1.25156453702297362352E-7', 'STRESS_1BP': '-0.0000998698568112548913327352'}",2,0.010013016921998598177630900,1,2026-02-23,4162317.00000000,3561675.00000000
0.00005005255518294208919365333600,12.70540100,293.31757450,892.06254710,4370.03214682,92,1.001101211332465712283510000,0.999,1209,177,0.9989,1626,256,7039.064784,"{'ZERO': '0.000100110121133246571228351', 'MAKER_A_0.2BP': '0.000060106916792488056535796', 'MAKER_B_0.5BP': '1.05110371671325333523E-7', 'STRESS_1BP': '-0.0000998899008887778756412075'}",3,0.010011012113324657122835100,1,2026-02-23,2595630.00000000,2124109.00000000
0.00005004754516790951403833641960,34.03698100,263.34707240,738.61006920,9176.97633660,87,1.001001001001001001001000000,0.9991,950,133,0.999,1209,177,10631.902699,"{'ZERO': '0.000100100100100100100100100', 'MAKER_A_0.2BP': '0.000060096896160174894600206', 'MAKER_B_0.5BP': '9.5090340578066191786E-8', 'STRESS_1BP': '-0.0000998999199179181180981001'}",4,0.010010010010010010010010000,1,2026-02-23,3610151.00000000,2595630.00000000
0.00005004253615573237251663914327,61.74193450,1436.55503100,2582.54383175,16225.12786805,46,1.000900810729656691021920000,0.9992,476,80,0.9991,950,133,25696.590083,"{'ZERO': '0.000100090081072965669102192', 'MAKER_A_0.2BP': '0.000060086877533793533918132', 'MAKER_B_0.5BP': '8.5072315296256005937E-8', 'STRESS_1BP': '-0.0000999099369414474827164466'}",5,0.010009008107296566910219200,1,2026-02-23,1809995.00000000,3610151.00000000
0.00005006759124818504981725329194,33.57999100,244.62791430,332.82041445,446.97960115,38,1.001401962747846985780090000,0.9987,523,154,0.9986,280,47,473.24816,"{'ZERO': '0.000100140196274784698578009', 'MAKER_A_0.2BP': '0.000060136990731044581992398', 'MAKER_B_0.5BP': '1.35182505845667059727E-7', 'STRESS_1BP': '-0.0000998598317616666132305255'}",6,0.010014019627478469857800900,1,2026-02-23,3561675.00000000,1274925.00000000
0.00005003752814610958218663997998,146.78285550,1184.52372160,3472.17996785,8373.45190748,34,1.000800640512409927942350000,0.9993,249,54,0.9992,476,80,9342.002351,"{'ZERO': '0.000100080064051240992794235', 'MAKER_A_0.2BP': '0.000060076860912741713140117', 'MAKER_B_0.5BP': '7.5056295223669561118E-8', 'STRESS_1BP': '-0.0000999199519599681344915949'}",7,0.010008006405124099279423500,1,2026-02-23,913531.00000000,1809995.00000000
0.00005003252113874018111772652224,68.71160200,1711.84095160,2803.31382435,10994.14105207,20,1.000700490343240268187730000,0.9994,157,20,0.9993,249,54,13041.847859,"{'ZERO': '0.000100070049034324026818773', 'MAKER_A_0.2BP': '0.000060066846296417411989997', 'MAKER_B_0.5BP': '6.5042279758322701297E-8', 'STRESS_1BP': '-0.0000999299649740819973841703'}",8,0.010007004903432402681877300,1,2026-02-23,467964.00000000,913531.00000000
0.0001001201441730076091309571486,248.30219700,1934.94100040,3187.08561090,5197.62765098,15,2.002603384399719635526180000,0.9989,1626,256,0.9987,523,154,5700.263161,"{'ZERO': '0.000200260338439971963552618', 'MAKER_A_0.2BP': '0.000160253128170639751318321', 'MAKER_B_0.5BP': '0.000100245313157392095349673', 'STRESS_1BP': '2.40288377290237332530E-7'}",9,0.020026033843997196355261800,2,2026-02-23,2124109.00000000,3561675.00000000
0.0001001101211332465712283511863,440.05604950,3984.58153260,5394.12067095,6709.49407579,12,2.002402883460152182619140000,0.999,1209,177,0.9988,1841,277,7038.337427,"{'ZERO': '0.000200240288346015218261914', 'MAKER_A_0.2BP': '0.000160233078878670724543058', 'MAKER_B_0.5BP': '0.000100225265068344500275987', 'STRESS_1BP': '2.20242292951321607927E-7'}",10,0.020024028834601521826191400,2,2026-02-23,2595630.00000000,4162317.00000000
0.00005003752814610958218663997998,6.20401000,56.56381900,89.54182000,116.00321784,149,1.000800640512409927942350000,0.9993,2471,281,0.9992,251,157,6151.096673,"{'ZERO': '0.000100080064051240992794235', 'MAKER_A_0.2BP': '0.000060076860912741713140117', 'MAKER_B_0.5BP': '7.5056295223669561118E-8', 'STRESS_1BP': '-0.0000999199519599681344915949'}",1,0.010008006405124099279423500,1,2026-02-24,4749308.00000000,720115.00000000
0.00005003252113874018111772652224,43.05516900,349.28750400,692.82539440,5204.65599404,133,1.000700490343240268187730000,0.9994,864,185,0.9993,2471,281,7419.543056,"{'ZERO': '0.000100070049034324026818773', 'MAKER_A_0.2BP': '0.000060066846296417411989997', 'MAKER_B_0.5BP': '6.5042279758322701297E-8', 'STRESS_1BP': '-0.0000999299649740819973841703'}",2,0.010007004903432402681877300,1,2026-02-24,2972889.00000000,4749308.00000000
0.00005004754516790951403833641960,3.28790900,47.10118970,61.27245215,118.74791990,78,1.001001001001001001001000000,0.9991,632,95,0.999,96,78,162.253867,"{'ZERO': '0.000100100100100100100100100', 'MAKER_A_0.2BP': '0.000060096896160174894600206', 'MAKER_B_0.5BP': '9.5090340578066191786E-8', 'STRESS_1BP': '-0.0000998999199179181180981001'}",3,0.010010010010010010010010000,1,2026-02-24,411360.00000000,75665.00000000
0.00004998250612285700004998250612,28.22739100,368.85244540,1227.09100960,26756.76629268,57,0.999700089973008097570730000,1.0004,317,62,1.0003,283,118,57227.411965,"{'ZERO': '0.000099970008997300809757073', 'MAKER_A_0.2BP': '0.000059966810260915645427969', 'MAKER_B_0.5BP': '-3.49877537613672150542E-8', 'STRESS_1BP': '-0.0001000299850050984104828545'}",4,0.009997000899730080975707300,1,2026-02-24,605203.00000000,662649.00000000
0.00005001750612714450057520132046,17.42521700,105.16253020,139.41771720,241.21744880,55,1.000400160064025610244100000,0.9997,199,65,0.9996,262,72,304.814102,"{'ZERO': '0.000100040016006402561024410', 'MAKER_A_0.2BP': '0.000060036814469793037112447', 'MAKER_B_0.5BP': '3.5012254989491421787E-8', 'STRESS_1BP': '-0.0000999599919959984793837543'}",5,0.010004001600640256102441000,1,2026-02-24,1027040.00000000,1744305.00000000
0.00004998750312421894526368407898,32.00056800,467.93915500,659.19751000,28219.69569784,53,0.999800039992001599680060000,1.0003,283,118,1.0002,308,78,57226.259418,"{'ZERO': '0.000099980003999200159968006', 'MAKER_A_0.2BP': '0.000059976804863022915506497', 'MAKER_B_0.5BP': '-2.49937513122344282706E-8', 'STRESS_1BP': '-0.0001000199920019995600919812'}",6,0.009998000399920015996800600,1,2026-02-24,662649.00000000,358389.00000000
0.00005002751513332332783030666867,56.25864100,524.68547760,2274.68749540,18215.31554280,49,1.000600360216129677806680000,0.9995,218,68,0.9994,864,185,29102.630814,"{'ZERO': '0.000100060036021612967780668', 'MAKER_A_0.2BP': '0.000060056833684218851144290', 'MAKER_B_0.5BP': '5.5030268298472208669E-8', 'STRESS_1BP': '-0.0000999399759843907544406656'}",7,0.010006003602161296778066800,1,2026-02-24,777172.00000000,2972889.00000000
0.00005000750112516877531629744462,29.28687950,155.26258550,193.68018575,661.81986090,36,1.000200040008001600320060000,0.9999,264,51,0.9998,207,45,882.884959,"{'ZERO': '0.000100020004000800160032006', 'MAKER_A_0.2BP': '0.000060016803264654850931787', 'MAKER_B_0.5BP': '1.5002250487595644223E-8', 'STRESS_1BP': '-0.0000999799999995999599879980'}",8,0.010002000400080016003200600,1,2026-02-24,333157.00000000,802353.00000000
0.00004999250112483127530870369445,18.68052700,515.43446900,626.74290240,1173.0351628,29,0.999900009999000099990000000,1.0002,308,78,1.0001,326,60,1359.44824,"{'ZERO': '0.000099990000999900009999000', 'MAKER_A_0.2BP': '0.000059986801463850734984100', 'MAKER_B_0.5BP': '-1.49977502624718779060E-8', 'STRESS_1BP': '-0.0001000099970004999300089989'}",9,0.009999000099990000999900000,1,2026-02-24,358389.00000000,678156.00000000
0.00004999750012499375031248437578,15.82542300,225.61821840,1245.56685160,43120.01708908,25,1.0000,1.0001,326,60,1,95,42,56269.480897,"{'ZERO': '0.0001', 'MAKER_A_0.2BP': '0.000059996800063998720025599', 'MAKER_B_0.5BP': '-4.9997500124993750312E-9', 'STRESS_1BP': '-0.0001'}",10,0.0100,1,2026-02-24,678156.00000000,176439.00000000
0.00004999250112483127530870369445,18.59744500,216.40372650,393.08053160,1228.51357116,242,0.999900009999000099990000000,1.0002,1190,336,1.0001,1375,312,6581.062791,"{'ZERO': '0.000099990000999900009999000', 'MAKER_A_0.2BP': '0.000059986801463850734984100', 'MAKER_B_0.5BP': '-1.49977502624718779060E-8', 'STRESS_1BP': '-0.0001000099970004999300089989'}",1,0.009999000099990000999900000,1,2026-02-25,2400144.00000000,1321909.00000000
0.00004996752111127766951481537001,5.09959200,63.83001760,165.84073680,3455.97228592,197,0.999400359784129522286630000,1.0007,1797,338,1.0006,1379,264,41835.552235,"{'ZERO': '0.000099940035978412952228663', 'MAKER_A_0.2BP': '0.000059936838440924565478309', 'MAKER_B_0.5BP': '-6.49577754971935592707E-8', 'STRESS_1BP': '-0.0001000599520299818908774723'}",2,0.009994003597841295222866300,1,2026-02-25,2638737.00000000,2006430.00000000
0.00004996252810392205845615788159,8.31650150,152.99610090,895.68355410,3012.63028609,144,0.999300489657239932047570000,1.0008,1620,180,1.0007,1797,338,7979.007852,"{'ZERO': '0.000099930048965723993204757', 'MAKER_A_0.2BP': '0.000059926851827708124562401', 'MAKER_B_0.5BP': '-7.49437895348162540909E-8', 'STRESS_1BP': '-0.0001000699370454680323913247'}",3,0.009993004896572399320475700,1,2026-02-25,3429732.00000000,2638737.00000000
0.00004998750312421894526368407898,18.52667050,202.16501430,655.55536720,6133.51934127,88,0.999800039992001599680060000,1.0003,485,138,1.0002,1190,336,31821.707259,"{'ZERO': '0.000099980003999200159968006', 'MAKER_A_0.2BP': '0.000059976804863022915506497', 'MAKER_B_0.5BP': '-2.49937513122344282706E-8', 'STRESS_1BP': '-0.0001000199920019995600919812'}",4,0.009998000399920015996800600,1,2026-02-25,481840.00000000,2400144.00000000
0.00004999750012499375031248437578,20.87388200,398.06464800,906.54355800,1729.00367900,81,1.0000,1.0001,1375,312,1,342,105,2801.534707,"{'ZERO': '0.0001', 'MAKER_A_0.2BP': '0.000059996800063998720025599', 'MAKER_B_0.5BP': '-4.9997500124993750312E-9', 'STRESS_1BP': '-0.0001'}",5,0.0100,1,2026-02-25,1321909.00000000,457400.00000000
0.00004997251511668582279746139623,26.86292300,278.51234880,1728.00454420,17816.4779412,63,0.999500249875062468765620000,1.0006,1379,264,1.0005,798,113,41206.45673,"{'ZERO': '0.000099950024987506246876562', 'MAKER_A_0.2BP': '0.000059946827050465487441875', 'MAKER_B_0.5BP': '-5.49697652548656924975E-8', 'STRESS_1BP': '-0.0001000499650184906546826577'}",6,0.009995002498750624687656200,1,2026-02-25,2006430.00000000,779491.00000000
0.00004997751012044579939027437653,58.36279900,542.64030480,2539.12695700,21930.53480892,55,0.999600159936025589764090000,1.0005,798,113,1.0004,821,99,37890.595341,"{'ZERO': '0.000099960015993602558976409', 'MAKER_A_0.2BP': '0.000059956817656929548334263', 'MAKER_B_0.5BP': '-4.49797582092106910048E-8', 'STRESS_1BP': '-0.0001000399760103957617033179'}",7,0.009996001599360255897640900,1,2026-02-25,779491.00000000,1652497.00000000
0.00004998250612285700004998250612,19.96284200,559.47409450,1464.49289330,22999.88286835,42,0.999700089973008097570730000,1.0004,821,99,1.0003,485,138,37390.282983,"{'ZERO': '0.000099970008997300809757073', 'MAKER_A_0.2BP': '0.000059966810260915645427969', 'MAKER_B_0.5BP': '-3.49877537613672150542E-8', 'STRESS_1BP': '-0.0001000299850050984104828545'}",8,0.009997000899730080975707300,1,2026-02-25,1652497.00000000,481840.00000000
0.00004995753609431982814607583554,55.05780700,1172.08528580,6426.18795300,11459.88242152,33,0.999200639488409272581930000,1.0009,303,55,1.0008,1620,180,11632.659506,"{'ZERO': '0.000099920063948840927258193', 'MAKER_A_0.2BP': '0.000059916867210217746084727', 'MAKER_B_0.5BP': '-8.49278079661164823453E-8', 'STRESS_1BP': '-0.0001000799200655474020943229'}",9,0.009992006394884092725819300,1,2026-02-25,380029.00000000,3429732.00000000
0.00009999000099990000999900009999,147.56199250,878.58924970,1340.02948955,5019.88800040,32,2.0000,1.0002,1190,336,1,342,105,6490.642068,"{'ZERO': '0.0002', 'MAKER_A_0.2BP': '0.000159992800143997120057599', 'MAKER_B_0.5BP': '0.000099985000749962501874906', 'STRESS_1BP': '-1.99980001999800019998E-8'}",10,0.0200,2,2026-02-25,2400144.00000000,457400.00000000
0.00004998750312421894526368407898,14.56489100,263.15571720,585.15564905,1786.69549105,230,0.999800039992001599680060000,1.0003,1420,318,1.0002,1167,284,2316.494885,"{'ZERO': '0.000099980003999200159968006', 'MAKER_A_0.2BP': '0.000059976804863022915506497', 'MAKER_B_0.5BP': '-2.49937513122344282706E-8', 'STRESS_1BP': '-0.0001000199920019995600919812'}",1,0.009998000399920015996800600,1,2026-02-26,2897318.00000000,1211359.00000000
0.00004998250612285700004998250612,102.18964650,1983.49996320,3743.23790380,8571.36872396,80,0.999700089973008097570730000,1.0004,409,116,1.0003,1420,318,9762.16849,"{'ZERO': '0.000099970008997300809757073', 'MAKER_A_0.2BP': '0.000059966810260915645427969', 'MAKER_B_0.5BP': '-3.49877537613672150542E-8', 'STRESS_1BP': '-0.0001000299850050984104828545'}",2,0.009997000899730080975707300,1,2026-02-26,1096761.00000000,2897318.00000000
0.00004997251511668582279746139623,15.33104100,174.40656080,264.29446040,22745.84415554,59,0.999500249875062468765620000,1.0006,594,73,1.0005,408,86,40252.814041,"{'ZERO': '0.000099950024987506246876562', 'MAKER_A_0.2BP': '0.000059946827050465487441875', 'MAKER_B_0.5BP': '-5.49697652548656924975E-8', 'STRESS_1BP': '-0.0001000499650184906546826577'}",3,0.009995002498750624687656200,1,2026-02-26,356665.00000000,224143.00000000
0.00004999250112483127530870369445,22.58845800,348.56253560,630.81955360,1132.49149464,53,0.999900009999000099990000000,1.0002,1167,284,1.0001,147,64,1256.717879,"{'ZERO': '0.000099990000999900009999000', 'MAKER_A_0.2BP': '0.000059986801463850734984100', 'MAKER_B_0.5BP': '-1.49977502624718779060E-8', 'STRESS_1BP': '-0.0001000099970004999300089989'}",4,0.009999000099990000999900000,1,2026-02-26,1211359.00000000,323145.00000000
0.00009998000399920015996800639872,95.73578000,1101.67656040,1555.53697860,2023.27617044,29,1.999800019998000199980000000,1.0003,1420,318,1.0001,147,64,2170.625912,"{'ZERO': '0.000199980001999800019998000', 'MAKER_A_0.2BP': '0.000159972802943701149974601', 'MAKER_B_0.5BP': '0.000099965004749462556869157', 'STRESS_1BP': '-3.99920011998400199976E-8'}",5,0.019998000199980001999800000,2,2026-02-26,2897318.00000000,323145.00000000
0.00004997751012044579939027437653,35.65278800,2394.38162160,3767.64249790,28659.53195067,28,0.999600159936025589764090000,1.0005,408,86,1.0004,409,116,37670.649969,"{'ZERO': '0.000099960015993602558976409', 'MAKER_A_0.2BP': '0.000059956817656929548334263', 'MAKER_B_0.5BP': '-4.49797582092106910048E-8', 'STRESS_1BP': '-0.0001000399760103957617033179'}",6,0.009996001599360255897640900,1,2026-02-26,224143.00000000,1096761.00000000
0.00009997000899730080975707287814,336.73662100,5598.92565240,7571.45187360,9336.83027896,25,1.999600079984003199360130000,1.0004,409,116,1.0002,1167,284,9785.513974,"{'ZERO': '0.000199960007998400319936013', 'MAKER_A_0.2BP': '0.000159952809742045511019394', 'MAKER_B_0.5BP': '0.000099945012747363031768428', 'STRESS_1BP': '-5.99820041991001859622E-8'}",7,0.019996000799840031993601300,2,2026-02-26,1096761.00000000,1211359.00000000
0.00004996752111127766951481537001,176.68472500,1559.58698160,13030.56565680,45068.93577456,17,0.999400359784129522286630000,1.0007,41,18,1.0006,594,73,53078.528304,"{'ZERO': '0.000099940035978412952228663', 'MAKER_A_0.2BP': '0.000059936838440924565478309', 'MAKER_B_0.5BP': '-6.49577754971935592707E-8', 'STRESS_1BP': '-0.0001000599520299818908774723'}",8,0.009994003597841295222866300,1,2026-02-26,106413.00000000,356665.00000000
0.0001499625093726568357910522369,3486.40760650,8257.31356350,8446.21721675,8597.34013935,6,2.999700029997000299970000000,1.0004,409,116,1.0001,147,64,8635.12087,"{'ZERO': '0.000299970002999700029997000', 'MAKER_A_0.2BP': '0.000259958804423551564965101', 'MAKER_B_0.5BP': '0.000199945007249187585616220', 'STRESS_1BP': '0.000099930012998100249969004'}",9,0.029997000299970002999700000,3,2026-02-26,1096761.00000000,323145.00000000
0.00009994003597841295222866280232,417.26136400,28001.45356100,40489.43572500,50479.82145620,6,1.999000499750124937531230000,1.0007,41,18,1.0005,408,86,52977.417889,"{'ZERO': '0.000199900049975012493753123', 'MAKER_A_0.2BP': '0.000159892854116930654890151', 'MAKER_B_0.5BP': '0.000099885060719477769239974', 'STRESS_1BP': '-1.199280371812893673151E-7'}",10,0.019990004997501249375312300,2,2026-02-26,106413.00000000,224143.00000000
0.00004998250612285700004998250612,74.24872600,524.06882740,687.03885140,2173.41263208,145,0.999700089973008097570730000,1.0004,388,161,1.0003,1633,231,6206.415029,"{'ZERO': '0.000099970008997300809757073', 'MAKER_A_0.2BP': '0.000059966810260915645427969', 'MAKER_B_0.5BP': '-3.49877537613672150542E-8', 'STRESS_1BP': '-0.0001000299850050984104828545'}",1,0.009997000899730080975707300,1,2026-02-27,328080.00000000,1667200.00000000
0.00004998750312421894526368407898,9.62552900,268.54742990,422.19350105,1601.13069686,92,0.999800039992001599680060000,1.0003,1633,231,1.0002,558,132,1972.418845,"{'ZERO': '0.000099980003999200159968006', 'MAKER_A_0.2BP': '0.000059976804863022915506497', 'MAKER_B_0.5BP': '-2.49937513122344282706E-8', 'STRESS_1BP': '-0.0001000199920019995600919812'}",2,0.009998000399920015996800600,1,2026-02-27,1667200.00000000,1171032.00000000
0.00005003252113874018111772652224,10.00644000,156.26154000,207.04992150,280.58733370,71,1.000700490343240268187730000,0.9994,610,113,0.9993,146,73,365.924438,"{'ZERO': '0.000100070049034324026818773', 'MAKER_A_0.2BP': '0.000060066846296417411989997', 'MAKER_B_0.5BP': '6.5042279758322701297E-8', 'STRESS_1BP': '-0.0000999299649740819973841703'}",3,0.010007004903432402681877300,1,2026-02-27,783468.00000000,220500.00000000
0.00005002251012955830123555600020,7.31114250,242.10015340,332.1528400,1666.09753901,40,1.000500250125062531265630000,0.9996,365,80,0.9995,208,80,2377.730321,"{'ZERO': '0.000100050025012506253126563', 'MAKER_A_0.2BP': '0.000060046823075544492111659', 'MAKER_B_0.5BP': '4.5020260242615683123E-8', 'STRESS_1BP': '-0.0000999499849914958479139580'}",4,0.010005002501250625312656300,1,2026-02-27,441613.00000000,437938.00000000
0.00005002751513332332783030666867,13.80401900,171.53523000,772.66012360,9150.63760336,39,1.000600360216129677806680000,0.9995,208,80,0.9994,610,113,14023.041124,"{'ZERO': '0.000100060036021612967780668', 'MAKER_A_0.2BP': '0.000060056833684218851144290', 'MAKER_B_0.5BP': '5.5030268298472208669E-8', 'STRESS_1BP': '-0.0000999399759843907544406656'}",5,0.010006003602161296778066800,1,2026-02-27,437938.00000000,783468.00000000
0.00005001750612714450057520132046,39.78065100,231.22419100,436.25483230,3104.09515544,39,1.000400160064025610244100000,0.9997,148,46,0.9996,365,80,4722.572901,"{'ZERO': '0.000100040016006402561024410', 'MAKER_A_0.2BP': '0.000060036814469793037112447', 'MAKER_B_0.5BP': '3.5012254989491421787E-8', 'STRESS_1BP': '-0.0000999599919959984793837543'}",6,0.010004001600640256102441000,1,2026-02-27,274357.00000000,441613.00000000
0.00004999250112483127530870369445,8.45208500,77.85077120,268.02954970,1450.05756246,28,0.999900009999000099990000000,1.0002,558,132,1.0001,323,52,1860.247449,"{'ZERO': '0.000099990000999900009999000', 'MAKER_A_0.2BP': '0.000059986801463850734984100', 'MAKER_B_0.5BP': '-1.49977502624718779060E-8', 'STRESS_1BP': '-0.0001000099970004999300089989'}",7,0.009999000099990000999900000,1,2026-02-27,1171032.00000000,92044.00000000
0.00004999750012499375031248437578,0.82675000,66.07971650,98.43085325,103.83089725,26,1.0000,1.0001,323,52,1,125,35,103.928165,"{'ZERO': '0.0001', 'MAKER_A_0.2BP': '0.000059996800063998720025599', 'MAKER_B_0.5BP': '-4.9997500124993750312E-9', 'STRESS_1BP': '-0.0001'}",8,0.0100,1,2026-02-27,92044.00000000,124619.00000000
0.00009997000899730080975707287814,144.40574700,1468.71067100,2123.51812700,5369.57616780,21,1.999600079984003199360130000,1.0004,388,161,1.0002,558,132,6181.090678,"{'ZERO': '0.000199960007998400319936013', 'MAKER_A_0.2BP': '0.000159952809742045511019394', 'MAKER_B_0.5BP': '0.000099945012747363031768428', 'STRESS_1BP': '-5.99820041991001859622E-8'}",9,0.019996000799840031993601300,2,2026-02-27,328080.00000000,1171032.00000000
0.00005000750112516877531629744462,22.38854300,132.57056390,150.12994565,152.82200513,18,1.000200040008001600320060000,0.9999,107,26,0.9998,78,29,153.49502,"{'ZERO': '0.000100020004000800160032006', 'MAKER_A_0.2BP': '0.000060016803264654850931787', 'MAKER_B_0.5BP': '1.5002250487595644223E-8', 'STRESS_1BP': '-0.0000999799999995999599879980'}",10,0.010002000400080016003200600,1,2026-02-27,153949.00000000,285749.00000000
0.00004999250112483127530870369445,6.44905450,230.38055090,487.66176735,1888.53305558,230,0.999900009999000099990000000,1.0002,1130,346,1.0001,1840,343,8207.365402,"{'ZERO': '0.000099990000999900009999000', 'MAKER_A_0.2BP': '0.000059986801463850734984100', 'MAKER_B_0.5BP': '-1.49977502624718779060E-8', 'STRESS_1BP': '-0.0001000099970004999300089989'}",1,0.009999000099990000999900000,1,2026-02-28,1711649.00000000,2875903.00000000
0.00004999750012499375031248437578,9.01752200,316.81865080,627.93615620,970.66321570,115,1.0000,1.0001,1840,343,1,1857,250,5932.075284,"{'ZERO': '0.0001', 'MAKER_A_0.2BP': '0.000059996800063998720025599', 'MAKER_B_0.5BP': '-4.9997500124993750312E-9', 'STRESS_1BP': '-0.0001'}",2,0.0100,1,2026-02-28,2875903.00000000,3108957.00000000
0.00005000250012500625031251562578,9.73515100,98.33141400,136.34805800,351.47015530,111,1.000100010001000100010000000,1,1857,250,0.9999,529,125,1317.39499,"{'ZERO': '0.000100010001000100010001000', 'MAKER_A_0.2BP': '0.000060006800664066726666267', 'MAKER_B_0.5BP': '5.000250037503125344E-9', 'STRESS_1BP': '-0.0000999900009999000099990001'}",3,0.010001000100010001000100000,1,2026-02-28,3108957.00000000,443590.00000000
0.00004998750312421894526368407898,24.49429600,547.48908520,1667.06042615,11108.94889242,78,0.999800039992001599680060000,1.0003,263,119,1.0002,1130,346,12459.720356,"{'ZERO': '0.000099980003999200159968006', 'MAKER_A_0.2BP': '0.000059976804863022915506497', 'MAKER_B_0.5BP': '-2.49937513122344282706E-8', 'STRESS_1BP': '-0.0001000199920019995600919812'}",4,0.009998000399920015996800600,1,2026-02-28,719589.00000000,1711649.00000000
0.00004998250612285700004998250612,28.27263100,204.63238710,232.63356470,17499.15220666,42,0.999700089973008097570730000,1.0004,327,73,1.0003,263,119,23236.193513,"{'ZERO': '0.000099970008997300809757073', 'MAKER_A_0.2BP': '0.000059966810260915645427969', 'MAKER_B_0.5BP': '-3.49877537613672150542E-8', 'STRESS_1BP': '-0.0001000299850050984104828545'}",5,0.009997000899730080975707300,1,2026-02-28,316831.00000000,719589.00000000
0.00009999000099990000999900009999,7.61699300,729.08706720,2336.85181010,7327.21962820,39,2.0000,1.0002,1130,346,1,1857,250,8901.014256,"{'ZERO': '0.0002', 'MAKER_A_0.2BP': '0.000159992800143997120057599', 'MAKER_B_0.5BP': '0.000099985000749962501874906', 'STRESS_1BP': '-1.99980001999800019998E-8'}",6,0.0200,2,2026-02-28,1711649.00000000,3108957.00000000
0.00005002251012955830123555600020,110.70965700,917.84207380,1561.02139050,2654.20487972,35,1.000500250125062531265630000,0.9996,171,39,0.9995,290,48,3003.890593,"{'ZERO': '0.000100050025012506253126563', 'MAKER_A_0.2BP': '0.000060046823075544492111659', 'MAKER_B_0.5BP': '4.5020260242615683123E-8', 'STRESS_1BP': '-0.0000999499849914958479139580'}",7,0.010005002501250625312656300,1,2026-02-28,351068.00000000,552444.00000000
0.00005001250312578144536134033508,10.65533700,64.13462270,107.78029470,1081.12212011,34,1.000300090027008102430730000,0.9998,128,43,0.9997,337,39,1556.760932,"{'ZERO': '0.000100030009002700810243073', 'MAKER_A_0.2BP': '0.000060026807866363428958289', 'MAKER_B_0.5BP': '2.5006251938078298646E-8', 'STRESS_1BP': '-0.0000999699969984996098769637'}",8,0.010003000900270081024307300,1,2026-02-28,404357.00000000,121840.00000000
0.00005003252113874018111772652224,5.84296300,110.20704120,145.65126895,197.11047594,30,1.000700490343240268187730000,0.9994,171,46,0.9993,69,30,214.64417,"{'ZERO': '0.000100070049034324026818773', 'MAKER_A_0.2BP': '0.000060066846296417411989997', 'MAKER_B_0.5BP': '6.5042279758322701297E-8', 'STRESS_1BP': '-0.0000999299649740819973841703'}",9,0.010007004903432402681877300,1,2026-02-28,93389.00000000,35210.00000000
0.00004997751012044579939027437653,127.28491000,2444.98572230,16400.01868435,21982.01987209,22,0.999600159936025589764090000,1.0005,77,32,1.0004,327,73,23273.583538,"{'ZERO': '0.000099960015993602558976409', 'MAKER_A_0.2BP': '0.000059956817656929548334263', 'MAKER_B_0.5BP': '-4.49797582092106910048E-8', 'STRESS_1BP': '-0.0001000399760103957617033179'}",10,0.009996001599360255897640900,1,2026-02-28,75567.00000000,316831.00000000
0.00004997751012044579939027437653,16.40988900,276.60475440,555.39336920,3808.36815164,125,0.999600159936025589764090000,1.0005,713,205,1.0004,928,187,31163.965585,"{'ZERO': '0.000099960015993602558976409', 'MAKER_A_0.2BP': '0.000059956817656929548334263', 'MAKER_B_0.5BP': '-4.49797582092106910048E-8', 'STRESS_1BP': '-0.0001000399760103957617033179'}",1,0.009996001599360255897640900,1,2026-03-01,972203.00000000,903069.00000000
0.00004996752111127766951481537001,37.61481200,353.60304040,1190.61910170,5548.82283730,123,0.999400359784129522286630000,1.0007,618,167,1.0006,738,204,44005.478764,"{'ZERO': '0.000099940035978412952228663', 'MAKER_A_0.2BP': '0.000059936838440924565478309', 'MAKER_B_0.5BP': '-6.49577754971935592707E-8', 'STRESS_1BP': '-0.0001000599520299818908774723'}",2,0.009994003597841295222866300,1,2026-03-01,1084311.00000000,2202067.00000000
0.00004999250112483127530870369445,25.20160400,227.65163280,302.98089900,4505.59589586,83,0.999900009999000099990000000,1.0002,813,168,1.0001,915,156,4557.439967,"{'ZERO': '0.000099990000999900009999000', 'MAKER_A_0.2BP': '0.000059986801463850734984100', 'MAKER_B_0.5BP': '-1.49977502624718779060E-8', 'STRESS_1BP': '-0.0001000099970004999300089989'}",3,0.009999000099990000999900000,1,2026-03-01,1175649.00000000,2599922.00000000
0.00004997251511668582279746139623,9.07737100,325.09157860,1303.37965930,13727.20741856,82,0.999500249875062468765620000,1.0006,738,204,1.0005,713,205,33411.593348,"{'ZERO': '0.000099950024987506246876562', 'MAKER_A_0.2BP': '0.000059946827050465487441875', 'MAKER_B_0.5BP': '-5.49697652548656924975E-8', 'STRESS_1BP': '-0.0001000499650184906546826577'}",4,0.009995002498750624687656200,1,2026-03-01,2202067.00000000,972203.00000000
0.00004998750312421894526368407898,67.99281100,394.25981910,558.07332230,7116.47583082,80,0.999800039992001599680060000,1.0003,373,137,1.0002,813,168,16511.48245,"{'ZERO': '0.000099980003999200159968006', 'MAKER_A_0.2BP': '0.000059976804863022915506497', 'MAKER_B_0.5BP': '-2.49937513122344282706E-8', 'STRESS_1BP': '-0.0001000199920019995600919812'}",5,0.009998000399920015996800600,1,2026-03-01,306905.00000000,1175649.00000000
0.00004999750012499375031248437578,23.25471100,142.46923740,404.09540420,623.19595076,79,1.0000,1.0001,915,156,1,1216,87,632.286389,"{'ZERO': '0.0001', 'MAKER_A_0.2BP': '0.000059996800063998720025599', 'MAKER_B_0.5BP': '-4.9997500124993750312E-9', 'STRESS_1BP': '-0.0001'}",6,0.0100,1,2026-03-01,2599922.00000000,781041.00000000
0.00004995753609431982814607583554,3.85716700,327.54527670,1003.033600,28164.53906432,60,0.999200639488409272581930000,1.0009,1341,88,1.0008,350,93,47457.612373,"{'ZERO': '0.000099920063948840927258193', 'MAKER_A_0.2BP': '0.000059916867210217746084727', 'MAKER_B_0.5BP': '-8.49278079661164823453E-8', 'STRESS_1BP': '-0.0001000799200655474020943229'}",7,0.009992006394884092725819300,1,2026-03-01,2294734.00000000,673835.00000000
0.00004998250612285700004998250612,5.39785150,213.62976100,363.66225760,13427.35294842,58,0.999700089973008097570730000,1.0004,928,187,1.0003,373,137,27260.900514,"{'ZERO': '0.000099970008997300809757073', 'MAKER_A_0.2BP': '0.000059966810260915645427969', 'MAKER_B_0.5BP': '-3.49877537613672150542E-8', 'STRESS_1BP': '-0.0001000299850050984104828545'}",8,0.009997000899730080975707300,1,2026-03-01,903069.00000000,306905.00000000
0.00004996252810392205845615788159,16.58508900,3875.47355700,6775.54182500,31813.16992900,41,0.999300489657239932047570000,1.0008,350,93,1.0007,618,167,47405.880115,"{'ZERO': '0.000099930048965723993204757', 'MAKER_A_0.2BP': '0.000059926851827708124562401', 'MAKER_B_0.5BP': '-7.49437895348162540909E-8', 'STRESS_1BP': '-0.0001000699370454680323913247'}",9,0.009993004896572399320475700,1,2026-03-01,673835.00000000,1084311.00000000
0.00004995254508217193666017283581,58.09053000,285.84278940,474.73523795,38511.34292058,32,0.999100809271655510040960000,1.001,270,47,1.0009,1341,88,55564.691566,"{'ZERO': '0.000099910080927165551004096', 'MAKER_A_0.2BP': '0.000059906884587855250588064', 'MAKER_B_0.5BP': '-9.49098313892378115633E-8', 'STRESS_1BP': '-0.0001000899010908180837426298'}",10,0.009991008092716555100409600,1,2026-03-01,803137.00000000,2294734.00000000
0.00004996252810392205845615788159,5.59595900,203.28133580,721.19902190,8724.09014296,127,0.999300489657239932047570000,1.0008,778,137,1.0007,866,250,19894.175064,"{'ZERO': '0.000099930048965723993204757', 'MAKER_A_0.2BP': '0.000059926851827708124562401', 'MAKER_B_0.5BP': '-7.49437895348162540909E-8', 'STRESS_1BP': '-0.0001000699370454680323913247'}",1,0.009993004896572399320475700,1,2026-03-02,2485420.00000000,2027923.00000000
0.00004996752111127766951481537001,9.22335100,467.10142680,937.49773650,8507.85234094,103,0.999400359784129522286630000,1.0007,866,250,1.0006,1694,209,18455.58646,"{'ZERO': '0.000099940035978412952228663', 'MAKER_A_0.2BP': '0.000059936838440924565478309', 'MAKER_B_0.5BP': '-6.49577754971935592707E-8', 'STRESS_1BP': '-0.0001000599520299818908774723'}",2,0.009994003597841295222866300,1,2026-03-02,2027923.00000000,3220270.00000000
0.00004997751012044579939027437653,18.09416900,167.50610740,1968.30662300,8282.70942272,93,0.999600159936025589764090000,1.0005,1062,207,1.0004,1097,199,10591.398578,"{'ZERO': '0.000099960015993602558976409', 'MAKER_A_0.2BP': '0.000059956817656929548334263', 'MAKER_B_0.5BP': '-4.49797582092106910048E-8', 'STRESS_1BP': '-0.0001000399760103957617033179'}",3,0.009996001599360255897640900,1,2026-03-02,1918583.00000000,3004020.00000000
0.00004997251511668582279746139623,8.58258400,118.38121440,305.95767500,9137.52090044,93,0.999500249875062468765620000,1.0006,1694,209,1.0005,1062,207,18443.640824,"{'ZERO': '0.000099950024987506246876562', 'MAKER_A_0.2BP': '0.000059946827050465487441875', 'MAKER_B_0.5BP': '-5.49697652548656924975E-8', 'STRESS_1BP': '-0.0001000499650184906546826577'}",4,0.009995002498750624687656200,1,2026-03-02,3220270.00000000,1918583.00000000
0.00004998250612285700004998250612,8.38324600,231.77855340,619.48158380,7655.67689692,89,0.999700089973008097570730000,1.0004,1097,199,1.0003,962,166,7834.464597,"{'ZERO': '0.000099970008997300809757073', 'MAKER_A_0.2BP': '0.000059966810260915645427969', 'MAKER_B_0.5BP': '-3.49877537613672150542E-8', 'STRESS_1BP': '-0.0001000299850050984104828545'}",5,0.009997000899730080975707300,1,2026-03-02,3004020.00000000,2987149.00000000
0.00004998750312421894526368407898,14.00497800,150.25111230,391.79359950,5412.77877250,82,0.999800039992001599680060000,1.0003,962,166,1.0002,870,144,6972.812731,"{'ZERO': '0.000099980003999200159968006', 'MAKER_A_0.2BP': '0.000059976804863022915506497', 'MAKER_B_0.5BP': '-2.49937513122344282706E-8', 'STRESS_1BP': '-0.0001000199920019995600919812'}",6,0.009998000399920015996800600,1,2026-03-02,2987149.00000000,2220323.00000000
0.00005000750112516877531629744462,61.05666950,397.55454450,616.87457825,1099.59618025,76,1.000200040008001600320060000,0.9999,691,135,0.9998,1176,89,1469.623237,"{'ZERO': '0.000100020004000800160032006', 'MAKER_A_0.2BP': '0.000060016803264654850931787', 'MAKER_B_0.5BP': '1.5002250487595644223E-8', 'STRESS_1BP': '-0.0000999799999995999599879980'}",7,0.010002000400080016003200600,1,2026-03-02,2380743.00000000,2638650.00000000
0.00005000250012500625031251562578,29.85932400,137.82653600,172.97236280,647.56022316,57,1.000100010001000100010000000,1,333,96,0.9999,691,135,1208.742769,"{'ZERO': '0.000100010001000100010001000', 'MAKER_A_0.2BP': '0.000060006800664066726666267', 'MAKER_B_0.5BP': '5.000250037503125344E-9', 'STRESS_1BP': '-0.0000999900009999000099990001'}",8,0.010001000100010001000100000,1,2026-03-02,1201070.00000000,2380743.00000000
0.00004999250112483127530870369445,14.84639800,274.50290050,422.86781125,3518.63001840,56,0.999900009999000099990000000,1.0002,870,144,1.0001,724,93,6868.374885,"{'ZERO': '0.000099990000999900009999000', 'MAKER_A_0.2BP': '0.000059986801463850734984100', 'MAKER_B_0.5BP': '-1.49977502624718779060E-8', 'STRESS_1BP': '-0.0001000099970004999300089989'}",9,0.009999000099990000999900000,1,2026-03-02,2220323.00000000,2326246.00000000
0.00009994003597841295222866280232,5.04335000,1569.90032100,4660.75799200,14512.94872440,41,1.999000499750124937531230000,1.0007,866,250,1.0005,1062,207,18459.374932,"{'ZERO': '0.000199900049975012493753123', 'MAKER_A_0.2BP': '0.000159892854116930654890151', 'MAKER_B_0.5BP': '0.000099885060719477769239974', 'STRESS_1BP': '-1.199280371812893673151E-7'}",10,0.019990004997501249375312300,2,2026-03-02,2027923.00000000,1918583.00000000
0.00005003752814610958218663997998,33.26877950,230.47662980,610.07033495,5670.72908317,110,1.000800640512409927942350000,0.9993,1044,170,0.9992,1249,236,32519.367944,"{'ZERO': '0.000100080064051240992794235', 'MAKER_A_0.2BP': '0.000060076860912741713140117', 'MAKER_B_0.5BP': '7.5056295223669561118E-8', 'STRESS_1BP': '-0.0000999199519599681344915949'}",1,0.010008006405124099279423500,1,2026-03-03,2698098.00000000,2666721.00000000
0.00005004253615573237251663914327,25.71410100,277.86959020,456.12087000,1855.92508264,103,1.000900810729656691021920000,0.9992,1249,236,0.9991,1060,209,25225.448253,"{'ZERO': '0.000100090081072965669102192', 'MAKER_A_0.2BP': '0.000060086877533793533918132', 'MAKER_B_0.5BP': '8.5072315296256005937E-8', 'STRESS_1BP': '-0.0000999099369414474827164466'}",2,0.010009008107296566910219200,1,2026-03-03,2666721.00000000,1750299.00000000
0.00005004754516790951403833641960,13.02686900,309.06903300,486.01639390,4080.13705874,87,1.001001001001001001001000000,0.9991,1060,209,0.999,1199,186,11174.132485,"{'ZERO': '0.000100100100100100100100100', 'MAKER_A_0.2BP': '0.000060096896160174894600206', 'MAKER_B_0.5BP': '9.5090340578066191786E-8', 'STRESS_1BP': '-0.0000998999199179181180981001'}",3,0.010010010010010010010010000,1,2026-03-03,1750299.00000000,1703313.00000000
0.00005005255518294208919365333600,17.97406700,274.37669040,618.47483390,2553.03624934,79,1.001101211332465712283510000,0.999,1199,186,0.9989,562,142,2722.498306,"{'ZERO': '0.000100110121133246571228351', 'MAKER_A_0.2BP': '0.000060106916792488056535796', 'MAKER_B_0.5BP': '1.05110371671325333523E-7', 'STRESS_1BP': '-0.0000998899008887778756412075'}",4,0.010011012113324657122835100,1,2026-03-03,1703313.00000000,1574223.00000000
0.00005003252113874018111772652224,59.47395800,806.85877540,6284.21095340,21208.92519788,55,1.000700490343240268187730000,0.9994,709,98,0.9993,1044,170,36257.087447,"{'ZERO': '0.000100070049034324026818773', 'MAKER_A_0.2BP': '0.000060066846296417411989997', 'MAKER_B_0.5BP': '6.5042279758322701297E-8', 'STRESS_1BP': '-0.0000999299649740819973841703'}",5,0.010007004903432402681877300,1,2026-03-03,1654118.00000000,2698098.00000000
0.00005005756620113130099614556740,20.12529400,140.07275920,493.57553120,713.63319408,45,1.001201441730076091309570000,0.9989,562,142,0.9988,210,49,780.21805,"{'ZERO': '0.000100120144173007609130957', 'MAKER_A_0.2BP': '0.000060116939431335522268329', 'MAKER_B_0.5BP': '1.15132409178499825509E-7', 'STRESS_1BP': '-0.0000998798798534243491950364'}",6,0.010012014417300760913095700,1,2026-03-03,1574223.00000000,1669489.00000000
0.0001000900810729656691021919728,4.62077750,142.77809250,644.28628200,15069.08107200,44,2.002002002002002002002000000,0.9992,1249,236,0.999,1199,186,25181.373915,"{'ZERO': '0.000200200200200200200200200', 'MAKER_A_0.2BP': '0.000160192992336349469206812', 'MAKER_B_0.5BP': '0.000100185180931143633008540', 'STRESS_1BP': '1.80162163963783801800E-7'}",7,0.020020020020020020020020000,2,2026-03-03,2666721.00000000,1703313.00000000
0.00005002751513332332783030666867,81.33754700,883.19907650,5674.85105990,34397.52298682,42,1.000600360216129677806680000,0.9995,300,44,0.9994,709,98,46969.958105,"{'ZERO': '0.000100060036021612967780668', 'MAKER_A_0.2BP': '0.000060056833684218851144290', 'MAKER_B_0.5BP': '5.5030268298472208669E-8', 'STRESS_1BP': '-0.0000999399759843907544406656'}",8,0.010006003602161296778066800,1,2026-03-03,538555.00000000,1654118.00000000
0.0001001001001001001001001001001,24.40488700,1423.56938250,2236.92612640,8420.64238404,34,2.002202422664931424567020000,0.9991,1060,209,0.9989,562,142,11127.311397,"{'ZERO': '0.000200220242266493142456702', 'MAKER_A_0.2BP': '0.000160213033600975793077992', 'MAKER_B_0.5BP': '0.000100205220993330151292015', 'STRESS_1BP': '2.00200222244268715585E-7'}",9,0.020022024226649314245670200,2,2026-03-03,1750299.00000000,1574223.00000000
0.0001000800640512409927942353883,279.46482300,2677.63822340,8707.49977250,27658.06885370,19,2.001801621459313382043840000,0.9993,1044,170,0.9991,1060,209,32395.711124,"{'ZERO': '0.000200180162145931338204384', 'MAKER_A_0.2BP': '0.000160172955083586747842663', 'MAKER_B_0.5BP': '0.000100165144880580012636842', 'STRESS_1BP': '1.60128116905054565107E-7'}",10,0.020018016214593133820438400,2,2026-03-03,2698098.00000000,1750299.00000000
0.00005002751513332332783030666867,4.21222500,102.83167600,203.33164800,481.18322900,235,1.000600360216129677806680000,0.9995,638,241,0.9994,738,291,11693.739695,"{'ZERO': '0.000100060036021612967780668', 'MAKER_A_0.2BP': '0.000060056833684218851144290', 'MAKER_B_0.5BP': '5.5030268298472208669E-8', 'STRESS_1BP': '-0.0000999399759843907544406656'}",1,0.010006003602161296778066800,1,2026-03-04,613133.00000000,1289231.00000000
0.00004997251511668582279746139623,12.23693700,252.27168180,647.82426130,1056.94211798,100,0.999500249875062468765620000,1.0006,1201,182,1.0005,794,180,1623.65633,"{'ZERO': '0.000099950024987506246876562', 'MAKER_A_0.2BP': '0.000059946827050465487441875', 'MAKER_B_0.5BP': '-5.49697652548656924975E-8', 'STRESS_1BP': '-0.0001000499650184906546826577'}",2,0.009995002498750624687656200,1,2026-03-04,2322502.00000000,2450636.00000000
0.00004996752111127766951481537001,14.21907200,619.62789250,1843.68221475,2961.20694555,66,0.999400359784129522286630000,1.0007,661,102,1.0006,1201,182,3368.255453,"{'ZERO': '0.000099940035978412952228663', 'MAKER_A_0.2BP': '0.000059936838440924565478309', 'MAKER_B_0.5BP': '-6.49577754971935592707E-8', 'STRESS_1BP': '-0.0001000599520299818908774723'}",3,0.009994003597841295222866300,1,2026-03-04,3898715.00000000,2322502.00000000
0.00004998250612285700004998250612,13.02213000,265.50516980,422.77453700,941.80701632,65,0.999700089973008097570730000,1.0004,767,137,1.0003,869,115,1542.630864,"{'ZERO': '0.000099970008997300809757073', 'MAKER_A_0.2BP': '0.000059966810260915645427969', 'MAKER_B_0.5BP': '-3.49877537613672150542E-8', 'STRESS_1BP': '-0.0001000299850050984104828545'}",4,0.009997000899730080975707300,1,2026-03-04,2913272.00000000,2135966.00000000
0.00004997751012044579939027437653,15.13956300,329.37931640,537.55814580,2397.09400376,65,0.999600159936025589764090000,1.0005,794,180,1.0004,767,137,4164.086926,"{'ZERO': '0.000099960015993602558976409', 'MAKER_A_0.2BP': '0.000059956817656929548334263', 'MAKER_B_0.5BP': '-4.49797582092106910048E-8', 'STRESS_1BP': '-0.0001000399760103957617033179'}",5,0.009996001599360255897640900,1,2026-03-04,2450636.00000000,2913272.00000000
0.00004991763590076373982928168522,40.53688900,238.88183800,1152.64197560,2185.11709666,59,0.998402555910543130990420000,1.0017,396,115,1.0016,330,98,3047.639141,"{'ZERO': '0.000099840255591054313099042', 'MAKER_A_0.2BP': '0.000059837062044701597980820', 'MAKER_B_0.5BP': '-1.647281853159738179225E-7', 'STRESS_1BP': '-0.0001001597124632584664856198'}",6,0.009984025559105431309904200,1,2026-03-04,475029.00000000,674764.00000000
0.00004991265285749937609183928126,3.21556500,392.24511680,1690.40737070,4192.11850782,59,0.998302885095337925526600000,1.0018,320,93,1.0017,396,115,4562.713377,"{'ZERO': '0.000099830288509533792552660', 'MAKER_A_0.2BP': '0.000059827095361856364749514', 'MAKER_B_0.5BP': '-1.746942701781752282057E-7', 'STRESS_1BP': '-0.0001001696775515620046261322'}",7,0.009983028850953379255266000,1,2026-03-04,470850.00000000,475029.00000000
0.00004993757802746566791510611735,3.38885200,108.87301440,265.02378405,6896.21599470,50,0.998801438274071114662410000,1.0013,309,65,1.0012,276,66,12268.678782,"{'ZERO': '0.000099880143827407111466241', 'MAKER_A_0.2BP': '0.000059876948685556852186967', 'MAKER_B_0.5BP': '-1.248439375873795203568E-7', 'STRESS_1BP': '-0.0001001198322037552537195342'}",8,0.009988014382740711146624100,1,2026-03-04,1330152.00000000,1024607.00000000
0.00004988277547762757519828403252,4.99356850,30.75268490,76.47491615,334.3978587,48,0.997705277860919884266190000,1.0024,290,54,1.0023,907,81,394.76879,"{'ZERO': '0.000099770527786091988426619', 'MAKER_A_0.2BP': '0.000059767337028795690673037', 'MAKER_B_0.5BP': '-2.344490178464238516100E-7', 'STRESS_1BP': '-0.0001002294263240542153506888'}",9,0.009977052778609198842661900,1,2026-03-04,3268032.00000000,3161102.00000000
0.00005003252113874018111772652224,75.91789350,832.10920270,2439.61608365,2958.03338426,38,1.000700490343240268187730000,0.9994,738,291,0.9993,281,70,3200.324222,"{'ZERO': '0.000100070049034324026818773', 'MAKER_A_0.2BP': '0.000060066846296417411989997', 'MAKER_B_0.5BP': '6.5042279758322701297E-8', 'STRESS_1BP': '-0.0000999299649740819973841703'}",10,0.010007004903432402681877300,1,2026-03-04,1289231.00000000,1244804.00000000
0.00004996752111127766951481537001,26.98395600,383.20959000,2001.81254260,10988.69878580,73,0.999400359784129522286630000,1.0007,1076,96,1.0006,547,108,12596.996291,"{'ZERO': '0.000099940035978412952228663', 'MAKER_A_0.2BP': '0.000059936838440924565478309', 'MAKER_B_0.5BP': '-6.49577754971935592707E-8', 'STRESS_1BP': '-0.0001000599520299818908774723'}",1,0.009994003597841295222866300,1,2026-03-05,1697598.00000000,2728374.00000000
0.00005000250012500625031251562578,25.22028350,169.30475530,256.63429135,6322.20610364,62,1.000100010001000100010000000,1,626,78,0.9999,922,112,15195.16245,"{'ZERO': '0.000100010001000100010001000', 'MAKER_A_0.2BP': '0.000060006800664066726666267', 'MAKER_B_0.5BP': '5.000250037503125344E-9', 'STRESS_1BP': '-0.0000999900009999000099990001'}",2,0.010001000100010001000100000,1,2026-03-05,1279333.00000000,2351616.00000000
0.00004998750312421894526368407898,27.10811500,509.79315060,1266.02538620,13272.34889164,53,0.999800039992001599680060000,1.0003,789,104,1.0002,307,85,23680.180998,"{'ZERO': '0.000099980003999200159968006', 'MAKER_A_0.2BP': '0.000059976804863022915506497', 'MAKER_B_0.5BP': '-2.49937513122344282706E-8', 'STRESS_1BP': '-0.0001000199920019995600919812'}",3,0.009998000399920015996800600,1,2026-03-05,2129976.00000000,1324978.00000000
0.00005000750112516877531629744462,20.40267150,285.89166950,671.57421240,3585.10985812,50,1.000200040008001600320060000,0.9999,922,112,0.9998,322,86,5063.500967,"{'ZERO': '0.000100020004000800160032006', 'MAKER_A_0.2BP': '0.000060016803264654850931787', 'MAKER_B_0.5BP': '1.5002250487595644223E-8', 'STRESS_1BP': '-0.0000999799999995999599879980'}",4,0.010002000400080016003200600,1,2026-03-05,2351616.00000000,832695.00000000
0.00004994755506717946156535637581,25.84671400,164.46111060,344.33226825,1297.47001326,50,0.999000999000999000999000000,1.0011,253,62,1.001,347,95,1545.935796,"{'ZERO': '0.000099900099900099900099900', 'MAKER_A_0.2BP': '0.000059896903960022697647945', 'MAKER_B_0.5BP': '-1.048898604020847908654E-7', 'STRESS_1BP': '-0.0001000998801218779220979001'}",5,0.009990009990009990009990000,1,2026-03-05,304708.00000000,497881.00000000
0.00004998250612285700004998250612,16.32569100,760.59045460,1455.33201160,2823.66660092,49,0.999700089973008097570730000,1.0004,457,88,1.0003,789,104,2862.122435,"{'ZERO': '0.000099970008997300809757073', 'MAKER_A_0.2BP': '0.000059966810260915645427969', 'MAKER_B_0.5BP': '-3.49877537613672150542E-8', 'STRESS_1BP': '-0.0001000299850050984104828545'}",6,0.009997000899730080975707300,1,2026-03-05,1027368.00000000,2129976.00000000
0.00004997751012044579939027437653,41.44447600,344.96086480,2927.18734160,3995.14159708,45,0.999600159936025589764090000,1.0005,520,79,1.0004,457,88,4372.143659,"{'ZERO': '0.000099960015993602558976409', 'MAKER_A_0.2BP': '0.000059956817656929548334263', 'MAKER_B_0.5BP': '-4.49797582092106910048E-8', 'STRESS_1BP': '-0.0001000399760103957617033179'}",7,0.009996001599360255897640900,1,2026-03-05,2268138.00000000,1027368.00000000
0.00005001250312578144536134033508,3.93502700,99.02219600,396.11198840,1259.38527122,35,1.000300090027008102430730000,0.9998,322,86,0.9997,153,44,1428.71274,"{'ZERO': '0.000100030009002700810243073', 'MAKER_A_0.2BP': '0.000060026807866363428958289', 'MAKER_B_0.5BP': '2.5006251938078298646E-8', 'STRESS_1BP': '-0.0000999699969984996098769637'}",8,0.010003000900270081024307300,1,2026-03-05,832695.00000000,233945.00000000
0.00004997251511668582279746139623,34.64875850,694.10670640,3436.63875905,9601.57021103,34,0.999500249875062468765620000,1.0006,547,108,1.0005,520,79,10343.417969,"{'ZERO': '0.000099950024987506246876562', 'MAKER_A_0.2BP': '0.000059946827050465487441875', 'MAKER_B_0.5BP': '-5.49697652548656924975E-8', 'STRESS_1BP': '-0.0001000499650184906546826577'}",9,0.009995002498750624687656200,1,2026-03-05,2728374.00000000,2268138.00000000
0.00004995254508217193666017283581,20.86078250,547.56201350,2007.24670110,16366.39456219,34,0.999100809271655510040960000,1.001,347,95,1.0009,300,54,22734.051712,"{'ZERO': '0.000099910080927165551004096', 'MAKER_A_0.2BP': '0.000059906884587855250588064', 'MAKER_B_0.5BP': '-9.49098313892378115633E-8', 'STRESS_1BP': '-0.0001000899010908180837426298'}",10,0.009991008092716555100409600,1,2026-03-05,497881.00000000,960072.00000000
0.00004998750312421894526368407898,4.91662400,194.22423700,1282.75366050,5751.13732722,99,0.999800039992001599680060000,1.0003,579,116,1.0002,791,151,8520.469505,"{'ZERO': '0.000099980003999200159968006', 'MAKER_A_0.2BP': '0.000059976804863022915506497', 'MAKER_B_0.5BP': '-2.49937513122344282706E-8', 'STRESS_1BP': '-0.0001000199920019995600919812'}",1,0.009998000399920015996800600,1,2026-03-06,396853.00000000,631930.00000000
0.00005002751513332332783030666867,28.25034900,237.54695280,472.73727460,1732.07290444,77,1.000600360216129677806680000,0.9995,1050,137,0.9994,1501,90,2132.169209,"{'ZERO': '0.000100060036021612967780668', 'MAKER_A_0.2BP': '0.000060056833684218851144290', 'MAKER_B_0.5BP': '5.5030268298472208669E-8', 'STRESS_1BP': '-0.0000999399759843907544406656'}",2,0.010006003602161296778066800,1,2026-03-06,1609890.00000000,3070226.00000000
0.00005002251012955830123555600020,57.78931000,475.26215600,2727.90682480,3244.33608124,67,1.000500250125062531265630000,0.9996,427,89,0.9995,1050,137,3925.51666,"{'ZERO': '0.000100050025012506253126563', 'MAKER_A_0.2BP': '0.000060046823075544492111659', 'MAKER_B_0.5BP': '4.5020260242615683123E-8', 'STRESS_1BP': '-0.0000999499849914958479139580'}",3,0.010005002501250625312656300,1,2026-03-06,607273.00000000,1609890.00000000
0.00004999750012499375031248437578,52.07000200,532.93516890,738.65006535,1761.08294348,48,1.0000,1.0001,494,82,1,243,70,2089.117477,"{'ZERO': '0.0001', 'MAKER_A_0.2BP': '0.000059996800063998720025599', 'MAKER_B_0.5BP': '-4.9997500124993750312E-9', 'STRESS_1BP': '-0.0001'}",4,0.0100,1,2026-03-06,521957.00000000,259378.00000000
0.00005001250312578144536134033508,2.74634900,34.99294000,90.52559850,18812.67410975,46,1.000300090027008102430730000,0.9998,327,63,0.9997,764,68,34093.429988,"{'ZERO': '0.000100030009002700810243073', 'MAKER_A_0.2BP': '0.000060026807866363428958289', 'MAKER_B_0.5BP': '2.5006251938078298646E-8', 'STRESS_1BP': '-0.0000999699969984996098769637'}",5,0.010003000900270081024307300,1,2026-03-06,228557.00000000,840133.00000000
0.00004999250112483127530870369445,38.83079800,928.86376320,1731.18416210,2878.32945594,39,0.999900009999000099990000000,1.0002,791,151,1.0001,494,82,3280.878499,"{'ZERO': '0.000099990000999900009999000', 'MAKER_A_0.2BP': '0.000059986801463850734984100', 'MAKER_B_0.5BP': '-1.49977502624718779060E-8', 'STRESS_1BP': '-0.0001000099970004999300089989'}",6,0.009999000099990000999900000,1,2026-03-06,631930.00000000,521957.00000000
0.00005001750612714450057520132046,13.44314000,6157.82183500,10907.39416200,11478.54451880,21,1.000400160064025610244100000,0.9997,764,68,0.9996,427,89,11621.332108,"{'ZERO': '0.000100040016006402561024410', 'MAKER_A_0.2BP': '0.000060036814469793037112447', 'MAKER_B_0.5BP': '3.5012254989491421787E-8', 'STRESS_1BP': '-0.0000999599919959984793837543'}",7,0.010004001600640256102441000,1,2026-03-06,840133.00000000,607273.00000000
0.0001000500250125062531265632816,306.15983550,2690.33198300,2861.91196045,3447.51823849,18,2.001200720432259355613370000,0.9996,427,89,0.9994,1501,90,3593.919808,"{'ZERO': '0.000200120072043225935561337', 'MAKER_A_0.2BP': '0.000160112867384437382294980', 'MAKER_B_0.5BP': '0.000100105060786584445042307', 'STRESS_1BP': '1.00050031018511116669E-7'}",8,0.020012007204322593556133700,2,2026-03-06,607273.00000000,3070226.00000000
0.00004998250612285700004998250612,170.54250550,3542.42735130,5349.88938865,9086.27612093,18,0.999700089973008097570730000,1.0004,113,34,1.0003,579,116,10020.372804,"{'ZERO': '0.000099970008997300809757073', 'MAKER_A_0.2BP': '0.000059966810260915645427969', 'MAKER_B_0.5BP': '-3.49877537613672150542E-8', 'STRESS_1BP': '-0.0001000299850050984104828545'}",9,0.009997000899730080975707300,1,2026-03-06,163913.00000000,396853.00000000
0.00009997000899730080975707287814,395.93661150,5588.15172850,7560.31909100,9259.59906620,16,1.999600079984003199360130000,1.0004,113,34,1.0002,791,151,9684.41906,"{'ZERO': '0.000199960007998400319936013', 'MAKER_A_0.2BP': '0.000159952809742045511019394', 'MAKER_B_0.5BP': '0.000099945012747363031768428', 'STRESS_1BP': '-5.99820041991001859622E-8'}",10,0.019996000799840031993601300,2,2026-03-06,163913.00000000,631930.00000000
0.00005003752814610958218663997998,3.41848950,436.7412670,627.56093810,1232.95031070,150,1.000800640512409927942350000,0.9993,523,233,0.9992,850,169,4059.154197,"{'ZERO': '0.000100080064051240992794235', 'MAKER_A_0.2BP': '0.000060076860912741713140117', 'MAKER_B_0.5BP': '7.5056295223669561118E-8', 'STRESS_1BP': '-0.0000999199519599681344915949'}",1,0.010008006405124099279423500,1,2026-03-07,878223.00000000,1169503.00000000
0.00005003252113874018111772652224,37.92140450,718.36813010,1168.87027635,4979.71198467,78,1.000700490343240268187730000,0.9994,478,104,0.9993,523,233,15410.266449,"{'ZERO': '0.000100070049034324026818773', 'MAKER_A_0.2BP': '0.000060066846296417411989997', 'MAKER_B_0.5BP': '6.5042279758322701297E-8', 'STRESS_1BP': '-0.0000999299649740819973841703'}",2,0.010007004903432402681877300,1,2026-03-07,431850.00000000,878223.00000000
0.00005002251012955830123555600020,169.62458100,846.59835920,1277.74038260,5599.96863764,33,1.000500250125062531265630000,0.9996,86,35,0.9995,662,71,7606.917245,"{'ZERO': '0.000100050025012506253126563', 'MAKER_A_0.2BP': '0.000060046823075544492111659', 'MAKER_B_0.5BP': '4.5020260242615683123E-8', 'STRESS_1BP': '-0.0000999499849914958479139580'}",3,0.010005002501250625312656300,1,2026-03-07,168133.00000000,1502013.00000000
0.00005002751513332332783030666867,190.89105400,1017.84783600,2051.19046050,4537.37406870,31,1.000600360216129677806680000,0.9995,662,71,0.9994,478,104,5235.439869,"{'ZERO': '0.000100060036021612967780668', 'MAKER_A_0.2BP': '0.000060056833684218851144290', 'MAKER_B_0.5BP': '5.5030268298472208669E-8', 'STRESS_1BP': '-0.0000999399759843907544406656'}",4,0.010006003602161296778066800,1,2026-03-07,1502013.00000000,431850.00000000
0.00005004253615573237251663914327,177.80402050,613.16324430,870.93371630,1248.29975846,18,1.000900810729656691021920000,0.9992,850,169,0.9991,90,18,1342.641269,"{'ZERO': '0.000100090081072965669102192', 'MAKER_A_0.2BP': '0.000060086877533793533918132', 'MAKER_B_0.5BP': '8.5072315296256005937E-8', 'STRESS_1BP': '-0.0000999099369414474827164466'}",5,0.010009008107296566910219200,1,2026-03-07,1169503.00000000,251728.00000000
0.0001000600360216129677806684010,364.23169000,2719.00777930,4067.16222135,5220.79963067,12,2.001400980686480536375460000,0.9995,662,71,0.9993,523,233,5509.208983,"{'ZERO': '0.000200140098068648053637546', 'MAKER_A_0.2BP': '0.000160132892608834503986394', 'MAKER_B_0.5BP': '0.000100125084809504146027563', 'STRESS_1BP': '1.20072051636025229660E-7'}",6,0.020014009806864805363754600,2,2026-03-07,1502013.00000000,878223.00000000
0.0001000400160064025610244097639,4924.66788900,10198.35868270,10480.51181335,10706.23431787,4,2.001000500250125062531270000,0.9997,14,7,0.9995,662,71,10762.664944,"{'ZERO': '0.000200100050025012506253127', 'MAKER_A_0.2BP': '0.000160092846167088664229717', 'MAKER_B_0.5BP': '0.000100085040770472731991214', 'STRESS_1BP': '8.0032016808324170084E-8'}",7,0.020010005002501250625312700,2,2026-03-07,5281.00000000,1502013.00000000
0.00005001750612714450057520132046,4861.26385050,10192.19624390,10473.02885195,10697.69493839,4,1.000400160064025610244100000,0.9997,14,7,0.9996,86,35,10753.86146,"{'ZERO': '0.000100040016006402561024410', 'MAKER_A_0.2BP': '0.000060036814469793037112447', 'MAKER_B_0.5BP': '3.5012254989491421787E-8', 'STRESS_1BP': '-0.0000999599919959984793837543'}",8,0.010004001600640256102441000,1,2026-03-07,5281.00000000,168133.00000000
0.0001500825453999699834909200060,7047.15730100,7047.15730100,7047.15730100,7047.15730100,1,3.002101471029720804563190000,0.9996,86,35,0.9993,523,233,7047.157301,"{'ZERO': '0.000300210147102972080456319', 'MAKER_A_0.2BP': '0.000260198938921251595982791', 'MAKER_B_0.5BP': '0.000200185127339249969353829', 'STRESS_1BP': '0.000100170109077354047843489'}",9,0.030021014710297208045631900,3,2026-03-07,168133.00000000,878223.00000000
0.0001500675303886749037066680006,8801.88437100,8801.88437100,8801.88437100,8801.88437100,1,3.001801080648389033420050000,0.9997,14,7,0.9994,478,104,8801.884371,"{'ZERO': '0.000300180108064838903342005', 'MAKER_A_0.2BP': '0.000260168901084655913445669', 'MAKER_B_0.5BP': '0.000200155091304870417875944', 'STRESS_1BP': '0.000100140076046427776674004'}",10,0.030018010806483890334200500,3,2026-03-07,5281.00000000,431850.00000000
0.00005004253615573237251663914327,94.67832250,790.64364560,1781.29276835,6011.76547055,92,1.000900810729656691021920000,0.9992,427,107,0.9991,889,187,28172.203402,"{'ZERO': '0.000100090081072965669102192', 'MAKER_A_0.2BP': '0.000060086877533793533918132', 'MAKER_B_0.5BP': '8.5072315296256005937E-8', 'STRESS_1BP': '-0.0000999099369414474827164466'}",1,0.010009008107296566910219200,1,2026-03-08,665172.00000000,967789.00000000
0.00005004754516790951403833641960,100.43779800,796.38925030,1286.26242025,2238.93300570,78,1.001001001001001001001000000,0.9991,889,187,0.999,600,86,3739.231259,"{'ZERO': '0.000100100100100100100100100', 'MAKER_A_0.2BP': '0.000060096896160174894600206', 'MAKER_B_0.5BP': '9.5090340578066191786E-8', 'STRESS_1BP': '-0.0000998999199179181180981001'}",2,0.010010010010010010010010000,1,2026-03-08,967789.00000000,1107027.00000000
0.0001000800640512409927942353883,310.45823400,4248.19305140,5518.49064380,31888.37352508,29,2.001801621459313382043840000,0.9993,752,39,0.9991,889,187,42114.148585,"{'ZERO': '0.000200180162145931338204384', 'MAKER_A_0.2BP': '0.000160172955083586747842663', 'MAKER_B_0.5BP': '0.000100165144880580012636842', 'STRESS_1BP': '1.60128116905054565107E-7'}",3,0.020018016214593133820438400,2,2026-03-08,723911.00000000,967789.00000000
0.00005003752814610958218663997998,362.96643800,4671.95890180,7448.30465265,35445.41089933,20,1.000800640512409927942350000,0.9993,752,39,0.9992,427,107,42444.687461,"{'ZERO': '0.000100080064051240992794235', 'MAKER_A_0.2BP': '0.000060076860912741713140117', 'MAKER_B_0.5BP': '7.5056295223669561118E-8', 'STRESS_1BP': '-0.0000999199519599681344915949'}",4,0.010008006405124099279423500,1,2026-03-08,723911.00000000,665172.00000000
0.0001000900810729656691021919728,283.01697600,4026.63223200,16397.71352400,26294.57855760,10,2.002002002002002002002000000,0.9992,427,107,0.999,600,86,28768.794816,"{'ZERO': '0.000200200200200200200200200', 'MAKER_A_0.2BP': '0.000160192992336349469206812', 'MAKER_B_0.5BP': '0.000100185180931143633008540', 'STRESS_1BP': '1.80162163963783801800E-7'}",5,0.020020020020020020020020000,2,2026-03-08,665172.00000000,1107027.00000000
0.00005003252113874018111772652224,65.69294300,45876.42187820,61125.85311060,73325.39809652,5,1.000700490343240268187730000,0.9994,23,5,0.9993,752,39,76375.284343,"{'ZERO': '0.000100070049034324026818773', 'MAKER_A_0.2BP': '0.000060066846296417411989997', 'MAKER_B_0.5BP': '6.5042279758322701297E-8', 'STRESS_1BP': '-0.0000999299649740819973841703'}",6,0.010007004903432402681877300,1,2026-03-08,16344.00000000,723911.00000000
0.0001001001001001001001001001001,8.19465050,27.15965400,30.38941800,32.97322920,4,2.002202422664931424567020000,0.9991,889,187,0.9989,49,7,33.619182,"{'ZERO': '0.000200220242266493142456702', 'MAKER_A_0.2BP': '0.000160213033600975793077992', 'MAKER_B_0.5BP': '0.000100205220993330151292015', 'STRESS_1BP': '2.00200222244268715585E-7'}",7,0.020022024226649314245670200,2,2026-03-08,967789.00000000,8895.00000000
0.00005005255518294208919365333600,0.41962950,35.26783220,42.65867660,48.57135212,4,1.001101211332465712283510000,0.999,600,86,0.9989,49,7,50.049521,"{'ZERO': '0.000100110121133246571228351', 'MAKER_A_0.2BP': '0.000060106916792488056535796', 'MAKER_B_0.5BP': '1.05110371671325333523E-7', 'STRESS_1BP': '-0.0000998899008887778756412075'}",8,0.010011012113324657122835100,1,2026-03-08,1107027.00000000,8895.00000000
0.0001501125844383287465599199400,28.90855300,63653.43686340,71606.50290220,77968.95573324,3,3.002702432188970073065760000,0.9994,23,5,0.9991,889,187,79559.568941,"{'ZERO': '0.000300270243218897007306576', 'MAKER_A_0.2BP': '0.000260259032633379961767194', 'MAKER_B_0.5BP': '0.000200245217445863769267747', 'STRESS_1BP': '0.000100230193175257591846661'}",9,0.030027024321889700730657600,3,2026-03-08,16344.00000000,967789.00000000
0.0001000700490343240268187731412,39821.70324150,71625.71386750,75601.21519575,78781.61625835,2,2.001601281024819855884710000,0.9994,23,5,0.9992,427,107,79576.716524,"{'ZERO': '0.000200160128102481985588471', 'MAKER_A_0.2BP': '0.000160152921841483106286633', 'MAKER_B_0.5BP': '0.000100145112840434839747204', 'STRESS_1BP': '1.40098079863751014810E-7'}",10,0.020016012810248198558847100,2,2026-03-08,16344.00000000,665172.00000000
0.00005004253615573237251663914327,27.01750850,557.61219150,772.59366350,1460.65657760,116,1.000900810729656691021920000,0.9992,455,124,0.9991,678,152,12204.035463,"{'ZERO': '0.000100090081072965669102192', 'MAKER_A_0.2BP': '0.000060086877533793533918132', 'MAKER_B_0.5BP': '8.5072315296256005937E-8', 'STRESS_1BP': '-0.0000999099369414474827164466'}",1,0.010009008107296566910219200,1,2026-03-09,384865.00000000,891407.00000000
0.00004998750312421894526368407898,67.43476400,488.08609780,597.23654240,2197.79816106,62,0.999800039992001599680060000,1.0003,280,79,1.0002,460,95,3814.243294,"{'ZERO': '0.000099980003999200159968006', 'MAKER_A_0.2BP': '0.000059976804863022915506497', 'MAKER_B_0.5BP': '-2.49937513122344282706E-8', 'STRESS_1BP': '-0.0001000199920019995600919812'}",2,0.009998000399920015996800600,1,2026-03-09,369127.00000000,673820.00000000
0.00005004754516790951403833641960,42.28839100,608.79507980,691.51177190,5424.65479359,40,1.001001001001001001001000000,0.9991,678,152,0.999,481,60,8325.501243,"{'ZERO': '0.000100100100100100100100100', 'MAKER_A_0.2BP': '0.000060096896160174894600206', 'MAKER_B_0.5BP': '9.5090340578066191786E-8', 'STRESS_1BP': '-0.0000998999199179181180981001'}",3,0.010010010010010010010010000,1,2026-03-09,891407.00000000,790660.00000000
0.00005000250012500625031251562578,11.72792900,161.80185180,293.90088060,971.44299260,37,1.000100010001000100010000000,1,974,64,0.9999,166,50,1149.995429,"{'ZERO': '0.000100010001000100010001000', 'MAKER_A_0.2BP': '0.000060006800664066726666267', 'MAKER_B_0.5BP': '5.000250037503125344E-9', 'STRESS_1BP': '-0.0000999900009999000099990001'}",4,0.010001000100010001000100000,1,2026-03-09,684360.00000000,186586.00000000
0.00004997751012044579939027437653,98.66220350,1021.88546180,1405.67286815,5531.50216183,32,0.999600159936025589764090000,1.0005,73,32,1.0004,354,54,7278.177882,"{'ZERO': '0.000099960015993602558976409', 'MAKER_A_0.2BP': '0.000059956817656929548334263', 'MAKER_B_0.5BP': '-4.49797582092106910048E-8', 'STRESS_1BP': '-0.0001000399760103957617033179'}",5,0.009996001599360255897640900,1,2026-03-09,105709.00000000,255098.00000000
0.00004999750012499375031248437578,52.23507650,518.03799760,609.80236850,1884.06776531,22,1.0000,1.0001,276,44,1,974,64,2221.609583,"{'ZERO': '0.0001', 'MAKER_A_0.2BP': '0.000059996800063998720025599', 'MAKER_B_0.5BP': '-4.9997500124993750312E-9', 'STRESS_1BP': '-0.0001'}",6,0.0100,1,2026-03-09,62585.00000000,684360.00000000
0.00004998250612285700004998250612,100.02696550,1253.39699000,1998.09932230,7230.43483166,20,0.999700089973008097570730000,1.0004,354,54,1.0003,280,79,8538.518709,"{'ZERO': '0.000099970008997300809757073', 'MAKER_A_0.2BP': '0.000059966810260915645427969', 'MAKER_B_0.5BP': '-3.49877537613672150542E-8', 'STRESS_1BP': '-0.0001000299850050984104828545'}",7,0.009997000899730080975707300,1,2026-03-09,255098.00000000,369127.00000000
0.00004999250112483127530870369445,217.98861700,1182.31668060,2132.89123300,2383.07555140,19,0.999900009999000099990000000,1.0002,460,95,1.0001,276,44,2445.621631,"{'ZERO': '0.000099990000999900009999000', 'MAKER_A_0.2BP': '0.000059986801463850734984100', 'MAKER_B_0.5BP': '-1.49977502624718779060E-8', 'STRESS_1BP': '-0.0001000099970004999300089989'}",8,0.009999000099990000999900000,1,2026-03-09,673820.00000000,62585.00000000
0.00005005255518294208919365333600,180.71928600,597.16357040,770.24712250,1076.62496770,15,1.001101211332465712283510000,0.999,481,60,0.9989,102,16,1153.219429,"{'ZERO': '0.000100110121133246571228351', 'MAKER_A_0.2BP': '0.000060106916792488056535796', 'MAKER_B_0.5BP': '1.05110371671325333523E-7', 'STRESS_1BP': '-0.0000998899008887778756412075'}",9,0.010011012113324657122835100,1,2026-03-09,790660.00000000,614886.00000000
0.00009999000099990000999900009999,5.31715050,1795.64244140,2263.85634070,2442.35919614,14,2.0000,1.0002,460,95,1,974,64,2486.98491,"{'ZERO': '0.0002', 'MAKER_A_0.2BP': '0.000159992800143997120057599', 'MAKER_B_0.5BP': '0.000099985000749962501874906', 'STRESS_1BP': '-1.99980001999800019998E-8'}",10,0.0200,2,2026-03-09,673820.00000000,684360.00000000
0.00004997251511668582279746139623,15.20508000,313.48593180,1015.88267030,5294.34482590,115,0.999500249875062468765620000,1.0006,2272,215,1.0005,1071,184,10909.531253,"{'ZERO': '0.000099950024987506246876562', 'MAKER_A_0.2BP': '0.000059946827050465487441875', 'MAKER_B_0.5BP': '-5.49697652548656924975E-8', 'STRESS_1BP': '-0.0001000499650184906546826577'}",1,0.009995002498750624687656200,1,2026-03-10,3179137.00000000,1360623.00000000
0.00004996752111127766951481537001,60.56391200,453.81632000,965.43560080,9150.15467796,99,0.999400359784129522286630000,1.0007,645,125,1.0006,2272,215,19442.103161,"{'ZERO': '0.000099940035978412952228663', 'MAKER_A_0.2BP': '0.000059936838440924565478309', 'MAKER_B_0.5BP': '-6.49577754971935592707E-8', 'STRESS_1BP': '-0.0001000599520299818908774723'}",2,0.009994003597841295222866300,1,2026-03-10,1199463.00000000,3179137.00000000
0.00004999250112483127530870369445,47.43323200,310.71571340,378.57672930,2422.12975648,83,0.999900009999000099990000000,1.0002,431,129,1.0001,320,92,5106.074615,"{'ZERO': '0.000099990000999900009999000', 'MAKER_A_0.2BP': '0.000059986801463850734984100', 'MAKER_B_0.5BP': '-1.49977502624718779060E-8', 'STRESS_1BP': '-0.0001000099970004999300089989'}",3,0.009999000099990000999900000,1,2026-03-10,387895.00000000,207909.00000000
0.00004997751012044579939027437653,17.39130150,534.26110800,2384.41983930,4707.11579593,68,0.999600159936025589764090000,1.0005,1071,184,1.0004,587,119,7768.576156,"{'ZERO': '0.000099960015993602558976409', 'MAKER_A_0.2BP': '0.000059956817656929548334263', 'MAKER_B_0.5BP': '-4.49797582092106910048E-8', 'STRESS_1BP': '-0.0001000399760103957617033179'}",4,0.009996001599360255897640900,1,2026-03-10,1360623.00000000,782307.00000000
0.00004998250612285700004998250612,20.42944750,1094.83840970,2090.72980925,2627.98089506,50,0.999700089973008097570730000,1.0004,587,119,1.0003,618,99,2633.592182,"{'ZERO': '0.000099970008997300809757073', 'MAKER_A_0.2BP': '0.000059966810260915645427969', 'MAKER_B_0.5BP': '-3.49877537613672150542E-8', 'STRESS_1BP': '-0.0001000299850050984104828545'}",5,0.009997000899730080975707300,1,2026-03-10,782307.00000000,690030.00000000
0.00004998750312421894526368407898,49.20471200,462.07999720,1522.51625370,5613.87423054,47,0.999800039992001599680060000,1.0003,618,99,1.0002,431,129,9021.530702,"{'ZERO': '0.000099980003999200159968006', 'MAKER_A_0.2BP': '0.000059976804863022915506497', 'MAKER_B_0.5BP': '-2.49937513122344282706E-8', 'STRESS_1BP': '-0.0001000199920019995600919812'}",6,0.009998000399920015996800600,1,2026-03-10,690030.00000000,387895.00000000
0.00004996252810392205845615788159,130.76800100,1311.84277460,1601.52571000,14891.87039904,33,0.999300489657239932047570000,1.0008,93,36,1.0007,645,125,21118.690592,"{'ZERO': '0.000099930048965723993204757', 'MAKER_A_0.2BP': '0.000059926851827708124562401', 'MAKER_B_0.5BP': '-7.49437895348162540909E-8', 'STRESS_1BP': '-0.0001000699370454680323913247'}",7,0.009993004896572399320475700,1,2026-03-10,329705.00000000,1199463.00000000
0.00005000250012500625031251562578,28.38111800,200.63882440,378.97385925,500.87546123,22,1.000100010001000100010000000,1,167,27,0.9999,133,38,530.791607,"{'ZERO': '0.000100010001000100010001000', 'MAKER_A_0.2BP': '0.000060006800664066726666267', 'MAKER_B_0.5BP': '5.000250037503125344E-9', 'STRESS_1BP': '-0.0000999900009999000099990001'}",8,0.010001000100010001000100000,1,2026-03-10,269908.00000000,156870.00000000
0.00009993004896572399320475667033,280.30064200,5430.50718920,21114.02593290,21200.75196978,19,1.998800719568259044573260000,1.0008,93,36,1.0006,2272,215,21222.433479,"{'ZERO': '0.000199880071956825904457326', 'MAKER_A_0.2BP': '0.000159872876897848810963017', 'MAKER_B_0.5BP': '0.000099865084698993113506427', 'STRESS_1BP': '-1.399020601637617569444E-7'}",9,0.019988007195682590445732600,2,2026-03-10,329705.00000000,3179137.00000000
0.00009994003597841295222866280232,224.01723000,5326.83807320,10704.98337560,17771.84856152,17,1.999000499750124937531230000,1.0007,645,125,1.0005,1071,184,19538.564858,"{'ZERO': '0.000199900049975012493753123', 'MAKER_A_0.2BP': '0.000159892854116930654890151', 'MAKER_B_0.5BP': '0.000099885060719477769239974', 'STRESS_1BP': '-1.199280371812893673151E-7'}",10,0.019990004997501249375312300,2,2026-03-10,1199463.00000000,1360623.00000000
0.00004997751012044579939027437653,4.36807100,94.86713460,129.03691880,355.35565968,73,0.999600159936025589764090000,1.0005,372,146,1.0004,161,74,410.104698,"{'ZERO': '0.000099960015993602558976409', 'MAKER_A_0.2BP': '0.000059956817656929548334263', 'MAKER_B_0.5BP': '-4.49797582092106910048E-8', 'STRESS_1BP': '-0.0001000399760103957617033179'}",1,0.009996001599360255897640900,1,2026-03-11,657636.00000000,204794.00000000
0.00005000250012500625031251562578,20.27088500,439.31007000,645.49778500,16471.12718340,71,1.000100010001000100010000000,1,760,84,0.9999,428,147,28946.452107,"{'ZERO': '0.000100010001000100010001000', 'MAKER_A_0.2BP': '0.000060006800664066726666267', 'MAKER_B_0.5BP': '5.000250037503125344E-9', 'STRESS_1BP': '-0.0000999900009999000099990001'}",2,0.010001000100010001000100000,1,2026-03-11,862868.00000000,896149.00000000
0.00005000750112516877531629744462,33.40699400,545.93324580,2343.13420610,9194.58399172,67,1.000200040008001600320060000,0.9999,428,147,0.9998,497,114,10180.891759,"{'ZERO': '0.000100020004000800160032006', 'MAKER_A_0.2BP': '0.000060016803264654850931787', 'MAKER_B_0.5BP': '1.5002250487595644223E-8', 'STRESS_1BP': '-0.0000999799999995999599879980'}",3,0.010002000400080016003200600,1,2026-03-11,896149.00000000,1001398.00000000
0.00005001750612714450057520132046,20.17031700,293.89469080,453.41674200,1348.34579894,59,1.000400160064025610244100000,0.9997,490,105,0.9996,146,62,1575.150685,"{'ZERO': '0.000100040016006402561024410', 'MAKER_A_0.2BP': '0.000060036814469793037112447', 'MAKER_B_0.5BP': '3.5012254989491421787E-8', 'STRESS_1BP': '-0.0000999599919959984793837543'}",4,0.010004001600640256102441000,1,2026-03-11,797399.00000000,42484.00000000
0.00004997251511668582279746139623,56.64639100,502.36493510,590.14241725,2713.03392847,54,0.999500249875062468765620000,1.0006,492,87,1.0005,372,146,4653.965585,"{'ZERO': '0.000099950024987506246876562', 'MAKER_A_0.2BP': '0.000059946827050465487441875', 'MAKER_B_0.5BP': '-5.49697652548656924975E-8', 'STRESS_1BP': '-0.0001000499650184906546826577'}",5,0.009995002498750624687656200,1,2026-03-11,1726557.00000000,657636.00000000
0.00005001250312578144536134033508,118.26556000,1216.12742040,2190.53063260,3935.19991497,48,1.000300090027008102430730000,0.9998,497,114,0.9997,490,105,4387.096478,"{'ZERO': '0.000100030009002700810243073', 'MAKER_A_0.2BP': '0.000060026807866363428958289', 'MAKER_B_0.5BP': '2.5006251938078298646E-8', 'STRESS_1BP': '-0.0000999699969984996098769637'}",6,0.010003000900270081024307300,1,2026-03-11,1001398.00000000,797399.00000000
0.00004996752111127766951481537001,148.37312800,1065.08813880,1895.19916340,2320.44298282,38,0.999400359784129522286630000,1.0007,189,59,1.0006,492,87,2556.432466,"{'ZERO': '0.000099940035978412952228663', 'MAKER_A_0.2BP': '0.000059936838440924565478309', 'MAKER_B_0.5BP': '-6.49577754971935592707E-8', 'STRESS_1BP': '-0.0001000599520299818908774723'}",7,0.009994003597841295222866300,1,2026-03-11,261014.00000000,1726557.00000000
0.00009994003597841295222866280232,4.74568500,957.65971270,2305.94736600,5366.89260591,30,1.999000499750124937531230000,1.0007,189,59,1.0005,372,146,6572.588637,"{'ZERO': '0.000199900049975012493753123', 'MAKER_A_0.2BP': '0.000159892854116930654890151', 'MAKER_B_0.5BP': '0.000099885060719477769239974', 'STRESS_1BP': '-1.199280371812893673151E-7'}",8,0.019990004997501249375312300,2,2026-03-11,261014.00000000,657636.00000000
0.00004999750012499375031248437578,48.69796600,2234.32384660,11559.25052140,37958.39469868,17,1.0000,1.0001,48,23,1,760,84,44558.180743,"{'ZERO': '0.0001', 'MAKER_A_0.2BP': '0.000059996800063998720025599', 'MAKER_B_0.5BP': '-4.9997500124993750312E-9', 'STRESS_1BP': '-0.0001'}",9,0.0100,1,2026-03-11,22164.00000000,862868.00000000
0.00004998750312421894526368407898,33.05175000,206.86058120,1330.53644850,2414.33942810,12,0.999800039992001599680060000,1.0003,27,13,1.0002,36,13,2685.290173,"{'ZERO': '0.000099980003999200159968006', 'MAKER_A_0.2BP': '0.000059976804863022915506497', 'MAKER_B_0.5BP': '-2.49937513122344282706E-8', 'STRESS_1BP': '-0.0001000199920019995600919812'}",10,0.009998000399920015996800600,1,2026-03-11,49251.00000000,418128.00000000
0.00005000250012500625031251562578,3.07402800,181.63989560,278.47362560,2474.49465456,213,1.000100010001000100010000000,1,903,287,0.9999,1572,291,11495.629577,"{'ZERO': '0.000100010001000100010001000', 'MAKER_A_0.2BP': '0.000060006800664066726666267', 'MAKER_B_0.5BP': '5.000250037503125344E-9', 'STRESS_1BP': '-0.0000999900009999000099990001'}",1,0.010001000100010001000100000,1,2026-03-12,1483463.00000000,1785215.00000000
0.00004999250112483127530870369445,52.79992850,530.25132500,1505.94193675,8794.47215210,86,0.999900009999000099990000000,1.0002,733,137,1.0001,889,160,31340.864709,"{'ZERO': '0.000099990000999900009999000', 'MAKER_A_0.2BP': '0.000059986801463850734984100', 'MAKER_B_0.5BP': '-1.49977502624718779060E-8', 'STRESS_1BP': '-0.0001000099970004999300089989'}",2,0.009999000099990000999900000,1,2026-03-12,1371108.00000000,2138577.00000000
0.00005000750112516877531629744462,39.27662300,375.02866920,605.58659540,2458.02929344,75,1.000200040008001600320060000,0.9999,1572,291,0.9998,483,111,6263.859797,"{'ZERO': '0.000100020004000800160032006', 'MAKER_A_0.2BP': '0.000060016803264654850931787', 'MAKER_B_0.5BP': '1.5002250487595644223E-8', 'STRESS_1BP': '-0.0000999799999995999599879980'}",3,0.010002000400080016003200600,1,2026-03-12,1785215.00000000,704795.00000000
0.00004999750012499375031248437578,54.00417500,516.53688260,1289.84459520,8570.74990412,75,1.0000,1.0001,889,160,1,903,287,25411.73766,"{'ZERO': '0.0001', 'MAKER_A_0.2BP': '0.000059996800063998720025599', 'MAKER_B_0.5BP': '-4.9997500124993750312E-9', 'STRESS_1BP': '-0.0001'}",4,0.0100,1,2026-03-12,2138577.00000000,1483463.00000000
0.00004998750312421894526368407898,21.34393300,1186.67274900,7260.80064140,24124.42459444,49,0.999800039992001599680060000,1.0003,528,82,1.0002,733,137,35580.318745,"{'ZERO': '0.000099980003999200159968006', 'MAKER_A_0.2BP': '0.000059976804863022915506497', 'MAKER_B_0.5BP': '-2.49937513122344282706E-8', 'STRESS_1BP': '-0.0001000199920019995600919812'}",5,0.009998000399920015996800600,1,2026-03-12,1101516.00000000,1371108.00000000
0.00005001250312578144536134033508,60.44077000,544.73681700,701.47187000,5540.14008500,41,1.000300090027008102430730000,0.9998,483,111,0.9997,158,61,7144.150241,"{'ZERO': '0.000100030009002700810243073', 'MAKER_A_0.2BP': '0.000060026807866363428958289', 'MAKER_B_0.5BP': '2.5006251938078298646E-8', 'STRESS_1BP': '-0.0000999699969984996098769637'}",6,0.010003000900270081024307300,1,2026-03-12,704795.00000000,203737.00000000
0.00004998250612285700004998250612,36.48874500,466.30551600,1704.89366550,28111.32383640,31,0.999700089973008097570730000,1.0004,181,64,1.0003,528,82,38946.770826,"{'ZERO': '0.000099970008997300809757073', 'MAKER_A_0.2BP': '0.000059966810260915645427969', 'MAKER_B_0.5BP': '-3.49877537613672150542E-8', 'STRESS_1BP': '-0.0001000299850050984104828545'}",7,0.009997000899730080975707300,1,2026-03-12,371047.00000000,1101516.00000000
0.00004997751012044579939027437653,28.06354800,414.79576920,922.77856840,30587.09436256,25,0.999600159936025589764090000,1.0005,233,38,1.0004,181,64,39916.138246,"{'ZERO': '0.000099960015993602558976409', 'MAKER_A_0.2BP': '0.000059956817656929548334263', 'MAKER_B_0.5BP': '-4.49797582092106910048E-8', 'STRESS_1BP': '-0.0001000399760103957617033179'}",8,0.009996001599360255897640900,1,2026-03-12,340121.00000000,371047.00000000
0.00009999000099990000999900009999,300.63887750,3410.72446590,5648.42826535,26202.33491067,20,2.0000,1.0002,733,137,1,903,287,31340.811572,"{'ZERO': '0.0002', 'MAKER_A_0.2BP': '0.000159992800143997120057599', 'MAKER_B_0.5BP': '0.000099985000749962501874906', 'STRESS_1BP': '-1.99980001999800019998E-8'}",9,0.0200,2,2026-03-12,1371108.00000000,1483463.00000000
0.0001000200040008001600320064013,183.68898700,761.24138260,2092.25194840,5484.27769048,17,2.000600180054016204861460000,0.9999,1572,291,0.9997,158,61,6332.284126,"{'ZERO': '0.000200060018005401620486146', 'MAKER_A_0.2BP': '0.000160052815748726537922978', 'MAKER_B_0.5BP': '0.000100045012753863657222260', 'STRESS_1BP': '4.0008002800800244073E-8'}",10,0.020006001800540162048614600,2,2026-03-12,1785215.00000000,203737.00000000
0.00004998750312421894526368407898,5.98715150,51.88431840,123.46966535,235.46810322,124,0.999800039992001599680060000,1.0003,1617,234,1.0002,925,158,7210.040822,"{'ZERO': '0.000099980003999200159968006', 'MAKER_A_0.2BP': '0.000059976804863022915506497', 'MAKER_B_0.5BP': '-2.49937513122344282706E-8', 'STRESS_1BP': '-0.0001000199920019995600919812'}",1,0.009998000399920015996800600,1,2026-03-13,2455922.00000000,1322767.00000000
0.00005000750112516877531629744462,6.34037600,79.20496600,252.98549850,1643.31944630,111,1.000200040008001600320060000,0.9999,984,178,0.9998,361,116,50438.413061,"{'ZERO': '0.000100020004000800160032006', 'MAKER_A_0.2BP': '0.000060016803264654850931787', 'MAKER_B_0.5BP': '1.5002250487595644223E-8', 'STRESS_1BP': '-0.0000999799999995999599879980'}",2,0.010002000400080016003200600,1,2026-03-13,2597945.00000000,524198.00000000
0.00004998250612285700004998250612,17.90783200,286.13097500,471.95402450,1930.27056610,111,0.999700089973008097570730000,1.0004,718,141,1.0003,1617,234,14007.083724,"{'ZERO': '0.000099970008997300809757073', 'MAKER_A_0.2BP': '0.000059966810260915645427969', 'MAKER_B_0.5BP': '-3.49877537613672150542E-8', 'STRESS_1BP': '-0.0001000299850050984104828545'}",3,0.009997000899730080975707300,1,2026-03-13,1077779.00000000,2455922.00000000
0.00005000250012500625031251562578,46.49280000,628.01758480,1024.79175160,20737.72075122,67,1.000100010001000100010000000,1,486,114,0.9999,984,178,50387.846487,"{'ZERO': '0.000100010001000100010001000', 'MAKER_A_0.2BP': '0.000060006800664066726666267', 'MAKER_B_0.5BP': '5.000250037503125344E-9', 'STRESS_1BP': '-0.0000999900009999000099990001'}",4,0.010001000100010001000100000,1,2026-03-13,860730.00000000,2597945.00000000
0.00004995753609431982814607583554,18.34298600,239.87861280,601.51549780,5871.84141760,59,0.999200639488409272581930000,1.0009,1070,103,1.0008,840,106,6769.454655,"{'ZERO': '0.000099920063948840927258193', 'MAKER_A_0.2BP': '0.000059916867210217746084727', 'MAKER_B_0.5BP': '-8.49278079661164823453E-8', 'STRESS_1BP': '-0.0001000799200655474020943229'}",5,0.009992006394884092725819300,1,2026-03-13,1341374.00000000,2371313.00000000
0.00004995254508217193666017283581,5.69314500,323.75549080,809.72756965,6061.43353941,48,0.999100809271655510040960000,1.001,1387,81,1.0009,1070,103,9894.033498,"{'ZERO': '0.000099910080927165551004096', 'MAKER_A_0.2BP': '0.000059906884587855250588064', 'MAKER_B_0.5BP': '-9.49098313892378115633E-8', 'STRESS_1BP': '-0.0001000899010908180837426298'}",6,0.009991008092716555100409600,1,2026-03-13,2034067.00000000,1341374.00000000
0.00004999750012499375031248437578,45.28274700,997.84388160,1868.44482140,9913.30252834,47,1.0000,1.0001,544,79,1,486,114,14077.548793,"{'ZERO': '0.0001', 'MAKER_A_0.2BP': '0.000059996800063998720025599', 'MAKER_B_0.5BP': '-4.9997500124993750312E-9', 'STRESS_1BP': '-0.0001'}",7,0.0100,1,2026-03-13,993120.00000000,860730.00000000
0.00004996252810392205845615788159,67.10686100,321.88125800,1129.21331830,3695.19744602,47,0.999300489657239932047570000,1.0008,840,106,1.0007,879,87,4650.642752,"{'ZERO': '0.000099930048965723993204757', 'MAKER_A_0.2BP': '0.000059926851827708124562401', 'MAKER_B_0.5BP': '-7.49437895348162540909E-8', 'STRESS_1BP': '-0.0001000699370454680323913247'}",8,0.009993004896572399320475700,1,2026-03-13,2371313.00000000,1223998.00000000
0.00004997251511668582279746139623,4.25112100,265.79872170,900.96639250,17491.80547360,40,0.999500249875062468765620000,1.0006,596,78,1.0005,807,72,27215.727211,"{'ZERO': '0.000099950024987506246876562', 'MAKER_A_0.2BP': '0.000059946827050465487441875', 'MAKER_B_0.5BP': '-5.49697652548656924975E-8', 'STRESS_1BP': '-0.0001000499650184906546826577'}",9,0.009995002498750624687656200,1,2026-03-13,1753060.00000000,1191633.00000000
0.00004996752111127766951481537001,38.14973350,195.83786350,286.01357915,2408.37180424,40,0.999400359784129522286630000,1.0007,879,87,1.0006,596,78,3520.256533,"{'ZERO': '0.000099940035978412952228663', 'MAKER_A_0.2BP': '0.000059936838440924565478309', 'MAKER_B_0.5BP': '-6.49577754971935592707E-8', 'STRESS_1BP': '-0.0001000599520299818908774723'}",10,0.009994003597841295222866300,1,2026-03-13,1223998.00000000,1753060.00000000
0.00005000750112516877531629744462,46.18527000,485.62706940,856.49925805,1501.54634126,222,1.000200040008001600320060000,0.9999,1078,287,0.9998,2179,239,5118.139642,"{'ZERO': '0.000100020004000800160032006', 'MAKER_A_0.2BP': '0.000060016803264654850931787', 'MAKER_B_0.5BP': '1.5002250487595644223E-8', 'STRESS_1BP': '-0.0000999799999995999599879980'}",1,0.010002000400080016003200600,1,2026-03-14,1752312.00000000,2609341.00000000
0.00005000250012500625031251562578,104.18156100,1779.55309040,8838.78161580,19727.77920916,53,1.000100010001000100010000000,1,135,66,0.9999,1078,287,30039.037539,"{'ZERO': '0.000100010001000100010001000', 'MAKER_A_0.2BP': '0.000060006800664066726666267', 'MAKER_B_0.5BP': '5.000250037503125344E-9', 'STRESS_1BP': '-0.0000999900009999000099990001'}",2,0.010001000100010001000100000,1,2026-03-14,241860.00000000,1752312.00000000
0.00005001250312578144536134033508,321.54138750,2414.94375730,2981.34035255,6127.03554512,22,1.000300090027008102430730000,0.9998,2179,239,0.9997,356,33,6956.326832,"{'ZERO': '0.000100030009002700810243073', 'MAKER_A_0.2BP': '0.000060026807866363428958289', 'MAKER_B_0.5BP': '2.5006251938078298646E-8', 'STRESS_1BP': '-0.0000999699969984996098769637'}",3,0.010003000900270081024307300,1,2026-03-14,2609341.00000000,196749.00000000
0.0001000200040008001600320064013,343.61247750,2010.63921760,3448.25084880,4718.35837936,18,2.000600180054016204861460000,0.9999,1078,287,0.9997,356,33,5035.885262,"{'ZERO': '0.000200060018005401620486146', 'MAKER_A_0.2BP': '0.000160052815748726537922978', 'MAKER_B_0.5BP': '0.000100045012753863657222260', 'STRESS_1BP': '4.0008002800800244073E-8'}",4,0.020006001800540162048614600,2,2026-03-14,1752312.00000000,196749.00000000
0.00004999750012499375031248437578,33.97377000,2861.13378460,7005.48216515,11406.30177223,14,1.0000,1.0001,163,27,1,135,66,12506.506674,"{'ZERO': '0.0001', 'MAKER_A_0.2BP': '0.000059996800063998720025599', 'MAKER_B_0.5BP': '-4.9997500124993750312E-9', 'STRESS_1BP': '-0.0001'}",5,0.0100,1,2026-03-14,424327.00000000,241860.00000000
0.0001,43.69740100,11881.41544910,12128.52581255,12326.21410331,10,2.000200020002000200020000000,1.0001,163,27,0.9999,1078,287,12375.636176,"{'ZERO': '0.000200020002000200020002000', 'MAKER_A_0.2BP': '0.000160012801344133133338933', 'MAKER_B_0.5BP': '0.000100005000750062506875656', 'STRESS_1BP': '0'}",6,0.020002000200020002000200000,2,2026-03-14,424327.00000000,1752312.00000000
0.0001000100010001000100010001000,6614.03975400,16140.49446110,23059.76511205,28595.18163281,8,2.000400080016003200640130000,1,135,66,0.9998,2179,239,29979.035763,"{'ZERO': '0.000200040008001600320064013', 'MAKER_A_0.2BP': '0.000160032806545309381869974', 'MAKER_B_0.5BP': '0.000100025004750962691913414', 'STRESS_1BP': '2.0002000600100022004E-8'}",7,0.020004000800160032006401300,2,2026-03-14,241860.00000000,2609341.00000000
0.00004999250112483127530870369445,13.69058700,52.14937510,52.63900305,53.03070541,8,0.999900009999000099990000000,1.0002,60,13,1.0001,163,27,53.128631,"{'ZERO': '0.000099990000999900009999000', 'MAKER_A_0.2BP': '0.000059986801463850734984100', 'MAKER_B_0.5BP': '-1.49977502624718779060E-8', 'STRESS_1BP': '-0.0001000099970004999300089989'}",8,0.009999000099990000999900000,1,2026-03-14,60102.00000000,424327.00000000
0.00004998250612285700004998250612,14.11383050,45.11680530,48.56939465,51.33146613,8,0.999700089973008097570730000,1.0004,42,10,1.0003,38,11,52.021984,"{'ZERO': '0.000099970008997300809757073', 'MAKER_A_0.2BP': '0.000059966810260915645427969', 'MAKER_B_0.5BP': '-3.49877537613672150542E-8', 'STRESS_1BP': '-0.0001000299850050984104828545'}",9,0.009997000899730080975707300,1,2026-03-14,19049.00000000,170620.00000000
0.0001500225033755063259488923339,4688.03119250,16171.72341550,18632.38469125,20600.91371185,4,3.000900270081024307292190000,1,135,66,0.9997,356,33,21093.045967,"{'ZERO': '0.000300090027008102430729219', 'MAKER_A_0.2BP': '0.000260078823631089646887666', 'MAKER_B_0.5BP': '0.000200065019255789236145875', 'STRESS_1BP': '0.000100050013004101210365109'}",10,0.030009002700810243072921900,3,2026-03-14,241860.00000000,196749.00000000
0.00005000750112516877531629744462,95.72990800,538.28380540,678.92000160,1280.90699452,135,1.000200040008001600320060000,0.9999,1803,244,0.9998,831,139,1766.523621,"{'ZERO': '0.000100020004000800160032006', 'MAKER_A_0.2BP': '0.000060016803264654850931787', 'MAKER_B_0.5BP': '1.5002250487595644223E-8', 'STRESS_1BP': '-0.0000999799999995999599879980'}",1,0.010002000400080016003200600,1,2026-03-15,2384472.00000000,1139715.00000000
0.00005000250012500625031251562578,89.98105700,757.55685000,2529.34135450,9240.41678030,111,1.000100010001000100010000000,1,568,143,0.9999,1803,244,13111.067967,"{'ZERO': '0.000100010001000100010001000', 'MAKER_A_0.2BP': '0.000060006800664066726666267', 'MAKER_B_0.5BP': '5.000250037503125344E-9', 'STRESS_1BP': '-0.0000999900009999000099990001'}",2,0.010001000100010001000100000,1,2026-03-15,1440751.00000000,2384472.00000000
0.00004999750012499375031248437578,43.58335950,2784.31466200,13414.27091400,32245.29765785,36,1.0000,1.0001,534,43,1,568,143,33574.712503,"{'ZERO': '0.0001', 'MAKER_A_0.2BP': '0.000059996800063998720025599', 'MAKER_B_0.5BP': '-4.9997500124993750312E-9', 'STRESS_1BP': '-0.0001'}",3,0.0100,1,2026-03-15,417703.00000000,1440751.00000000
0.00004996252810392205845615788159,36.97178950,260.72873350,294.87107780,326.94720276,18,0.999300489657239932047570000,1.0008,160,35,1.0007,195,29,334.966234,"{'ZERO': '0.000099930048965723993204757', 'MAKER_A_0.2BP': '0.000059926851827708124562401', 'MAKER_B_0.5BP': '-7.49437895348162540909E-8', 'STRESS_1BP': '-0.0001000699370454680323913247'}",4,0.009993004896572399320475700,1,2026-03-15,333434.00000000,278673.00000000
0.00004995753609431982814607583554,29.47328400,302.03163480,603.46711740,636.85074108,17,0.999200639488409272581930000,1.0009,92,24,1.0008,160,35,645.196647,"{'ZERO': '0.000099920063948840927258193', 'MAKER_A_0.2BP': '0.000059916867210217746084727', 'MAKER_B_0.5BP': '-8.49278079661164823453E-8', 'STRESS_1BP': '-0.0001000799200655474020943229'}",5,0.009992006394884092725819300,1,2026-03-15,283119.00000000,333434.00000000
0.0001000100010001000100010001000,746.29503100,8535.82255700,10647.62260150,13590.01204510,16,2.000400080016003200640130000,1,568,143,0.9998,831,139,14325.609406,"{'ZERO': '0.000200040008001600320064013', 'MAKER_A_0.2BP': '0.000160032806545309381869974', 'MAKER_B_0.5BP': '0.000100025004750962691913414', 'STRESS_1BP': '2.0002000600100022004E-8'}",6,0.020004000800160032006401300,2,2026-03-15,1440751.00000000,1139715.00000000
0.00004996752111127766951481537001,2.74246500,92.22247440,147.02212175,197.31010675,12,0.999400359784129522286630000,1.0007,195,29,1.0006,38,13,209.882103,"{'ZERO': '0.000099940035978412952228663', 'MAKER_A_0.2BP': '0.000059936838440924565478309', 'MAKER_B_0.5BP': '-6.49577754971935592707E-8', 'STRESS_1BP': '-0.0001000599520299818908774723'}",7,0.009994003597841295222866300,1,2026-03-15,278673.00000000,99561.00000000
0.0001,1456.01840700,30165.36412790,31928.70444995,33339.37670759,10,2.000200020002000200020000000,1.0001,534,43,0.9999,1803,244,33692.044772,"{'ZERO': '0.000200020002000200020002000', 'MAKER_A_0.2BP': '0.000160012801344133133338933', 'MAKER_B_0.5BP': '0.000100005000750062506875656', 'STRESS_1BP': '0'}",8,0.020002000200020002000200000,2,2026-03-15,417703.00000000,2384472.00000000
0.00004995254508217193666017283581,37.06148800,543.24005800,1026.39546850,1412.91979690,8,0.999100809271655510040960000,1.001,77,9,1.0009,92,24,1509.550879,"{'ZERO': '0.000099910080927165551004096', 'MAKER_A_0.2BP': '0.000059906884587855250588064', 'MAKER_B_0.5BP': '-9.49098313892378115633E-8', 'STRESS_1BP': '-0.0001000899010908180837426298'}",9,0.009991008092716555100409600,1,2026-03-15,103754.00000000,283119.00000000
0.0001000200040008001600320064013,181.41440050,590.42346700,591.56988950,592.48702750,6,2.000600180054016204861460000,0.9999,1803,244,0.9997,37,9,592.716312,"{'ZERO': '0.000200060018005401620486146', 'MAKER_A_0.2BP': '0.000160052815748726537922978', 'MAKER_B_0.5BP': '0.000100045012753863657222260', 'STRESS_1BP': '4.0008002800800244073E-8'}",10,0.020006001800540162048614600,2,2026-03-15,2384472.00000000,5381.00000000
0.00004996252810392205845615788159,23.02837800,336.88435960,924.86973420,3229.32466148,177,0.999300489657239932047570000,1.0008,2854,278,1.0007,1713,285,13128.045507,"{'ZERO': '0.000099930048965723993204757', 'MAKER_A_0.2BP': '0.000059926851827708124562401', 'MAKER_B_0.5BP': '-7.49437895348162540909E-8', 'STRESS_1BP': '-0.0001000699370454680323913247'}",1,0.009993004896572399320475700,1,2026-03-16,3057589.00000000,2950934.00000000
0.00004997251511668582279746139623,17.63410150,105.78095410,427.23003625,1453.15647819,124,0.999500249875062468765620000,1.0006,1309,242,1.0005,890,150,3785.499746,"{'ZERO': '0.000099950024987506246876562', 'MAKER_A_0.2BP': '0.000059946827050465487441875', 'MAKER_B_0.5BP': '-5.49697652548656924975E-8', 'STRESS_1BP': '-0.0001000499650184906546826577'}",2,0.009995002498750624687656200,1,2026-03-16,2377083.00000000,928910.00000000
0.00004996752111127766951481537001,14.17829800,321.47425260,989.80651020,5255.41444792,113,0.999400359784129522286630000,1.0007,1713,285,1.0006,1309,242,5752.512814,"{'ZERO': '0.000099940035978412952228663', 'MAKER_A_0.2BP': '0.000059936838440924565478309', 'MAKER_B_0.5BP': '-6.49577754971935592707E-8', 'STRESS_1BP': '-0.0001000599520299818908774723'}",3,0.009994003597841295222866300,1,2026-03-16,2950934.00000000,2377083.00000000
0.00004995753609431982814607583554,30.27199300,554.14502540,1548.69894940,15977.25888232,93,0.999200639488409272581930000,1.0009,1005,188,1.0008,2854,278,18768.954657,"{'ZERO': '0.000099920063948840927258193', 'MAKER_A_0.2BP': '0.000059916867210217746084727', 'MAKER_B_0.5BP': '-8.49278079661164823453E-8', 'STRESS_1BP': '-0.0001000799200655474020943229'}",4,0.009992006394884092725819300,1,2026-03-16,3727184.00000000,3057589.00000000
0.00004995254508217193666017283581,26.51956200,557.84293340,2294.50469620,21787.79775184,93,0.999100809271655510040960000,1.001,1376,132,1.0009,1005,188,23208.939805,"{'ZERO': '0.000099910080927165551004096', 'MAKER_A_0.2BP': '0.000059906884587855250588064', 'MAKER_B_0.5BP': '-9.49098313892378115633E-8', 'STRESS_1BP': '-0.0001000899010908180837426298'}",5,0.009991008092716555100409600,1,2026-03-16,3069517.00000000,3727184.00000000
0.00004994256604904359986016081506,7.29215900,121.02840280,1982.49806940,33862.82902154,47,0.998901208670462491259610000,1.0012,632,47,1.0011,374,93,57846.566622,"{'ZERO': '0.000099890120867046249125961', 'MAKER_A_0.2BP': '0.000059886925326122385753264', 'MAKER_B_0.5BP': '-1.148678956023230703413E-7', 'STRESS_1BP': '-0.0001001098571593245230466465'}",6,0.009989012086704624912596100,1,2026-03-16,1230084.00000000,971774.00000000
0.00004994755506717946156535637581,33.70052200,1284.39169300,4516.80775000,29248.80650240,41,0.999000999000999000999000000,1.0011,374,93,1.001,1376,132,45355.434958,"{'ZERO': '0.000099900099900099900099900', 'MAKER_A_0.2BP': '0.000059896903960022697647945', 'MAKER_B_0.5BP': '-1.048898604020847908654E-7', 'STRESS_1BP': '-0.0001000998801218779220979001'}",7,0.009990009990009990009990000,1,2026-03-16,971774.00000000,3069517.00000000
0.00004998250612285700004998250612,17.04049600,146.33244560,333.42468140,576.93626108,35,0.999700089973008097570730000,1.0004,305,72,1.0003,184,44,626.151155,"{'ZERO': '0.000099970008997300809757073', 'MAKER_A_0.2BP': '0.000059966810260915645427969', 'MAKER_B_0.5BP': '-3.49877537613672150542E-8', 'STRESS_1BP': '-0.0001000299850050984104828545'}",8,0.009997000899730080975707300,1,2026-03-16,1465255.00000000,249972.00000000
0.00004997751012044579939027437653,22.20100500,390.57481080,1421.10738050,3257.97767426,35,0.999600159936025589764090000,1.0005,890,150,1.0004,305,72,3318.127452,"{'ZERO': '0.000099960015993602558976409', 'MAKER_A_0.2BP': '0.000059956817656929548334263', 'MAKER_B_0.5BP': '-4.49797582092106910048E-8', 'STRESS_1BP': '-0.0001000399760103957617033179'}",9,0.009996001599360255897640900,1,2026-03-16,928910.00000000,1465255.00000000
0.00009993004896572399320475667033,495.49115200,2390.90383860,4669.44014500,11223.87979068,25,1.998800719568259044573260000,1.0008,2854,278,1.0006,1309,242,13120.930509,"{'ZERO': '0.000199880071956825904457326', 'MAKER_A_0.2BP': '0.000159872876897848810963017', 'MAKER_B_0.5BP': '0.000099865084698993113506427', 'STRESS_1BP': '-1.399020601637617569444E-7'}",10,0.019988007195682590445732600,2,2026-03-16,3057589.00000000,2377083.00000000
0.00004998750312421894526368407898,22.91996600,544.36895880,818.31189140,1508.10656836,125,0.999800039992001599680060000,1.0003,1804,192,1.0002,1866,168,2079.380373,"{'ZERO': '0.000099980003999200159968006', 'MAKER_A_0.2BP': '0.000059976804863022915506497', 'MAKER_B_0.5BP': '-2.49937513122344282706E-8', 'STRESS_1BP': '-0.0001000199920019995600919812'}",1,0.009998000399920015996800600,1,2026-03-17,2189408.00000000,4368122.00000000
0.00004998250612285700004998250612,30.88038200,510.46798520,2690.61546220,8841.30383042,67,0.999700089973008097570730000,1.0004,1168,127,1.0003,1804,192,10850.461517,"{'ZERO': '0.000099970008997300809757073', 'MAKER_A_0.2BP': '0.000059966810260915645427969', 'MAKER_B_0.5BP': '-3.49877537613672150542E-8', 'STRESS_1BP': '-0.0001000299850050984104828545'}",2,0.009997000899730080975707300,1,2026-03-17,1382896.00000000,2189408.00000000
0.00004997751012044579939027437653,73.35194700,662.52309980,1141.19970840,15929.56343348,65,0.999600159936025589764090000,1.0005,753,123,1.0004,1168,127,26703.485637,"{'ZERO': '0.000099960015993602558976409', 'MAKER_A_0.2BP': '0.000059956817656929548334263', 'MAKER_B_0.5BP': '-4.49797582092106910048E-8', 'STRESS_1BP': '-0.0001000399760103957617033179'}",3,0.009996001599360255897640900,1,2026-03-17,1979790.00000000,1382896.00000000
0.00004997251511668582279746139623,92.47467400,889.08684060,2460.92403500,22702.40598644,57,0.999500249875062468765620000,1.0006,1215,110,1.0005,753,123,42803.555419,"{'ZERO': '0.000099950024987506246876562', 'MAKER_A_0.2BP': '0.000059946827050465487441875', 'MAKER_B_0.5BP': '-5.49697652548656924975E-8', 'STRESS_1BP': '-0.0001000499650184906546826577'}",4,0.009995002498750624687656200,1,2026-03-17,2262102.00000000,1979790.00000000
0.00004996752111127766951481537001,28.56358800,471.93196120,2186.34472530,30781.30057694,55,0.999400359784129522286630000,1.0007,360,76,1.0006,1215,110,55267.137116,"{'ZERO': '0.000099940035978412952228663', 'MAKER_A_0.2BP': '0.000059936838440924565478309', 'MAKER_B_0.5BP': '-6.49577754971935592707E-8', 'STRESS_1BP': '-0.0001000599520299818908774723'}",5,0.009994003597841295222866300,1,2026-03-17,934488.00000000,2262102.00000000
0.00004999250112483127530870369445,20.18129700,283.18356400,601.80795050,1000.11627750,51,0.999900009999000099990000000,1.0002,1866,168,1.0001,218,54,1014.107727,"{'ZERO': '0.000099990000999900009999000', 'MAKER_A_0.2BP': '0.000059986801463850734984100', 'MAKER_B_0.5BP': '-1.49977502624718779060E-8', 'STRESS_1BP': '-0.0001000099970004999300089989'}",6,0.009999000099990000999900000,1,2026-03-17,4368122.00000000,362053.00000000
0.00004994256604904359986016081506,33.91728300,170.82029600,178.13693080,190.92621720,25,0.998901208670462491259610000,1.0012,190,41,1.0011,140,37,194.63874,"{'ZERO': '0.000099890120867046249125961', 'MAKER_A_0.2BP': '0.000059886925326122385753264', 'MAKER_B_0.5BP': '-1.148678956023230703413E-7', 'STRESS_1BP': '-0.0001001098571593245230466465'}",7,0.009989012086704624912596100,1,2026-03-17,594424.00000000,160441.00000000
0.00004996252810392205845615788159,3.60466800,257.68177450,701.07997395,1540.29464029,24,0.999300489657239932047570000,1.0008,145,33,1.0007,360,76,1768.927469,"{'ZERO': '0.000099930048965723993204757', 'MAKER_A_0.2BP': '0.000059926851827708124562401', 'MAKER_B_0.5BP': '-7.49437895348162540909E-8', 'STRESS_1BP': '-0.0001000699370454680323913247'}",8,0.009993004896572399320475700,1,2026-03-17,640279.00000000,934488.00000000
0.00004995254508217193666017283581,0.20311300,4.37855760,5.09574130,8.64011414,23,0.999100809271655510040960000,1.001,142,33,1.0009,107,26,9.618545,"{'ZERO': '0.000099910080927165551004096', 'MAKER_A_0.2BP': '0.000059906884587855250588064', 'MAKER_B_0.5BP': '-9.49098313892378115633E-8', 'STRESS_1BP': '-0.0001000899010908180837426298'}",9,0.009991008092716555100409600,1,2026-03-17,460578.00000000,764700.00000000
0.00009998000399920015996800639872,197.70195600,804.70400400,1962.49030300,2128.66281740,21,1.999800019998000199980000000,1.0003,1804,192,1.0001,218,54,2170.205946,"{'ZERO': '0.000199980001999800019998000', 'MAKER_A_0.2BP': '0.000159972802943701149974601', 'MAKER_B_0.5BP': '0.000099965004749462556869157', 'STRESS_1BP': '-3.99920011998400199976E-8'}",10,0.019998000199980001999800000,2,2026-03-17,2189408.00000000,362053.00000000
0.00004999250112483127530870369445,4.89309800,110.52537000,234.33584200,545.77974310,91,0.999900009999000099990000000,1.0002,1569,169,1.0001,1466,135,713.693824,"{'ZERO': '0.000099990000999900009999000', 'MAKER_A_0.2BP': '0.000059986801463850734984100', 'MAKER_B_0.5BP': '-1.49977502624718779060E-8', 'STRESS_1BP': '-0.0001000099970004999300089989'}",1,0.009999000099990000999900000,1,2026-03-18,1517302.00000000,1775293.00000000
0.00004998750312421894526368407898,44.75051800,350.86608260,656.49868970,3232.13733889,70,0.999800039992001599680060000,1.0003,1098,139,1.0002,1569,169,8769.107281,"{'ZERO': '0.000099980003999200159968006', 'MAKER_A_0.2BP': '0.000059976804863022915506497', 'MAKER_B_0.5BP': '-2.49937513122344282706E-8', 'STRESS_1BP': '-0.0001000199920019995600919812'}",2,0.009998000399920015996800600,1,2026-03-18,2893305.00000000,1517302.00000000
0.00004998250612285700004998250612,18.32661350,409.40610760,983.45083800,9268.05059118,60,0.999700089973008097570730000,1.0004,1125,93,1.0003,1098,139,19426.213458,"{'ZERO': '0.000099970008997300809757073', 'MAKER_A_0.2BP': '0.000059966810260915645427969', 'MAKER_B_0.5BP': '-3.49877537613672150542E-8', 'STRESS_1BP': '-0.0001000299850050984104828545'}",3,0.009997000899730080975707300,1,2026-03-18,2421025.00000000,2893305.00000000
0.00005000250012500625031251562578,31.75027600,269.20172100,429.74290600,4388.14494712,57,1.000100010001000100010000000,1,619,104,0.9999,698,96,4954.329782,"{'ZERO': '0.000100010001000100010001000', 'MAKER_A_0.2BP': '0.000060006800664066726666267', 'MAKER_B_0.5BP': '5.000250037503125344E-9', 'STRESS_1BP': '-0.0000999900009999000099990001'}",4,0.010001000100010001000100000,1,2026-03-18,1974809.00000000,654968.00000000
0.00004999750012499375031248437578,13.36618700,102.47807340,802.08993320,3454.87322690,47,1.0000,1.0001,1466,135,1,619,104,4882.070646,"{'ZERO': '0.0001', 'MAKER_A_0.2BP': '0.000059996800063998720025599', 'MAKER_B_0.5BP': '-4.9997500124993750312E-9', 'STRESS_1BP': '-0.0001'}",5,0.0100,1,2026-03-18,1775293.00000000,1974809.00000000
0.00005000750112516877531629744462,31.67223900,344.62717720,702.88986200,1676.31006296,37,1.000200040008001600320060000,0.9999,698,96,0.9998,329,63,1839.819791,"{'ZERO': '0.000100020004000800160032006', 'MAKER_A_0.2BP': '0.000060016803264654850931787', 'MAKER_B_0.5BP': '1.5002250487595644223E-8', 'STRESS_1BP': '-0.0000999799999995999599879980'}",6,0.010002000400080016003200600,1,2026-03-18,654968.00000000,623568.00000000
0.00005001250312578144536134033508,42.30471000,180.32626000,251.76319015,288.77849217,28,1.000300090027008102430730000,0.9998,329,63,0.9997,55,28,291.120129,"{'ZERO': '0.000100030009002700810243073', 'MAKER_A_0.2BP': '0.000060026807866363428958289', 'MAKER_B_0.5BP': '2.5006251938078298646E-8', 'STRESS_1BP': '-0.0000999699969984996098769637'}",7,0.010003000900270081024307300,1,2026-03-18,623568.00000000,33186.00000000
0.00004997751012044579939027437653,142.44464650,1883.82454350,4241.28337775,18614.81115650,26,0.999600159936025589764090000,1.0005,143,48,1.0004,1125,93,23308.835411,"{'ZERO': '0.000099960015993602558976409', 'MAKER_A_0.2BP': '0.000059956817656929548334263', 'MAKER_B_0.5BP': '-4.49797582092106910048E-8', 'STRESS_1BP': '-0.0001000399760103957617033179'}",8,0.009996001599360255897640900,1,2026-03-18,159330.00000000,2421025.00000000
0.00009996001599360255897640943623,175.88871500,1573.41978920,3800.77111885,19148.69726899,22,1.999400179946016195141460000,1.0005,143,48,1.0003,1098,139,23199.143896,"{'ZERO': '0.000199940017994601619514146', 'MAKER_A_0.2BP': '0.000159932820537830970862338', 'MAKER_B_0.5BP': '0.000099925024742464766194860', 'STRESS_1BP': '-7.99680103968009677089E-8'}",9,0.019994001799460161951414600,2,2026-03-18,159330.00000000,2893305.00000000
0.00004996752111127766951481537001,9.80628200,125.39119560,189.39844140,374.22304428,17,0.999400359784129522286630000,1.0007,76,21,1.0006,50,28,420.429195,"{'ZERO': '0.000099940035978412952228663', 'MAKER_A_0.2BP': '0.000059936838440924565478309', 'MAKER_B_0.5BP': '-6.49577754971935592707E-8', 'STRESS_1BP': '-0.0001000599520299818908774723'}",10,0.009994003597841295222866300,1,2026-03-18,59740.00000000,123348.00000000
0.00005001750612714450057520132046,63.44736300,607.51384100,1145.15601400,4998.41271500,121,1.000400160064025610244100000,0.9997,1473,179,0.9996,1800,203,10143.555761,"{'ZERO': '0.000100040016006402561024410', 'MAKER_A_0.2BP': '0.000060036814469793037112447', 'MAKER_B_0.5BP': '3.5012254989491421787E-8', 'STRESS_1BP': '-0.0000999599919959984793837543'}",1,0.010004001600640256102441000,1,2026-03-19,4100425.00000000,3008351.00000000
0.00005002251012955830123555600020,56.26046300,809.33245720,1397.56013940,2626.34124632,83,1.000500250125062531265630000,0.9996,1800,203,0.9995,874,117,2712.065214,"{'ZERO': '0.000100050025012506253126563', 'MAKER_A_0.2BP': '0.000060046823075544492111659', 'MAKER_B_0.5BP': '4.5020260242615683123E-8', 'STRESS_1BP': '-0.0000999499849914958479139580'}",2,0.010005002501250625312656300,1,2026-03-19,3008351.00000000,2437973.00000000
0.00005001250312578144536134033508,82.38802400,1220.61412600,1783.40600850,24822.36902095,56,1.000300090027008102430730000,0.9998,556,73,0.9997,1473,179,37048.82671,"{'ZERO': '0.000100030009002700810243073', 'MAKER_A_0.2BP': '0.000060026807866363428958289', 'MAKER_B_0.5BP': '2.5006251938078298646E-8', 'STRESS_1BP': '-0.0000999699969984996098769637'}",3,0.010003000900270081024307300,1,2026-03-19,617659.00000000,4100425.00000000
0.00005002751513332332783030666867,32.25393100,176.13965000,366.14055550,1428.55422275,26,1.000600360216129677806680000,0.9995,874,117,0.9994,445,32,1762.62121,"{'ZERO': '0.000100060036021612967780668', 'MAKER_A_0.2BP': '0.000060056833684218851144290', 'MAKER_B_0.5BP': '5.5030268298472208669E-8', 'STRESS_1BP': '-0.0000999399759843907544406656'}",4,0.010006003602161296778066800,1,2026-03-19,2437973.00000000,704306.00000000
0.0001000400160064025610244097639,281.49677700,3498.29748400,5474.77154400,9098.87232000,21,2.001000500250125062531270000,0.9997,1473,179,0.9995,874,117,10004.897514,"{'ZERO': '0.000200100050025012506253127', 'MAKER_A_0.2BP': '0.000160092846167088664229717', 'MAKER_B_0.5BP': '0.000100085040770472731991214', 'STRESS_1BP': '8.0032016808324170084E-8'}",5,0.020010005002501250625312700,2,2026-03-19,4100425.00000000,2437973.00000000
0.00005000750112516877531629744462,200.69378950,2939.67130220,15419.47195810,53683.19988922,18,1.000200040008001600320060000,0.9999,57,20,0.9998,556,73,63249.131872,"{'ZERO': '0.000100020004000800160032006', 'MAKER_A_0.2BP': '0.000060016803264654850931787', 'MAKER_B_0.5BP': '1.5002250487595644223E-8', 'STRESS_1BP': '-0.0000999799999995999599879980'}",6,0.010002000400080016003200600,1,2026-03-19,109830.00000000,617659.00000000
0.0001000300090027008102430729219,340.81201900,14715.79839200,25822.43371350,34707.74197070,11,2.000800320128051220488200000,0.9998,556,73,0.9996,1800,203,36929.069035,"{'ZERO': '0.000200080032012805122048820', 'MAKER_A_0.2BP': '0.000160072828955585754231294', 'MAKER_B_0.5BP': '0.000100065024759966483468544', 'STRESS_1BP': '6.0018007803061230492E-8'}",7,0.020008003201280512204882000,2,2026-03-19,617659.00000000,3008351.00000000
0.0001000200040008001600320064013,450.11014700,23724.24656600,43462.27876100,59252.70451700,8,2.000600180054016204861460000,0.9999,57,20,0.9997,1473,179,63200.310956,"{'ZERO': '0.000200060018005401620486146', 'MAKER_A_0.2BP': '0.000160052815748726537922978', 'MAKER_B_0.5BP': '0.000100045012753863657222260', 'STRESS_1BP': '4.0008002800800244073E-8'}",8,0.020006001800540162048614600,2,2026-03-19,109830.00000000,4100425.00000000
0.0001000500250125062531265632816,495.81061000,1651.35321100,2129.14627900,2511.38073340,7,2.001200720432259355613370000,0.9996,1800,203,0.9994,445,32,2606.939347,"{'ZERO': '0.000200120072043225935561337', 'MAKER_A_0.2BP': '0.000160112867384437382294980', 'MAKER_B_0.5BP': '0.000100105060786584445042307', 'STRESS_1BP': '1.00050031018511116669E-7'}",9,0.020012007204322593556133700,2,2026-03-19,3008351.00000000,704306.00000000
0.0001500675303886749037066680006,4235.33715300,4451.08979060,4478.05887030,4499.63413406,3,3.001801080648389033420050000,0.9997,1473,179,0.9994,445,32,4505.02795,"{'ZERO': '0.000300180108064838903342005', 'MAKER_A_0.2BP': '0.000260168901084655913445669', 'MAKER_B_0.5BP': '0.000200155091304870417875944', 'STRESS_1BP': '0.000100140076046427776674004'}",10,0.030018010806483890334200500,3,2026-03-19,4100425.00000000,704306.00000000
0.00005001750612714450057520132046,39.88073800,453.18689840,777.49057500,4358.33558912,157,1.000400160064025610244100000,0.9997,2060,248,0.9996,2639,255,6131.306111,"{'ZERO': '0.000100040016006402561024410', 'MAKER_A_0.2BP': '0.000060036814469793037112447', 'MAKER_B_0.5BP': '3.5012254989491421787E-8', 'STRESS_1BP': '-0.0000999599919959984793837543'}",1,0.010004001600640256102441000,1,2026-03-20,2789083.00000000,3300559.00000000
0.00005002251012955830123555600020,31.06956500,288.11224060,693.93767830,3926.24777722,103,1.000500250125062531265630000,0.9996,2639,255,0.9995,1452,168,10121.5865,"{'ZERO': '0.000100050025012506253126563', 'MAKER_A_0.2BP': '0.000060046823075544492111659', 'MAKER_B_0.5BP': '4.5020260242615683123E-8', 'STRESS_1BP': '-0.0000999499849914958479139580'}",2,0.010005002501250625312656300,1,2026-03-20,3300559.00000000,1723799.00000000
0.00005001250312578144536134033508,26.46989500,538.62646290,2497.17864455,12380.11128977,88,1.000300090027008102430730000,0.9998,1698,120,0.9997,2060,248,42895.870178,"{'ZERO': '0.000100030009002700810243073', 'MAKER_A_0.2BP': '0.000060026807866363428958289', 'MAKER_B_0.5BP': '2.5006251938078298646E-8', 'STRESS_1BP': '-0.0000999699969984996098769637'}",3,0.010003000900270081024307300,1,2026-03-20,1739551.00000000,2789083.00000000
0.00005002751513332332783030666867,33.43665700,249.80307740,324.48633950,445.88854614,62,1.000600360216129677806680000,0.9995,1452,168,0.9994,840,67,487.909571,"{'ZERO': '0.000100060036021612967780668', 'MAKER_A_0.2BP': '0.000060056833684218851144290', 'MAKER_B_0.5BP': '5.5030268298472208669E-8', 'STRESS_1BP': '-0.0000999399759843907544406656'}",4,0.010006003602161296778066800,1,2026-03-20,1723799.00000000,918123.00000000
0.00005000750112516877531629744462,8.74902800,2430.83495260,4013.95893405,11212.12461399,34,1.000200040008001600320060000,0.9999,427,45,0.9998,1698,120,13762.208358,"{'ZERO': '0.000100020004000800160032006', 'MAKER_A_0.2BP': '0.000060016803264654850931787', 'MAKER_B_0.5BP': '1.5002250487595644223E-8', 'STRESS_1BP': '-0.0000999799999995999599879980'}",5,0.010002000400080016003200600,1,2026-03-20,429182.00000000,1739551.00000000
0.0001000400160064025610244097639,144.59167450,3729.82055420,5747.26916875,11723.59601290,28,2.001000500250125062531270000,0.9997,2060,248,0.9995,1452,168,13808.921716,"{'ZERO': '0.000200100050025012506253127', 'MAKER_A_0.2BP': '0.000160092846167088664229717', 'MAKER_B_0.5BP': '0.000100085040770472731991214', 'STRESS_1BP': '8.0032016808324170084E-8'}",6,0.020010005002501250625312700,2,2026-03-20,2789083.00000000,1723799.00000000
0.00005000250012500625031251562578,82.81762600,207.75740760,7982.78802300,15579.86157740,12,1.000100010001000100010000000,1,301,18,0.9999,427,45,17479.129966,"{'ZERO': '0.000100010001000100010001000', 'MAKER_A_0.2BP': '0.000060006800664066726666267', 'MAKER_B_0.5BP': '5.000250037503125344E-9', 'STRESS_1BP': '-0.0000999900009999000099990001'}",7,0.010001000100010001000100000,1,2026-03-20,371132.00000000,429182.00000000
0.0001000500250125062531265632816,366.25224450,4207.52210530,7010.58586765,9253.03687753,10,2.001200720432259355613370000,0.9996,2639,255,0.9994,840,67,9813.64963,"{'ZERO': '0.000200120072043225935561337', 'MAKER_A_0.2BP': '0.000160112867384437382294980', 'MAKER_B_0.5BP': '0.000100105060786584445042307', 'STRESS_1BP': '1.00050031018511116669E-7'}",8,0.020012007204322593556133700,2,2026-03-20,3300559.00000000,918123.00000000
0.0001000300090027008102430729219,1734.54025450,10818.67231480,26471.41849840,38993.61544528,10,2.000800320128051220488200000,0.9998,1698,120,0.9996,2639,255,42124.164682,"{'ZERO': '0.000200080032012805122048820', 'MAKER_A_0.2BP': '0.000160072828955585754231294', 'MAKER_B_0.5BP': '0.000100065024759966483468544', 'STRESS_1BP': '6.0018007803061230492E-8'}",9,0.020008003201280512204882000,2,2026-03-20,1739551.00000000,3300559.00000000
0.0001000200040008001600320064013,1875.08614700,7496.38599740,10471.14118620,12850.94533724,9,2.000600180054016204861460000,0.9999,427,45,0.9997,2060,248,13445.896375,"{'ZERO': '0.000200060018005401620486146', 'MAKER_A_0.2BP': '0.000160052815748726537922978', 'MAKER_B_0.5BP': '0.000100045012753863657222260', 'STRESS_1BP': '4.0008002800800244073E-8'}",10,0.020006001800540162048614600,2,2026-03-20,429182.00000000,2789083.00000000
0.00005003252113874018111772652224,1.04720650,118.68008500,202.08404025,1725.76715220,116,1.000700490343240268187730000,0.9994,1210,140,0.9993,374,124,5030.395922,"{'ZERO': '0.000100070049034324026818773', 'MAKER_A_0.2BP': '0.000060066846296417411989997', 'MAKER_B_0.5BP': '6.5042279758322701297E-8', 'STRESS_1BP': '-0.0000999299649740819973841703'}",1,0.010007004903432402681877300,1,2026-03-21,514631.00000000,193173.00000000
0.00005002251012955830123555600020,265.34918700,1435.05666900,2710.84559420,4757.84829092,57,1.000500250125062531265630000,0.9996,299,74,0.9995,438,84,6254.567147,"{'ZERO': '0.000100050025012506253126563', 'MAKER_A_0.2BP': '0.000060046823075544492111659', 'MAKER_B_0.5BP': '4.5020260242615683123E-8', 'STRESS_1BP': '-0.0000999499849914958479139580'}",2,0.010005002501250625312656300,1,2026-03-21,500717.00000000,470369.00000000
0.00005002751513332332783030666867,103.35965300,1423.93009460,1823.10848855,2175.76305851,20,1.000600360216129677806680000,0.9995,438,84,0.9994,1210,140,2263.926701,"{'ZERO': '0.000100060036021612967780668', 'MAKER_A_0.2BP': '0.000060056833684218851144290', 'MAKER_B_0.5BP': '5.5030268298472208669E-8', 'STRESS_1BP': '-0.0000999399759843907544406656'}",3,0.010006003602161296778066800,1,2026-03-21,470369.00000000,514631.00000000
0.00005001750612714450057520132046,652.91382050,3859.85675360,4669.53332065,5253.50001773,20,1.000400160064025610244100000,0.9997,86,27,0.9996,299,74,5399.491692,"{'ZERO': '0.000100040016006402561024410', 'MAKER_A_0.2BP': '0.000060036814469793037112447', 'MAKER_B_0.5BP': '3.5012254989491421787E-8', 'STRESS_1BP': '-0.0000999599919959984793837543'}",4,0.010004001600640256102441000,1,2026-03-21,29572.00000000,500717.00000000
0.0001000400160064025610244097639,950.58433900,4907.82357880,6421.70611600,7420.85083600,17,2.001000500250125062531270000,0.9997,86,27,0.9995,438,84,7670.637016,"{'ZERO': '0.000200100050025012506253127', 'MAKER_A_0.2BP': '0.000160092846167088664229717', 'MAKER_B_0.5BP': '0.000100085040770472731991214', 'STRESS_1BP': '8.0032016808324170084E-8'}",5,0.020010005002501250625312700,2,2026-03-21,29572.00000000,470369.00000000
0.0001000500250125062531265632816,377.12474700,1720.32122500,2176.10734450,2540.73624010,11,2.001200720432259355613370000,0.9996,299,74,0.9994,1210,140,2631.893464,"{'ZERO': '0.000200120072043225935561337', 'MAKER_A_0.2BP': '0.000160112867384437382294980', 'MAKER_B_0.5BP': '0.000100105060786584445042307', 'STRESS_1BP': '1.00050031018511116669E-7'}",6,0.020012007204322593556133700,2,2026-03-21,500717.00000000,514631.00000000
0.0001000600360216129677806684010,835.26991600,1893.89424500,2307.58054850,2638.52959130,7,2.001400980686480536375460000,0.9995,438,84,0.9993,374,124,2721.266852,"{'ZERO': '0.000200140098068648053637546', 'MAKER_A_0.2BP': '0.000160132892608834503986394', 'MAKER_B_0.5BP': '0.000100125084809504146027563', 'STRESS_1BP': '1.20072051636025229660E-7'}",7,0.020014009806864805363754600,2,2026-03-21,470369.00000000,193173.00000000
0.00005003752814610958218663997998,4.44014600,4.49262520,4.49918510,4.50443302,2,1.000800640512409927942350000,0.9993,374,124,0.9992,8,2,4.505745,"{'ZERO': '0.000100080064051240992794235', 'MAKER_A_0.2BP': '0.000060076860912741713140117', 'MAKER_B_0.5BP': '7.5056295223669561118E-8', 'STRESS_1BP': '-0.0000999199519599681344915949'}",8,0.010008006405124099279423500,1,2026-03-21,193173.00000000,13885.00000000
0.00005002751513332332783030666867,112.02829200,571.75281540,1127.21835670,2940.85168744,139,1.000600360216129677806680000,0.9995,779,149,0.9994,1980,211,8389.096592,"{'ZERO': '0.000100060036021612967780668', 'MAKER_A_0.2BP': '0.000060056833684218851144290', 'MAKER_B_0.5BP': '5.5030268298472208669E-8', 'STRESS_1BP': '-0.0000999399759843907544406656'}",1,0.010006003602161296778066800,1,2026-03-22,752713.00000000,1391912.00000000
0.00005003752814610958218663997998,0.59002700,22.49847100,100.18681400,497.77577040,71,1.000800640512409927942350000,0.9993,1071,149,0.9992,409,77,973.0557,"{'ZERO': '0.000100080064051240992794235', 'MAKER_A_0.2BP': '0.000060076860912741713140117', 'MAKER_B_0.5BP': '7.5056295223669561118E-8', 'STRESS_1BP': '-0.0000999199519599681344915949'}",2,0.010008006405124099279423500,1,2026-03-22,627628.00000000,365692.00000000
0.00005003252113874018111772652224,7.44005000,257.62992800,574.98947200,3838.21328610,71,1.000700490343240268187730000,0.9994,1980,211,0.9993,1071,149,4471.842833,"{'ZERO': '0.000100070049034324026818773', 'MAKER_A_0.2BP': '0.000060066846296417411989997', 'MAKER_B_0.5BP': '6.5042279758322701297E-8', 'STRESS_1BP': '-0.0000999299649740819973841703'}",3,0.010007004903432402681877300,1,2026-03-22,1391912.00000000,627628.00000000
0.0001000600360216129677806684010,246.04219400,1484.94994540,1668.69432540,10179.38885908,25,2.001400980686480536375460000,0.9995,779,149,0.9993,1071,149,12860.939425,"{'ZERO': '0.000200140098068648053637546', 'MAKER_A_0.2BP': '0.000160132892608834503986394', 'MAKER_B_0.5BP': '0.000100125084809504146027563', 'STRESS_1BP': '1.20072051636025229660E-7'}",4,0.020014009806864805363754600,2,2026-03-22,752713.00000000,627628.00000000
0.0001000500250125062531265632816,350.36110850,14253.66554900,20786.14739275,20877.67413535,16,2.001200720432259355613370000,0.9996,30,20,0.9994,1980,211,20900.555821,"{'ZERO': '0.000200120072043225935561337', 'MAKER_A_0.2BP': '0.000160112867384437382294980', 'MAKER_B_0.5BP': '0.000100105060786584445042307', 'STRESS_1BP': '1.00050031018511116669E-7'}",5,0.020012007204322593556133700,2,2026-03-22,17168.00000000,1391912.00000000
0.00005002251012955830123555600020,878.95023800,11981.59180410,16513.21265335,20575.19291547,12,1.000500250125062531265630000,0.9996,30,20,0.9995,779,149,21590.687981,"{'ZERO': '0.000100050025012506253126563', 'MAKER_A_0.2BP': '0.000060046823075544492111659', 'MAKER_B_0.5BP': '4.5020260242615683123E-8', 'STRESS_1BP': '-0.0000999499849914958479139580'}",6,0.010005002501250625312656300,1,2026-03-22,17168.00000000,752713.00000000
0.00005004253615573237251663914327,7.59961150,469.42451350,540.49690225,597.35481325,6,1.000900810729656691021920000,0.9992,409,77,0.9991,25,8,611.569291,"{'ZERO': '0.000100090081072965669102192', 'MAKER_A_0.2BP': '0.000060086877533793533918132', 'MAKER_B_0.5BP': '8.5072315296256005937E-8', 'STRESS_1BP': '-0.0000999099369414474827164466'}",7,0.010009008107296566910219200,1,2026-03-22,365692.00000000,9063.00000000
0.0001000800640512409927942353883,276.61494900,792.07358820,856.50591810,908.05178202,3,2.001801621459313382043840000,0.9993,1071,149,0.9991,25,8,920.938248,"{'ZERO': '0.000200180162145931338204384', 'MAKER_A_0.2BP': '0.000160172955083586747842663', 'MAKER_B_0.5BP': '0.000100165144880580012636842', 'STRESS_1BP': '1.60128116905054565107E-7'}",8,0.020018016214593133820438400,2,2026-03-22,627628.00000000,9063.00000000
0.0001500825453999699834909200060,21485.63868750,24473.01100390,24846.43254345,25145.16977509,2,3.002101471029720804563190000,0.9996,30,20,0.9993,1071,149,25219.854083,"{'ZERO': '0.000300210147102972080456319', 'MAKER_A_0.2BP': '0.000260198938921251595982791', 'MAKER_B_0.5BP': '0.000200185127339249969353829', 'STRESS_1BP': '0.000100170109077354047843489'}",9,0.030021014710297208045631900,3,2026-03-22,17168.00000000,627628.00000000
0.0001501125844383287465599199400,4323.69854400,4323.69854400,4323.69854400,4323.69854400,1,3.002702432188970073065760000,0.9994,1980,211,0.9991,25,8,4323.698544,"{'ZERO': '0.000300270243218897007306576', 'MAKER_A_0.2BP': '0.000260259032633379961767194', 'MAKER_B_0.5BP': '0.000200245217445863769267747', 'STRESS_1BP': '0.000100230193175257591846661'}",10,0.030027024321889700730657600,3,2026-03-22,1391912.00000000,9063.00000000
0.00005001750612714450057520132046,32.17430250,233.22770450,561.55237510,2448.98727858,134,1.000400160064025610244100000,0.9997,1165,160,0.9996,2688,259,5767.508869,"{'ZERO': '0.000100040016006402561024410', 'MAKER_A_0.2BP': '0.000060036814469793037112447', 'MAKER_B_0.5BP': '3.5012254989491421787E-8', 'STRESS_1BP': '-0.0000999599919959984793837543'}",1,0.010004001600640256102441000,1,2026-03-23,1737382.00000000,2420048.00000000
0.00005003752814610958218663997998,5.69304100,249.57056100,736.47255560,3608.50406304,125,1.000800640512409927942350000,0.9993,1535,203,0.9992,1170,166,4023.131372,"{'ZERO': '0.000100080064051240992794235', 'MAKER_A_0.2BP': '0.000060076860912741713140117', 'MAKER_B_0.5BP': '7.5056295223669561118E-8', 'STRESS_1BP': '-0.0000999199519599681344915949'}",2,0.010008006405124099279423500,1,2026-03-23,933972.00000000,563460.00000000
0.00005002251012955830123555600020,20.76542050,341.69394800,589.23311725,1157.22682945,106,1.000500250125062531265630000,0.9996,2688,259,0.9995,1208,168,3515.3114,"{'ZERO': '0.000100050025012506253126563', 'MAKER_A_0.2BP': '0.000060046823075544492111659', 'MAKER_B_0.5BP': '4.5020260242615683123E-8', 'STRESS_1BP': '-0.0000999499849914958479139580'}",3,0.010005002501250625312656300,1,2026-03-23,2420048.00000000,1170146.00000000
0.00005002751513332332783030666867,4.60007350,597.53423620,795.55128790,15830.91445646,58,1.000600360216129677806680000,0.9995,1208,168,0.9994,833,139,35215.517675,"{'ZERO': '0.000100060036021612967780668', 'MAKER_A_0.2BP': '0.000060056833684218851144290', 'MAKER_B_0.5BP': '5.5030268298472208669E-8', 'STRESS_1BP': '-0.0000999399759843907544406656'}",4,0.010006003602161296778066800,1,2026-03-23,1170146.00000000,472176.00000000
0.00005003252113874018111772652224,1.33965700,224.66555940,1131.35597010,12299.71803244,55,1.000700490343240268187730000,0.9994,833,139,0.9993,1535,203,14415.239077,"{'ZERO': '0.000100070049034324026818773', 'MAKER_A_0.2BP': '0.000060066846296417411989997', 'MAKER_B_0.5BP': '6.5042279758322701297E-8', 'STRESS_1BP': '-0.0000999299649740819973841703'}",5,0.010007004903432402681877300,1,2026-03-23,472176.00000000,933972.00000000
0.0001000500250125062531265632816,24.42291900,518.32430460,780.49468340,19458.08832390,47,2.001200720432259355613370000,0.9996,2688,259,0.9994,833,139,35215.69493,"{'ZERO': '0.000200120072043225935561337', 'MAKER_A_0.2BP': '0.000160112867384437382294980', 'MAKER_B_0.5BP': '0.000100105060786584445042307', 'STRESS_1BP': '1.00050031018511116669E-7'}",6,0.020012007204322593556133700,2,2026-03-23,2420048.00000000,472176.00000000
0.0001000800640512409927942353883,93.26154750,784.17293590,1547.94700890,3150.47278805,40,2.001801621459313382043840000,0.9993,1535,203,0.9991,453,65,3859.843205,"{'ZERO': '0.000200180162145931338204384', 'MAKER_A_0.2BP': '0.000160172955083586747842663', 'MAKER_B_0.5BP': '0.000100165144880580012636842', 'STRESS_1BP': '1.60128116905054565107E-7'}",7,0.020018016214593133820438400,2,2026-03-23,933972.00000000,198540.00000000
0.00005004253615573237251663914327,15.63286950,904.37086370,1180.09601035,2182.09843570,40,1.000900810729656691021920000,0.9992,1170,166,0.9991,453,65,2697.511231,"{'ZERO': '0.000100090081072965669102192', 'MAKER_A_0.2BP': '0.000060086877533793533918132', 'MAKER_B_0.5BP': '8.5072315296256005937E-8', 'STRESS_1BP': '-0.0000999099369414474827164466'}",8,0.010009008107296566910219200,1,2026-03-23,563460.00000000,198540.00000000
0.0001000400160064025610244097639,71.69152500,1392.16055880,1995.48700420,4326.49343718,39,2.001000500250125062531270000,0.9997,1165,160,0.9995,1208,168,5709.90743,"{'ZERO': '0.000200100050025012506253127', 'MAKER_A_0.2BP': '0.000160092846167088664229717', 'MAKER_B_0.5BP': '0.000100085040770472731991214', 'STRESS_1BP': '8.0032016808324170084E-8'}",9,0.020010005002501250625312700,2,2026-03-23,1737382.00000000,1170146.00000000
0.0001000700490343240268187731412,193.17944250,4409.74986350,9703.80397645,13705.75832463,24,2.001601281024819855884710000,0.9994,833,139,0.9992,1170,166,14650.686143,"{'ZERO': '0.000200160128102481985588471', 'MAKER_A_0.2BP': '0.000160152921841483106286633', 'MAKER_B_0.5BP': '0.000100145112840434839747204', 'STRESS_1BP': '1.40098079863751014810E-7'}",10,0.020016012810248198558847100,2,2026-03-23,472176.00000000,563460.00000000
0.00005002751513332332783030666867,59.02137500,928.45722640,1239.65895765,6663.98160681,98,1.000600360216129677806680000,0.9995,685,108,0.9994,1340,189,10966.336899,"{'ZERO': '0.000100060036021612967780668', 'MAKER_A_0.2BP': '0.000060056833684218851144290', 'MAKER_B_0.5BP': '5.5030268298472208669E-8', 'STRESS_1BP': '-0.0000999399759843907544406656'}",1,0.010006003602161296778066800,1,2026-03-24,432155.00000000,999105.00000000
0.0001000500250125062531265632816,70.75398850,696.36628480,1030.05535775,13697.72465892,52,2.001200720432259355613370000,0.9996,207,57,0.9994,1340,189,23716.235655,"{'ZERO': '0.000200120072043225935561337', 'MAKER_A_0.2BP': '0.000160112867384437382294980', 'MAKER_B_0.5BP': '0.000100105060786584445042307', 'STRESS_1BP': '1.00050031018511116669E-7'}",2,0.020012007204322593556133700,2,2026-03-24,84308.00000000,999105.00000000
0.00005003252113874018111772652224,85.05087050,627.88166130,880.82682365,4125.45145272,50,1.000700490343240268187730000,0.9994,1340,189,0.9993,464,87,5173.056837,"{'ZERO': '0.000100070049034324026818773', 'MAKER_A_0.2BP': '0.000060066846296417411989997', 'MAKER_B_0.5BP': '6.5042279758322701297E-8', 'STRESS_1BP': '-0.0000999299649740819973841703'}",3,0.010007004903432402681877300,1,2026-03-24,999105.00000000,364381.00000000
0.00005004253615573237251663914327,40.20418750,452.45972100,579.25386950,1967.00791465,46,1.000900810729656691021920000,0.9992,1220,82,0.9991,294,52,2876.392666,"{'ZERO': '0.000100090081072965669102192', 'MAKER_A_0.2BP': '0.000060086877533793533918132', 'MAKER_B_0.5BP': '8.5072315296256005937E-8', 'STRESS_1BP': '-0.0000999099369414474827164466'}",4,0.010009008107296566910219200,1,2026-03-24,1006089.00000000,643292.00000000
0.00005003752814610958218663997998,49.69440800,750.85068260,1940.58683940,8137.80458280,33,1.000800640512409927942350000,0.9993,464,87,0.9992,1220,82,10788.900666,"{'ZERO': '0.000100080064051240992794235', 'MAKER_A_0.2BP': '0.000060076860912741713140117', 'MAKER_B_0.5BP': '7.5056295223669561118E-8', 'STRESS_1BP': '-0.0000999199519599681344915949'}",5,0.010008006405124099279423500,1,2026-03-24,364381.00000000,1006089.00000000
0.00005002251012955830123555600020,223.94971400,770.79851520,3894.47614060,19446.95640863,22,1.000500250125062531265630000,0.9996,207,57,0.9995,685,108,23537.690573,"{'ZERO': '0.000100050025012506253126563', 'MAKER_A_0.2BP': '0.000060046823075544492111659', 'MAKER_B_0.5BP': '4.5020260242615683123E-8', 'STRESS_1BP': '-0.0000999499849914958479139580'}",6,0.010005002501250625312656300,1,2026-03-24,84308.00000000,432155.00000000
0.0001000600360216129677806684010,409.04044900,4818.06088190,7920.24346495,10069.98363779,14,2.001400980686480536375460000,0.9995,685,108,0.9993,464,87,10607.418681,"{'ZERO': '0.000200140098068648053637546', 'MAKER_A_0.2BP': '0.000160132892608834503986394', 'MAKER_B_0.5BP': '0.000100125084809504146027563', 'STRESS_1BP': '1.20072051636025229660E-7'}",7,0.020014009806864805363754600,2,2026-03-24,432155.00000000,364381.00000000
0.0001000700490343240268187731412,165.96709200,855.94932700,932.53048050,993.79540330,11,2.001601281024819855884710000,0.9994,1340,189,0.9992,1220,82,1009.111634,"{'ZERO': '0.000200160128102481985588471', 'MAKER_A_0.2BP': '0.000160152921841483106286633', 'MAKER_B_0.5BP': '0.000100145112840434839747204', 'STRESS_1BP': '1.40098079863751014810E-7'}",8,0.020016012810248198558847100,2,2026-03-24,999105.00000000,1006089.00000000
0.0001000800640512409927942353883,343.24820250,5242.72604530,8015.82662065,10234.30708093,8,2.001801621459313382043840000,0.9993,464,87,0.9991,294,52,10788.927196,"{'ZERO': '0.000200180162145931338204384', 'MAKER_A_0.2BP': '0.000160172955083586747842663', 'MAKER_B_0.5BP': '0.000100165144880580012636842', 'STRESS_1BP': '1.60128116905054565107E-7'}",9,0.020018016214593133820438400,2,2026-03-24,364381.00000000,643292.00000000
0.00005004754516790951403833641960,33.07540700,504.89619180,781.91518890,1003.53038658,7,1.001001001001001001001000000,0.9991,294,52,0.999,13,8,1058.934186,"{'ZERO': '0.000100100100100100100100100', 'MAKER_A_0.2BP': '0.000060096896160174894600206', 'MAKER_B_0.5BP': '9.5090340578066191786E-8', 'STRESS_1BP': '-0.0000998999199179181180981001'}",10,0.010010010010010010010010000,1,2026-03-24,643292.00000000,1325.00000000
0.00005000750112516877531629744462,26.11745150,477.51282320,766.44846550,2418.18782153,78,1.000200040008001600320060000,0.9999,1406,123,0.9998,981,112,3295.846535,"{'ZERO': '0.000100020004000800160032006', 'MAKER_A_0.2BP': '0.000060016803264654850931787', 'MAKER_B_0.5BP': '1.5002250487595644223E-8', 'STRESS_1BP': '-0.0000999799999995999599879980'}",1,0.010002000400080016003200600,1,2026-03-25,2220883.00000000,1090055.00000000
0.00005002251012955830123555600020,47.97633500,542.87963820,1101.08372790,6929.97187939,58,1.000500250125062531265630000,0.9996,805,76,0.9995,572,95,9947.711635,"{'ZERO': '0.000100050025012506253126563', 'MAKER_A_0.2BP': '0.000060046823075544492111659', 'MAKER_B_0.5BP': '4.5020260242615683123E-8', 'STRESS_1BP': '-0.0000999499849914958479139580'}",2,0.010005002501250625312656300,1,2026-03-25,691854.00000000,309832.00000000
0.00005000250012500625031251562578,120.98880800,612.82338500,1456.84943200,3844.89197830,56,1.000100010001000100010000000,1,129,68,0.9999,1406,123,5969.518468,"{'ZERO': '0.000100010001000100010001000', 'MAKER_A_0.2BP': '0.000060006800664066726666267', 'MAKER_B_0.5BP': '5.000250037503125344E-9', 'STRESS_1BP': '-0.0000999900009999000099990001'}",3,0.010001000100010001000100000,1,2026-03-25,63723.00000000,2220883.00000000
0.0001000100010001000100010001000,112.14899100,1438.41403320,2665.48447960,5271.86573072,35,2.000400080016003200640130000,1,129,68,0.9998,981,112,5949.269403,"{'ZERO': '0.000200040008001600320064013', 'MAKER_A_0.2BP': '0.000160032806545309381869974', 'MAKER_B_0.5BP': '0.000100025004750962691913414', 'STRESS_1BP': '2.0002000600100022004E-8'}",4,0.020004000800160032006401300,2,2026-03-25,63723.00000000,1090055.00000000
0.00005003752814610958218663997998,20.65936100,390.44754260,828.55829015,1404.51924539,34,1.000800640512409927942350000,0.9993,237,53,0.9992,81,45,1665.05171,"{'ZERO': '0.000100080064051240992794235', 'MAKER_A_0.2BP': '0.000060076860912741713140117', 'MAKER_B_0.5BP': '7.5056295223669561118E-8', 'STRESS_1BP': '-0.0000999199519599681344915949'}",5,0.010008006405124099279423500,1,2026-03-25,119609.00000000,23901.00000000
0.0001000400160064025610244097639,187.04274300,1570.11043120,6249.30636160,9757.54252088,29,2.001000500250125062531270000,0.9997,523,54,0.9995,572,95,9999.662239,"{'ZERO': '0.000200100050025012506253127', 'MAKER_A_0.2BP': '0.000160092846167088664229717', 'MAKER_B_0.5BP': '0.000100085040770472731991214', 'STRESS_1BP': '8.0032016808324170084E-8'}",6,0.020010005002501250625312700,2,2026-03-25,209227.00000000,309832.00000000
0.00005001750612714450057520132046,173.77064100,1707.07935300,2137.09765060,7469.65280416,25,1.000400160064025610244100000,0.9997,523,54,0.9996,805,76,9121.898002,"{'ZERO': '0.000100040016006402561024410', 'MAKER_A_0.2BP': '0.000060036814469793037112447', 'MAKER_B_0.5BP': '3.5012254989491421787E-8', 'STRESS_1BP': '-0.0000999599919959984793837543'}",7,0.010004001600640256102441000,1,2026-03-25,209227.00000000,691854.00000000
0.00005003252113874018111772652224,45.38597200,568.33262680,3788.77013620,4263.77690482,23,1.000700490343240268187730000,0.9994,225,51,0.9993,237,53,4296.916675,"{'ZERO': '0.000100070049034324026818773', 'MAKER_A_0.2BP': '0.000060066846296417411989997', 'MAKER_B_0.5BP': '6.5042279758322701297E-8', 'STRESS_1BP': '-0.0000999299649740819973841703'}",8,0.010007004903432402681877300,1,2026-03-25,98923.00000000,119609.00000000
0.0001000700490343240268187731412,25.49977450,650.05048390,3296.27660800,3976.28040640,20,2.001601281024819855884710000,0.9994,225,51,0.9992,81,45,4146.281356,"{'ZERO': '0.000200160128102481985588471', 'MAKER_A_0.2BP': '0.000160152921841483106286633', 'MAKER_B_0.5BP': '0.000100145112840434839747204', 'STRESS_1BP': '1.40098079863751014810E-7'}",9,0.020016012810248198558847100,2,2026-03-25,98923.00000000,23901.00000000
0.00005002751513332332783030666867,38.45275200,1162.62779940,2666.84135330,7515.62099066,19,1.000600360216129677806680000,0.9995,572,95,0.9994,225,51,8727.8159,"{'ZERO': '0.000100060036021612967780668', 'MAKER_A_0.2BP': '0.000060056833684218851144290', 'MAKER_B_0.5BP': '5.5030268298472208669E-8', 'STRESS_1BP': '-0.0000999399759843907544406656'}",10,0.010006003602161296778066800,1,2026-03-25,309832.00000000,98923.00000000
0.00005003752814610958218663997998,19.48037400,264.85309030,492.18346005,1632.92903870,84,1.000800640512409927942350000,0.9993,840,164,0.9992,1056,137,2669.143875,"{'ZERO': '0.000100080064051240992794235', 'MAKER_A_0.2BP': '0.000060076860912741713140117', 'MAKER_B_0.5BP': '7.5056295223669561118E-8', 'STRESS_1BP': '-0.0000999199519599681344915949'}",1,0.010008006405124099279423500,1,2026-03-26,440583.00000000,1566647.00000000
0.00005004754516790951403833641960,32.60880000,339.91103590,756.72738940,3681.05386076,70,1.001001001001001001001000000,0.9991,1534,110,0.999,1393,105,4288.305608,"{'ZERO': '0.000100100100100100100100100', 'MAKER_A_0.2BP': '0.000060096896160174894600206', 'MAKER_B_0.5BP': '9.5090340578066191786E-8', 'STRESS_1BP': '-0.0000998999199179181180981001'}",2,0.010010010010010010010010000,1,2026-03-26,1315677.00000000,1075116.00000000
0.00005003252113874018111772652224,12.26393600,748.83629280,1584.21712705,7219.47777071,70,1.000700490343240268187730000,0.9994,1433,97,0.9993,840,164,7909.569017,"{'ZERO': '0.000100070049034324026818773', 'MAKER_A_0.2BP': '0.000060066846296417411989997', 'MAKER_B_0.5BP': '6.5042279758322701297E-8', 'STRESS_1BP': '-0.0000999299649740819973841703'}",3,0.010007004903432402681877300,1,2026-03-26,603982.00000000,440583.00000000
0.00005004253615573237251663914327,17.80476550,304.54262360,443.43974250,10412.01796131,40,1.000900810729656691021920000,0.9992,1056,137,0.9991,1534,110,16360.593843,"{'ZERO': '0.000100090081072965669102192', 'MAKER_A_0.2BP': '0.000060086877533793533918132', 'MAKER_B_0.5BP': '8.5072315296256005937E-8', 'STRESS_1BP': '-0.0000999099369414474827164466'}",4,0.010009008107296566910219200,1,2026-03-26,1566647.00000000,1315677.00000000
0.00005002251012955830123555600020,43.56531350,394.00036980,693.10142100,7275.41037978,32,1.000500250125062531265630000,0.9996,249,39,0.9995,254,60,10189.313555,"{'ZERO': '0.000100050025012506253126563', 'MAKER_A_0.2BP': '0.000060046823075544492111659', 'MAKER_B_0.5BP': '4.5020260242615683123E-8', 'STRESS_1BP': '-0.0000999499849914958479139580'}",5,0.010005002501250625312656300,1,2026-03-26,469351.00000000,377587.00000000
0.00005002751513332332783030666867,452.62870600,1041.91895540,1203.21495940,2829.70778212,25,1.000600360216129677806680000,0.9995,254,60,0.9994,1433,97,3336.126577,"{'ZERO': '0.000100060036021612967780668', 'MAKER_A_0.2BP': '0.000060056833684218851144290', 'MAKER_B_0.5BP': '5.5030268298472208669E-8', 'STRESS_1BP': '-0.0000999399759843907544406656'}",6,0.010006003602161296778066800,1,2026-03-26,377587.00000000,603982.00000000
0.0001000900810729656691021919728,13.06400400,284.62199300,537.88082700,13090.94218220,21,2.002002002002002002002000000,0.9992,1056,137,0.999,1393,105,16229.207521,"{'ZERO': '0.000200200200200200200200200', 'MAKER_A_0.2BP': '0.000160192992336349469206812', 'MAKER_B_0.5BP': '0.000100185180931143633008540', 'STRESS_1BP': '1.80162163963783801800E-7'}",7,0.020020020020020020020020000,2,2026-03-26,1566647.00000000,1075116.00000000
0.00005005255518294208919365333600,20.15063800,173.45514500,188.45145100,1888.17197260,21,1.001101211332465712283510000,0.999,1393,105,0.9989,23,23,2313.102103,"{'ZERO': '0.000100110121133246571228351', 'MAKER_A_0.2BP': '0.000060106916792488056535796', 'MAKER_B_0.5BP': '1.05110371671325333523E-7', 'STRESS_1BP': '-0.0000998899008887778756412075'}",8,0.010011012113324657122835100,1,2026-03-26,1075116.00000000,10581.00000000
0.0001000600360216129677806684010,330.75890250,942.35344890,1190.53366235,2313.12146047,18,2.001400980686480536375460000,0.9995,254,60,0.9993,840,164,2593.76841,"{'ZERO': '0.000200140098068648053637546', 'MAKER_A_0.2BP': '0.000160132892608834503986394', 'MAKER_B_0.5BP': '0.000100125084809504146027563', 'STRESS_1BP': '1.20072051636025229660E-7'}",9,0.020014009806864805363754600,2,2026-03-26,377587.00000000,440583.00000000
0.0001000500250125062531265632816,94.95145500,393.11973600,5339.70250950,9296.96872830,11,2.001200720432259355613370000,0.9996,249,39,0.9994,1433,97,10286.285283,"{'ZERO': '0.000200120072043225935561337', 'MAKER_A_0.2BP': '0.000160112867384437382294980', 'MAKER_B_0.5BP': '0.000100105060786584445042307', 'STRESS_1BP': '1.00050031018511116669E-7'}",10,0.020012007204322593556133700,2,2026-03-26,469351.00000000,603982.00000000
0.00005004253615573237251663914327,17.52317150,249.99584410,691.51438260,4279.98941718,160,1.000900810729656691021920000,0.9992,1596,213,0.9991,2050,238,5319.008849,"{'ZERO': '0.000100090081072965669102192', 'MAKER_A_0.2BP': '0.000060086877533793533918132', 'MAKER_B_0.5BP': '8.5072315296256005937E-8', 'STRESS_1BP': '-0.0000999099369414474827164466'}",1,0.010009008107296566910219200,1,2026-03-27,691885.00000000,2714458.00000000
0.00005004754516790951403833641960,46.11138700,719.24011540,1305.50986620,3230.07992532,89,1.001001001001001001001000000,0.9991,2050,238,0.999,1597,158,6366.153557,"{'ZERO': '0.000100100100100100100100100', 'MAKER_A_0.2BP': '0.000060096896160174894600206', 'MAKER_B_0.5BP': '9.5090340578066191786E-8', 'STRESS_1BP': '-0.0000998999199179181180981001'}",2,0.010010010010010010010010000,1,2026-03-27,2714458.00000000,1820444.00000000
0.00005006257822277847309136420526,35.52026900,229.03321560,328.15444020,802.64598748,53,1.001301692199859817763090000,0.9988,983,63,0.9987,177,55,1233.912005,"{'ZERO': '0.000100130169219985981776309', 'MAKER_A_0.2BP': '0.000060126964077320035655961', 'MAKER_B_0.5BP': '1.25156453702297362352E-7', 'STRESS_1BP': '-0.0000998698568112548913327352'}",3,0.010013016921998598177630900,1,2026-03-27,1042083.00000000,408277.00000000
0.00005005255518294208919365333600,22.61789350,174.97889050,224.58222570,644.12362223,52,1.001101211332465712283510000,0.999,1597,158,0.9989,187,62,967.908866,"{'ZERO': '0.000100110121133246571228351', 'MAKER_A_0.2BP': '0.000060106916792488056535796', 'MAKER_B_0.5BP': '1.05110371671325333523E-7', 'STRESS_1BP': '-0.0000998899008887778756412075'}",4,0.010011012113324657122835100,1,2026-03-27,1820444.00000000,332305.00000000
0.00005003752814610958218663997998,0.01662150,2.04132960,194.39367285,22817.77754594,42,1.000800640512409927942350000,0.9993,1013,51,0.9992,1596,213,38032.458594,"{'ZERO': '0.000100080064051240992794235', 'MAKER_A_0.2BP': '0.000060076860912741713140117', 'MAKER_B_0.5BP': '7.5056295223669561118E-8', 'STRESS_1BP': '-0.0000999199519599681344915949'}",5,0.010008006405124099279423500,1,2026-03-27,479058.00000000,691885.00000000
0.0001000900810729656691021919728,157.7759450,1605.95643920,4098.83580930,5365.99462992,34,2.002002002002002002002000000,0.9992,1596,213,0.999,1597,158,5576.215083,"{'ZERO': '0.000200200200200200200200200', 'MAKER_A_0.2BP': '0.000160192992336349469206812', 'MAKER_B_0.5BP': '0.000100185180931143633008540', 'STRESS_1BP': '1.80162163963783801800E-7'}",6,0.020020020020020020020020000,2,2026-03-27,691885.00000000,1820444.00000000
0.0001000800640512409927942353883,11.85021800,8129.89126900,22541.11690100,34070.09740660,9,2.001801621459313382043840000,0.9993,1013,51,0.9991,2050,238,36952.342533,"{'ZERO': '0.000200180162145931338204384', 'MAKER_A_0.2BP': '0.000160172955083586747842663', 'MAKER_B_0.5BP': '0.000100165144880580012636842', 'STRESS_1BP': '1.60128116905054565107E-7'}",7,0.020018016214593133820438400,2,2026-03-27,479058.00000000,2714458.00000000
0.0001000700490343240268187731412,0.93391800,7795.46820260,23378.23087980,35844.44102156,9,2.001601281024819855884710000,0.9994,54,9,0.9992,1596,213,38960.993557,"{'ZERO': '0.000200160128102481985588471', 'MAKER_A_0.2BP': '0.000160152921841483106286633', 'MAKER_B_0.5BP': '0.000100145112840434839747204', 'STRESS_1BP': '1.40098079863751014810E-7'}",8,0.020016012810248198558847100,2,2026-03-27,23909.00000000,691885.00000000
0.00005005756620113130099614556740,33.41872800,8132.25897980,14189.19640190,19034.74633958,7,1.001201441730076091309570000,0.9989,187,62,0.9988,983,63,20246.133824,"{'ZERO': '0.000100120144173007609130957', 'MAKER_A_0.2BP': '0.000060116939431335522268329', 'MAKER_B_0.5BP': '1.15132409178499825509E-7', 'STRESS_1BP': '-0.0000998798798534243491950364'}",9,0.010012014417300760913095700,1,2026-03-27,332305.00000000,1042083.00000000
0.00005003252113874018111772652224,1.47055300,373.87017400,651.20256850,873.06848410,7,1.000700490343240268187730000,0.9994,54,9,0.9993,1013,51,928.534963,"{'ZERO': '0.000100070049034324026818773', 'MAKER_A_0.2BP': '0.000060066846296417411989997', 'MAKER_B_0.5BP': '6.5042279758322701297E-8', 'STRESS_1BP': '-0.0000999299649740819973841703'}",10,0.010007004903432402681877300,1,2026-03-27,23909.00000000,479058.00000000
0.00005005255518294208919365333600,29.02686500,331.34636180,447.64791640,4133.96350536,169,1.001101211332465712283510000,0.999,1073,211,0.9989,2104,199,6649.468357,"{'ZERO': '0.000100110121133246571228351', 'MAKER_A_0.2BP': '0.000060106916792488056535796', 'MAKER_B_0.5BP': '1.05110371671325333523E-7', 'STRESS_1BP': '-0.0000998899008887778756412075'}",1,0.010011012113324657122835100,1,2026-03-28,559756.00000000,890108.00000000
0.0001001101211332465712283511863,31.82060000,799.64338040,3575.04669980,5536.64228608,45,2.002402883460152182619140000,0.999,1073,211,0.9988,180,74,6649.461309,"{'ZERO': '0.000200240288346015218261914', 'MAKER_A_0.2BP': '0.000160233078878670724543058', 'MAKER_B_0.5BP': '0.000100225265068344500275987', 'STRESS_1BP': '2.20242292951321607927E-7'}",2,0.020024028834601521826191400,2,2026-03-28,559756.00000000,111502.00000000
0.00005005756620113130099614556740,124.45906700,1334.69694240,1528.15680970,3783.19013080,43,1.001201441730076091309570000,0.9989,2104,199,0.9988,180,74,4416.738757,"{'ZERO': '0.000100120144173007609130957', 'MAKER_A_0.2BP': '0.000060116939431335522268329', 'MAKER_B_0.5BP': '1.15132409178499825509E-7', 'STRESS_1BP': '-0.0000998798798534243491950364'}",3,0.010012014417300760913095700,1,2026-03-28,890108.00000000,111502.00000000
0.00005004754516790951403833641960,33.35638600,31453.44181850,35506.92228075,38749.70665055,6,1.001001001001001001001000000,0.9991,79,7,0.999,1073,211,39560.402743,"{'ZERO': '0.000100100100100100100100100', 'MAKER_A_0.2BP': '0.000060096896160174894600206', 'MAKER_B_0.5BP': '9.5090340578066191786E-8', 'STRESS_1BP': '-0.0000998999199179181180981001'}",4,0.010010010010010010010010000,1,2026-03-28,79303.00000000,559756.00000000
0.0001001001001001001001001001001,27511.07647700,37111.68728980,38311.76364140,39271.82472268,3,2.002202422664931424567020000,0.9991,79,7,0.9989,2104,199,39511.839993,"{'ZERO': '0.000200220242266493142456702', 'MAKER_A_0.2BP': '0.000160213033600975793077992', 'MAKER_B_0.5BP': '0.000100205220993330151292015', 'STRESS_1BP': '2.00200222244268715585E-7'}",5,0.020022024226649314245670200,2,2026-03-28,79303.00000000,890108.00000000
0.0001501576655488262675809600080,26542.62718700,27253.28195820,27342.11380460,27413.17928172,2,3.003604325190228273928710000,0.9991,79,7,0.9988,180,74,27430.945651,"{'ZERO': '0.000300360432519022827392871', 'MAKER_A_0.2BP': '0.000260349218326005926817787', 'MAKER_B_0.5BP': '0.000200335397727510500726465', 'STRESS_1BP': '0.000100320364439326992410891'}",6,0.030036043251902282739287100,3,2026-03-28,79303.00000000,111502.00000000
0.0001501726986033939029884367022,3948.81331100,3948.81331100,3948.81331100,3948.81331100,1,3.003905076599579453289280000,0.999,1073,211,0.9987,1,1,3948.813311,"{'ZERO': '0.000300390507659957945328928', 'MAKER_A_0.2BP': '0.000260379292263959466980681', 'MAKER_B_0.5BP': '0.000200365469861081893336994', 'STRESS_1BP': '0.000100350433565835365997795'}",7,0.030039050765995794532892800,3,2026-03-28,559756.00000000,68.00000000
0.0001001201441730076091309571486,1412.17409300,1412.17409300,1412.17409300,1412.17409300,1,2.002603384399719635526180000,0.9989,2104,199,0.9987,1,1,1412.174093,"{'ZERO': '0.000200260338439971963552618', 'MAKER_A_0.2BP': '0.000160253128170639751318321', 'MAKER_B_0.5BP': '0.000100245313157392095349673', 'STRESS_1BP': '2.40288377290237332530E-7'}",8,0.020026033843997196355261800,2,2026-03-28,890108.00000000,68.00000000
0.00005006257822277847309136420526,283.90137400,283.90137400,283.90137400,283.90137400,1,1.001301692199859817763090000,0.9988,180,74,0.9987,1,1,283.901374,"{'ZERO': '0.000100130169219985981776309', 'MAKER_A_0.2BP': '0.000060126964077320035655961', 'MAKER_B_0.5BP': '1.25156453702297362352E-7', 'STRESS_1BP': '-0.0000998698568112548913327352'}",9,0.010013016921998598177630900,1,2026-03-28,111502.00000000,68.00000000
0.00005005756620113130099614556740,13.72976000,1525.29816860,2895.51997660,7675.49854848,85,1.001201441730076091309570000,0.9989,1575,135,0.9988,1174,151,11559.769977,"{'ZERO': '0.000100120144173007609130957', 'MAKER_A_0.2BP': '0.000060116939431335522268329', 'MAKER_B_0.5BP': '1.15132409178499825509E-7', 'STRESS_1BP': '-0.0000998798798534243491950364'}",1,0.010012014417300760913095700,1,2026-03-29,1176433.00000000,1101003.00000000
0.00005006257822277847309136420526,39.46106800,341.00661000,751.49897175,5433.24408430,56,1.001301692199859817763090000,0.9988,1174,151,0.9987,148,71,6830.669055,"{'ZERO': '0.000100130169219985981776309', 'MAKER_A_0.2BP': '0.000060126964077320035655961', 'MAKER_B_0.5BP': '1.25156453702297362352E-7', 'STRESS_1BP': '-0.0000998698568112548913327352'}",2,0.010013016921998598177630900,1,2026-03-29,1101003.00000000,30391.00000000
0.00005005255518294208919365333600,14.75361200,1226.42189850,1551.40977260,20713.36040090,48,1.001101211332465712283510000,0.999,723,72,0.9989,1575,135,35821.329371,"{'ZERO': '0.000100110121133246571228351', 'MAKER_A_0.2BP': '0.000060106916792488056535796', 'MAKER_B_0.5BP': '1.05110371671325333523E-7', 'STRESS_1BP': '-0.0000998899008887778756412075'}",3,0.010011012113324657122835100,1,2026-03-29,320018.00000000,1176433.00000000
0.0001001101211332465712283511863,527.38221650,2361.10620150,3372.53213225,24716.59784600,36,2.002402883460152182619140000,0.999,723,72,0.9988,1174,151,36074.196623,"{'ZERO': '0.000200240288346015218261914', 'MAKER_A_0.2BP': '0.000160233078878670724543058', 'MAKER_B_0.5BP': '0.000100225265068344500275987', 'STRESS_1BP': '2.20242292951321607927E-7'}",4,0.020024028834601521826191400,2,2026-03-29,320018.00000000,1101003.00000000
0.0001001201441730076091309571486,181.92644400,1701.99463480,1920.63584750,8264.78202050,27,2.002603384399719635526180000,0.9989,1575,135,0.9987,148,71,10469.1338,"{'ZERO': '0.000200260338439971963552618', 'MAKER_A_0.2BP': '0.000160253128170639751318321', 'MAKER_B_0.5BP': '0.000100245313157392095349673', 'STRESS_1BP': '2.40288377290237332530E-7'}",5,0.020026033843997196355261800,2,2026-03-29,1176433.00000000,30391.00000000
0.0001001001001001001001001001001,2015.36474550,2764.20540270,2857.81048485,2932.69455057,2,2.002202422664931424567020000,0.9991,2,2,0.9989,1575,135,2951.415567,"{'ZERO': '0.000200220242266493142456702', 'MAKER_A_0.2BP': '0.000160213033600975793077992', 'MAKER_B_0.5BP': '0.000100205220993330151292015', 'STRESS_1BP': '2.00200222244268715585E-7'}",6,0.020022024226649314245670200,2,2026-03-29,792.00000000,1176433.00000000
0.00005004754516790951403833641960,2401.02496250,3044.26844290,3124.67387795,3188.99822599,2,1.001001001001001001001000000,0.9991,2,2,0.999,723,72,3205.079313,"{'ZERO': '0.000100100100100100100100100', 'MAKER_A_0.2BP': '0.000060096896160174894600206', 'MAKER_B_0.5BP': '9.5090340578066191786E-8', 'STRESS_1BP': '-0.0000998999199179181180981001'}",7,0.010010010010010010010010000,1,2026-03-29,792.00000000,320018.00000000
0.0001501726986033939029884367022,31766.74446200,31766.74446200,31766.74446200,31766.74446200,1,3.003905076599579453289280000,0.999,723,72,0.9987,148,71,31766.744462,"{'ZERO': '0.000300390507659957945328928', 'MAKER_A_0.2BP': '0.000260379292263959466980681', 'MAKER_B_0.5BP': '0.000200365469861081893336994', 'STRESS_1BP': '0.000100350433565835365997795'}",8,0.030039050765995794532892800,3,2026-03-29,320018.00000000,30391.00000000
0.00005005255518294208919365333600,97.64795800,521.76950100,939.49586840,8670.30339886,103,1.001101211332465712283510000,0.999,815,187,0.9989,1681,177,8828.625899,"{'ZERO': '0.000100110121133246571228351', 'MAKER_A_0.2BP': '0.000060106916792488056535796', 'MAKER_B_0.5BP': '1.05110371671325333523E-7', 'STRESS_1BP': '-0.0000998899008887778756412075'}",1,0.010011012113324657122835100,1,2026-03-30,611297.00000000,933151.00000000
0.00005005756620113130099614556740,26.16204800,579.52811580,1391.92442140,2776.62050134,75,1.001201441730076091309570000,0.9989,1681,177,0.9988,306,99,2903.293967,"{'ZERO': '0.000100120144173007609130957', 'MAKER_A_0.2BP': '0.000060116939431335522268329', 'MAKER_B_0.5BP': '1.15132409178499825509E-7', 'STRESS_1BP': '-0.0000998798798534243491950364'}",2,0.010012014417300760913095700,1,2026-03-30,933151.00000000,163934.00000000
0.00005004754516790951403833641960,24.34517700,990.69360050,3427.69175840,19378.37401632,64,1.001001001001001001001000000,0.9991,170,70,0.999,815,187,21804.414327,"{'ZERO': '0.000100100100100100100100100', 'MAKER_A_0.2BP': '0.000060096896160174894600206', 'MAKER_B_0.5BP': '9.5090340578066191786E-8', 'STRESS_1BP': '-0.0000998999199179181180981001'}",3,0.010010010010010010010010000,1,2026-03-30,366509.00000000,611297.00000000
0.0001001101211332465712283511863,56.28070500,1076.49137220,3013.27625100,8788.74890684,37,2.002402883460152182619140000,0.999,815,187,0.9988,306,99,8804.03252,"{'ZERO': '0.000200240288346015218261914', 'MAKER_A_0.2BP': '0.000160233078878670724543058', 'MAKER_B_0.5BP': '0.000100225265068344500275987', 'STRESS_1BP': '2.20242292951321607927E-7'}",4,0.020024028834601521826191400,2,2026-03-30,611297.00000000,163934.00000000
0.0001001001001001001001001001001,911.70376000,17775.19074100,20011.52006945,21327.30015949,14,2.002202422664931424567020000,0.9991,170,70,0.9989,1681,177,21656.245182,"{'ZERO': '0.000200220242266493142456702', 'MAKER_A_0.2BP': '0.000160213033600975793077992', 'MAKER_B_0.5BP': '0.000100205220993330151292015', 'STRESS_1BP': '2.00200222244268715585E-7'}",5,0.020022024226649314245670200,2,2026-03-30,366509.00000000,933151.00000000
0.0001001201441730076091309571486,292.06390500,1018.56952140,1126.80039420,1213.38509244,5,2.002603384399719635526180000,0.9989,1681,177,0.9987,8,5,1235.031267,"{'ZERO': '0.000200260338439971963552618', 'MAKER_A_0.2BP': '0.000160253128170639751318321', 'MAKER_B_0.5BP': '0.000100245313157392095349673', 'STRESS_1BP': '2.40288377290237332530E-7'}",6,0.020026033843997196355261800,2,2026-03-30,933151.00000000,10637.00000000
0.0001000900810729656691021919728,276.57053200,27894.69533900,31168.24534400,33787.08534800,5,2.002002002002002002002000000,0.9992,47,7,0.999,815,187,34441.795349,"{'ZERO': '0.000200200200200200200200200', 'MAKER_A_0.2BP': '0.000160192992336349469206812', 'MAKER_B_0.5BP': '0.000100185180931143633008540', 'STRESS_1BP': '1.80162163963783801800E-7'}",7,0.020020020020020020020020000,2,2026-03-30,448936.00000000,611297.00000000
0.00005004253615573237251663914327,137.73343100,20561.90050200,27358.03205200,32794.93729200,5,1.000900810729656691021920000,0.9992,47,7,0.9991,170,70,34154.163602,"{'ZERO': '0.000100090081072965669102192', 'MAKER_A_0.2BP': '0.000060086877533793533918132', 'MAKER_B_0.5BP': '8.5072315296256005937E-8', 'STRESS_1BP': '-0.0000999099369414474827164466'}",8,0.010009008107296566910219200,1,2026-03-30,448936.00000000,366509.00000000
0.0001501576655488262675809600080,13520.50904400,17689.22595440,18210.31556820,18627.18725924,3,3.003604325190228273928710000,0.9991,170,70,0.9988,306,99,18731.405182,"{'ZERO': '0.000300360432519022827392871', 'MAKER_A_0.2BP': '0.000260349218326005926817787', 'MAKER_B_0.5BP': '0.000200335397727510500726465', 'STRESS_1BP': '0.000100320364439326992410891'}",9,0.030036043251902282739287100,3,2026-03-30,366509.00000000,163934.00000000
0.0001501426355037285421150092588,26156.62235000,31684.81023960,32375.83372580,32928.65251476,2,3.003303633997397136850540000,0.9992,47,7,0.9989,1681,177,33066.857212,"{'ZERO': '0.000300330363399739713685054', 'MAKER_A_0.2BP': '0.000260319150409463529620187', 'MAKER_B_0.5BP': '0.000200305331614988977250507', 'STRESS_1BP': '0.000100290301333266413072378'}",10,0.030033036339973971368505400,3,2026-03-30,448936.00000000,933151.00000000
0.00005005255518294208919365333600,29.83895300,386.6107320,785.05149025,3469.30587551,138,1.001101211332465712283510000,0.999,1814,222,0.9989,2042,212,10736.914697,"{'ZERO': '0.000100110121133246571228351', 'MAKER_A_0.2BP': '0.000060106916792488056535796', 'MAKER_B_0.5BP': '1.05110371671325333523E-7', 'STRESS_1BP': '-0.0000998899008887778756412075'}",1,0.010011012113324657122835100,1,2026-03-31,1434201.00000000,1942055.00000000
0.00005005756620113130099614556740,23.55414600,417.31988800,622.22934750,1927.08094684,83,1.001201441730076091309570000,0.9989,2042,212,0.9988,632,99,2696.269719,"{'ZERO': '0.000100120144173007609130957', 'MAKER_A_0.2BP': '0.000060116939431335522268329', 'MAKER_B_0.5BP': '1.15132409178499825509E-7', 'STRESS_1BP': '-0.0000998798798534243491950364'}",2,0.010012014417300760913095700,1,2026-03-31,1942055.00000000,875873.00000000
0.00005004754516790951403833641960,65.75610450,613.79921080,2137.00236835,20517.52363638,68,1.001001001001001001001000000,0.9991,701,93,0.999,1814,222,35668.295066,"{'ZERO': '0.000100100100100100100100100', 'MAKER_A_0.2BP': '0.000060096896160174894600206', 'MAKER_B_0.5BP': '9.5090340578066191786E-8', 'STRESS_1BP': '-0.0000998999199179181180981001'}",3,0.010010010010010010010010000,1,2026-03-31,521313.00000000,1434201.00000000
0.00005004253615573237251663914327,106.74486800,551.47888400,919.12424460,46354.54712932,33,1.000900810729656691021920000,0.9992,428,52,0.9991,701,93,67610.046593,"{'ZERO': '0.000100090081072965669102192', 'MAKER_A_0.2BP': '0.000060086877533793533918132', 'MAKER_B_0.5BP': '8.5072315296256005937E-8', 'STRESS_1BP': '-0.0000999099369414474827164466'}",4,0.010009008107296566910219200,1,2026-03-31,445717.00000000,521313.00000000
0.0001001101211332465712283511863,152.53785050,2141.29745010,3593.73541920,9252.88714931,22,2.002402883460152182619140000,0.999,1814,222,0.9988,632,99,10738.814471,"{'ZERO': '0.000200240288346015218261914', 'MAKER_A_0.2BP': '0.000160233078878670724543058', 'MAKER_B_0.5BP': '0.000100225265068344500275987', 'STRESS_1BP': '2.20242292951321607927E-7'}",5,0.020024028834601521826191400,2,2026-03-31,1434201.00000000,875873.00000000
0.0001000900810729656691021919728,118.76557250,702.72459340,4124.81651220,53475.70639444,20,2.002002002002002002002000000,0.9992,428,52,0.999,1814,222,65813.428865,"{'ZERO': '0.000200200200200200200200200', 'MAKER_A_0.2BP': '0.000160192992336349469206812', 'MAKER_B_0.5BP': '0.000100185180931143633008540', 'STRESS_1BP': '1.80162163963783801800E-7'}",6,0.020020020020020020020020000,2,2026-03-31,445717.00000000,1434201.00000000
0.00005006257822277847309136420526,65.62471450,855.24337250,1863.10450235,2174.38647647,18,1.001301692199859817763090000,0.9988,632,99,0.9987,52,23,2252.20697,"{'ZERO': '0.000100130169219985981776309', 'MAKER_A_0.2BP': '0.000060126964077320035655961', 'MAKER_B_0.5BP': '1.25156453702297362352E-7', 'STRESS_1BP': '-0.0000998698568112548913327352'}",7,0.010013016921998598177630900,1,2026-03-31,875873.00000000,21969.00000000
0.0001001201441730076091309571486,142.92378300,998.56052080,1721.89045415,2558.26259803,14,2.002603384399719635526180000,0.9989,2042,212,0.9987,52,23,2767.355634,"{'ZERO': '0.000200260338439971963552618', 'MAKER_A_0.2BP': '0.000160253128170639751318321', 'MAKER_B_0.5BP': '0.000100245313157392095349673', 'STRESS_1BP': '2.40288377290237332530E-7'}",8,0.020026033843997196355261800,2,2026-03-31,1942055.00000000,21969.00000000
0.00005003752814610958218663997998,154.33371500,3385.42479060,8620.13050580,12807.89507796,9,1.000800640512409927942350000,0.9993,62,9,0.9992,428,52,13854.836221,"{'ZERO': '0.000100080064051240992794235', 'MAKER_A_0.2BP': '0.000060076860912741713140117', 'MAKER_B_0.5BP': '7.5056295223669561118E-8', 'STRESS_1BP': '-0.0000999199519599681344915949'}",9,0.010008006405124099279423500,1,2026-03-31,44623.00000000,445717.00000000
0.0001001001001001001001001001001,2464.86414850,24135.65130150,29759.62206075,34258.79866815,6,2.002202422664931424567020000,0.9991,701,93,0.9989,2042,212,35383.59282,"{'ZERO': '0.000200220242266493142456702', 'MAKER_A_0.2BP': '0.000160213033600975793077992', 'MAKER_B_0.5BP': '0.000100205220993330151292015', 'STRESS_1BP': '2.00200222244268715585E-7'}",10,0.020022024226649314245670200,2,2026-03-31,521313.00000000,1942055.00000000
0.00005002251012955830123555600020,38.02054250,390.26610100,501.13018360,7795.14286855,142,1.000500250125062531265630000,0.9996,1324,173,0.9995,2195,266,15444.676698,"{'ZERO': '0.000100050025012506253126563', 'MAKER_A_0.2BP': '0.000060046823075544492111659', 'MAKER_B_0.5BP': '4.5020260242615683123E-8', 'STRESS_1BP': '-0.0000999499849914958479139580'}",1,0.010005002501250625312656300,1,2026-04-01,591304.00000000,2027883.00000000
0.00005002751513332332783030666867,43.14653300,503.34662840,1026.29036550,2634.29692676,115,1.000600360216129677806680000,0.9995,2195,266,0.9994,1301,206,3257.821719,"{'ZERO': '0.000100060036021612967780668', 'MAKER_A_0.2BP': '0.000060056833684218851144290', 'MAKER_B_0.5BP': '5.5030268298472208669E-8', 'STRESS_1BP': '-0.0000999399759843907544406656'}",2,0.010006003602161296778066800,1,2026-04-01,2027883.00000000,2264203.00000000
0.00005003252113874018111772652224,20.51420800,345.02346680,592.28764560,901.06003022,103,1.000700490343240268187730000,0.9994,1301,206,0.9993,570,140,24090.477717,"{'ZERO': '0.000100070049034324026818773', 'MAKER_A_0.2BP': '0.000060066846296417411989997', 'MAKER_B_0.5BP': '6.5042279758322701297E-8', 'STRESS_1BP': '-0.0000999299649740819973841703'}",3,0.010007004903432402681877300,1,2026-04-01,2264203.00000000,1398038.00000000
0.0001000600360216129677806684010,130.08789300,1285.17867590,2472.45498450,17332.70443649,40,2.001400980686480536375460000,0.9995,2195,266,0.9993,570,140,26336.831156,"{'ZERO': '0.000200140098068648053637546', 'MAKER_A_0.2BP': '0.000160132892608834503986394', 'MAKER_B_0.5BP': '0.000100125084809504146027563', 'STRESS_1BP': '1.20072051636025229660E-7'}",4,0.020014009806864805363754600,2,2026-04-01,2027883.00000000,1398038.00000000
0.00005004754516790951403833641960,96.27332900,500.73827540,837.58846190,1300.60140918,34,1.001001001001001001001000000,0.9991,650,67,0.999,350,38,1383.877851,"{'ZERO': '0.000100100100100100100100100', 'MAKER_A_0.2BP': '0.000060096896160174894600206', 'MAKER_B_0.5BP': '9.5090340578066191786E-8', 'STRESS_1BP': '-0.0000998999199179181180981001'}",5,0.010010010010010010010010000,1,2026-04-01,795767.00000000,208968.00000000
0.00005004253615573237251663914327,80.46747000,422.77791920,724.23629700,8609.07209292,33,1.000900810729656691021920000,0.9992,334,59,0.9991,650,67,12211.725051,"{'ZERO': '0.000100090081072965669102192', 'MAKER_A_0.2BP': '0.000060086877533793533918132', 'MAKER_B_0.5BP': '8.5072315296256005937E-8', 'STRESS_1BP': '-0.0000999099369414474827164466'}",6,0.010009008107296566910219200,1,2026-04-01,260953.00000000,795767.00000000
0.00005001750612714450057520132046,0.14758200,25.04982000,66.84435990,18825.62639966,27,1.000400160064025610244100000,0.9997,489,31,0.9996,1324,173,25412.75014,"{'ZERO': '0.000100040016006402561024410', 'MAKER_A_0.2BP': '0.000060036814469793037112447', 'MAKER_B_0.5BP': '3.5012254989491421787E-8', 'STRESS_1BP': '-0.0000999599919959984793837543'}",7,0.010004001600640256102441000,1,2026-04-01,164362.00000000,591304.00000000
0.00005003752814610958218663997998,27.25707700,175.12096620,517.96685590,16932.98778215,24,1.000800640512409927942350000,0.9993,570,140,0.9992,334,59,21818.44959,"{'ZERO': '0.000100080064051240992794235', 'MAKER_A_0.2BP': '0.000060076860912741713140117', 'MAKER_B_0.5BP': '7.5056295223669561118E-8', 'STRESS_1BP': '-0.0000999199519599681344915949'}",8,0.010008006405124099279423500,1,2026-04-01,1398038.00000000,260953.00000000
0.00005001250312578144536134033508,0.00242200,0.26871270,35.86799805,70.64845321,12,1.000300090027008102430730000,0.9998,64,15,0.9997,489,31,79.343567,"{'ZERO': '0.000100030009002700810243073', 'MAKER_A_0.2BP': '0.000060026807866363428958289', 'MAKER_B_0.5BP': '2.5006251938078298646E-8', 'STRESS_1BP': '-0.0000999699969984996098769637'}",9,0.010003000900270081024307300,1,2026-04-01,74833.00000000,164362.00000000
0.0001000300090027008102430729219,0.04048600,2551.47462570,14021.78416635,23198.03179887,10,2.000800320128051220488200000,0.9998,64,15,0.9996,1324,173,25492.093707,"{'ZERO': '0.000200080032012805122048820', 'MAKER_A_0.2BP': '0.000160072828955585754231294', 'MAKER_B_0.5BP': '0.000100065024759966483468544', 'STRESS_1BP': '6.0018007803061230492E-8'}",10,0.020008003201280512204882000,2,2026-04-01,74833.00000000,591304.00000000
0.00005004754516790951403833641960,11.14068400,222.59847950,359.96316025,2764.27898300,176,1.001001001001001001001000000,0.9991,3272,336,0.999,3403,280,8808.542188,"{'ZERO': '0.000100100100100100100100100', 'MAKER_A_0.2BP': '0.000060096896160174894600206', 'MAKER_B_0.5BP': '9.5090340578066191786E-8', 'STRESS_1BP': '-0.0000998999199179181180981001'}",1,0.010010010010010010010010000,1,2026-04-02,2301500.00000000,3214812.00000000
0.00005004253615573237251663914327,44.30693150,397.4151080,632.64674000,2683.75387940,150,1.000900810729656691021920000,0.9992,632,188,0.9991,3272,336,41169.812567,"{'ZERO': '0.000100090081072965669102192', 'MAKER_A_0.2BP': '0.000060086877533793533918132', 'MAKER_B_0.5BP': '8.5072315296256005937E-8', 'STRESS_1BP': '-0.0000999099369414474827164466'}",2,0.010009008107296566910219200,1,2026-04-02,459876.00000000,2301500.00000000
0.00005005255518294208919365333600,11.44434550,255.23837100,426.81561025,1091.35824970,96,1.001101211332465712283510000,0.999,3403,280,0.9989,429,111,3689.321306,"{'ZERO': '0.000100110121133246571228351', 'MAKER_A_0.2BP': '0.000060106916792488056535796', 'MAKER_B_0.5BP': '1.05110371671325333523E-7', 'STRESS_1BP': '-0.0000998899008887778756412075'}",3,0.010011012113324657122835100,1,2026-04-02,3214812.00000000,226336.00000000
0.00005003252113874018111772652224,26.54583850,252.16660270,298.54872355,339.78935821,38,1.000700490343240268187730000,0.9994,468,62,0.9993,547,60,348.150384,"{'ZERO': '0.000100070049034324026818773', 'MAKER_A_0.2BP': '0.000060066846296417411989997', 'MAKER_B_0.5BP': '6.5042279758322701297E-8', 'STRESS_1BP': '-0.0000999299649740819973841703'}",4,0.010007004903432402681877300,1,2026-04-02,826126.00000000,309903.00000000
0.0001001001001001001001001001001,186.95310100,1946.44733800,3570.76899440,7639.99837788,23,2.002202422664931424567020000,0.9991,3272,336,0.9989,429,111,8742.580099,"{'ZERO': '0.000200220242266493142456702', 'MAKER_A_0.2BP': '0.000160213033600975793077992', 'MAKER_B_0.5BP': '0.000100205220993330151292015', 'STRESS_1BP': '2.00200222244268715585E-7'}",5,0.020022024226649314245670200,2,2026-04-02,2301500.00000000,226336.00000000
0.0001000900810729656691021919728,29.45756600,1985.12196620,5294.26480570,33977.67519074,20,2.002002002002002002002000000,0.9992,632,188,0.999,3403,280,41148.527787,"{'ZERO': '0.000200200200200200200200200', 'MAKER_A_0.2BP': '0.000160192992336349469206812', 'MAKER_B_0.5BP': '0.000100185180931143633008540', 'STRESS_1BP': '1.80162163963783801800E-7'}",6,0.020020020020020020020020000,2,2026-04-02,459876.00000000,3214812.00000000
0.00005003752814610958218663997998,6.77750300,2317.73387920,13378.02883570,49696.21592794,19,1.000800640512409927942350000,0.9993,547,60,0.9992,632,188,58775.762701,"{'ZERO': '0.000100080064051240992794235', 'MAKER_A_0.2BP': '0.000060076860912741713140117', 'MAKER_B_0.5BP': '7.5056295223669561118E-8', 'STRESS_1BP': '-0.0000999199519599681344915949'}",7,0.010008006405124099279423500,1,2026-04-02,309903.00000000,459876.00000000
0.0001000700490343240268187731412,39.99826800,140.85220480,158.12906900,176.96518420,17,2.001601281024819855884710000,0.9994,468,62,0.9992,632,188,181.674213,"{'ZERO': '0.000200160128102481985588471', 'MAKER_A_0.2BP': '0.000160152921841483106286633', 'MAKER_B_0.5BP': '0.000100145112840434839747204', 'STRESS_1BP': '1.40098079863751014810E-7'}",8,0.020016012810248198558847100,2,2026-04-02,826126.00000000,459876.00000000
0.00005002751513332332783030666867,41.40025950,882.94695370,1478.05817495,2030.15426939,12,1.000600360216129677806680000,0.9995,36,15,0.9994,468,62,2168.178293,"{'ZERO': '0.000100060036021612967780668', 'MAKER_A_0.2BP': '0.000060056833684218851144290', 'MAKER_B_0.5BP': '5.5030268298472208669E-8', 'STRESS_1BP': '-0.0000999399759843907544406656'}",9,0.010006003602161296778066800,1,2026-04-02,13974.00000000,826126.00000000
0.0001001101211332465712283511863,104.69634700,259.81843680,279.63016840,295.47955368,9,2.002402883460152182619140000,0.999,3403,280,0.9988,33,13,299.4419,"{'ZERO': '0.000200240288346015218261914', 'MAKER_A_0.2BP': '0.000160233078878670724543058', 'MAKER_B_0.5BP': '0.000100225265068344500275987', 'STRESS_1BP': '2.20242292951321607927E-7'}",10,0.020024028834601521826191400,2,2026-04-02,3214812.00000000,15304.00000000
0.00005004253615573237251663914327,53.00992400,506.65518340,938.76178180,1720.36841168,213,1.000900810729656691021920000,0.9992,1335,277,0.9991,1562,260,5390.702559,"{'ZERO': '0.000100090081072965669102192', 'MAKER_A_0.2BP': '0.000060086877533793533918132', 'MAKER_B_0.5BP': '8.5072315296256005937E-8', 'STRESS_1BP': '-0.0000999099369414474827164466'}",1,0.010009008107296566910219200,1,2026-04-03,1379891.00000000,1521976.00000000
0.00005003752814610958218663997998,56.99717700,863.82962700,1214.26968960,19594.57957944,49,1.000800640512409927942350000,0.9993,208,60,0.9992,1335,277,32143.959186,"{'ZERO': '0.000100080064051240992794235', 'MAKER_A_0.2BP': '0.000060076860912741713140117', 'MAKER_B_0.5BP': '7.5056295223669561118E-8', 'STRESS_1BP': '-0.0000999199519599681344915949'}",2,0.010008006405124099279423500,1,2026-04-03,110309.00000000,1379891.00000000
0.00005004754516790951403833641960,41.23498100,499.32413260,1264.57856830,3983.97173998,43,1.001001001001001001001000000,0.9991,1562,260,0.999,271,62,5250.321355,"{'ZERO': '0.000100100100100100100100100', 'MAKER_A_0.2BP': '0.000060096896160174894600206', 'MAKER_B_0.5BP': '9.5090340578066191786E-8', 'STRESS_1BP': '-0.0000998999199179181180981001'}",3,0.010010010010010010010010000,1,2026-04-03,1521976.00000000,94419.00000000
0.0001000900810729656691021919728,223.30610200,844.89387620,1052.70179300,3211.05586932,33,2.002002002002002002002000000,0.9992,1335,277,0.999,271,62,4170.223357,"{'ZERO': '0.000200200200200200200200200', 'MAKER_A_0.2BP': '0.000160192992336349469206812', 'MAKER_B_0.5BP': '0.000100185180931143633008540', 'STRESS_1BP': '1.80162163963783801800E-7'}",4,0.020020020020020020020020000,2,2026-04-03,1379891.00000000,94419.00000000
0.0001000800640512409927942353883,56.99783050,3924.55217650,12937.63173225,28648.25922885,16,2.001801621459313382043840000,0.9993,208,60,0.9991,1562,260,32575.916103,"{'ZERO': '0.000200180162145931338204384', 'MAKER_A_0.2BP': '0.000160172955083586747842663', 'MAKER_B_0.5BP': '0.000100165144880580012636842', 'STRESS_1BP': '1.60128116905054565107E-7'}",5,0.020018016214593133820438400,2,2026-04-03,110309.00000000,1521976.00000000
0.0001501276084671971175499174298,27642.49368600,27642.49368600,27642.49368600,27642.49368600,1,3.003003003003003003003000000,0.9993,208,60,0.999,271,62,27642.493686,"{'ZERO': '0.000300300300300300300300300', 'MAKER_A_0.2BP': '0.000260289088512524043813418', 'MAKER_B_0.5BP': '0.000200275271521709199825294', 'STRESS_1BP': '0.000100260244245845685701700'}",6,0.030030030030030030030030000,3,2026-04-03,110309.00000000,94419.00000000
0.00005004253615573237251663914327,55.00416000,934.58577950,1531.08436925,2058.69783440,134,1.000900810729656691021920000,0.9992,867,173,0.9991,1019,159,2460.045717,"{'ZERO': '0.000100090081072965669102192', 'MAKER_A_0.2BP': '0.000060086877533793533918132', 'MAKER_B_0.5BP': '8.5072315296256005937E-8', 'STRESS_1BP': '-0.0000999099369414474827164466'}",1,0.010009008107296566910219200,1,2026-04-04,824528.00000000,512921.00000000
0.00005003252113874018111772652224,5.98754900,643.99273780,1137.45807380,3494.25254836,117,1.000700490343240268187730000,0.9994,951,125,0.9993,878,157,50760.21398,"{'ZERO': '0.000100070049034324026818773', 'MAKER_A_0.2BP': '0.000060066846296417411989997', 'MAKER_B_0.5BP': '6.5042279758322701297E-8', 'STRESS_1BP': '-0.0000999299649740819973841703'}",2,0.010007004903432402681877300,1,2026-04-04,561144.00000000,640914.00000000
0.00005003752814610958218663997998,27.65602700,383.64358280,1288.01764955,29583.46456295,40,1.000800640512409927942350000,0.9993,878,157,0.9992,867,173,46204.954433,"{'ZERO': '0.000100080064051240992794235', 'MAKER_A_0.2BP': '0.000060076860912741713140117', 'MAKER_B_0.5BP': '7.5056295223669561118E-8', 'STRESS_1BP': '-0.0000999199519599681344915949'}",3,0.010008006405124099279423500,1,2026-04-04,640914.00000000,824528.00000000
0.00005004754516790951403833641960,10.04998100,62.08867580,71.34716540,75.27370544,25,1.001001001001001001001000000,0.9991,1019,159,0.999,28,25,75.796796,"{'ZERO': '0.000100100100100100100100100', 'MAKER_A_0.2BP': '0.000060096896160174894600206', 'MAKER_B_0.5BP': '9.5090340578066191786E-8', 'STRESS_1BP': '-0.0000998999199179181180981001'}",4,0.010010010010010010010010000,1,2026-04-04,512921.00000000,8222.00000000
0.00005002751513332332783030666867,644.97334200,4134.69303810,6373.75680105,8165.00781141,8,1.000600360216129677806680000,0.9995,21,8,0.9994,951,125,8612.820564,"{'ZERO': '0.000100060036021612967780668', 'MAKER_A_0.2BP': '0.000060056833684218851144290', 'MAKER_B_0.5BP': '5.5030268298472208669E-8', 'STRESS_1BP': '-0.0000999399759843907544406656'}",5,0.010006003602161296778066800,1,2026-04-04,23075.00000000,561144.00000000
0.0001000900810729656691021919728,911.70830600,1244.90311220,1344.67493810,1424.49239882,7,2.002002002002002002002000000,0.9992,867,173,0.999,28,25,1444.446764,"{'ZERO': '0.000200200200200200200200200', 'MAKER_A_0.2BP': '0.000160192992336349469206812', 'MAKER_B_0.5BP': '0.000100185180931143633008540', 'STRESS_1BP': '1.80162163963783801800E-7'}",6,0.020020020020020020020020000,2,2026-04-04,824528.00000000,8222.00000000
0.0001000700490343240268187731412,1900.45052000,33842.80967360,44094.38664580,52295.64822356,5,2.001601281024819855884710000,0.9994,951,125,0.9992,867,173,54345.963618,"{'ZERO': '0.000200160128102481985588471', 'MAKER_A_0.2BP': '0.000160152921841483106286633', 'MAKER_B_0.5BP': '0.000100145112840434839747204', 'STRESS_1BP': '1.40098079863751014810E-7'}",7,0.020016012810248198558847100,2,2026-04-04,561144.00000000,824528.00000000
0.0001000600360216129677806684010,511.03378500,35038.93910620,44007.32430660,51182.03246692,5,2.001400980686480536375460000,0.9995,21,8,0.9993,878,157,52975.709507,"{'ZERO': '0.000200140098068648053637546', 'MAKER_A_0.2BP': '0.000160132892608834503986394', 'MAKER_B_0.5BP': '0.000100125084809504146027563', 'STRESS_1BP': '1.20072051636025229660E-7'}",8,0.020014009806864805363754600,2,2026-04-04,23075.00000000,640914.00000000
0.0001500975634162205433531795667,32340.22430700,51717.21217740,54139.33566120,56077.03444824,2,3.002401921537229783827060000,0.9995,21,8,0.9992,867,173,56561.459145,"{'ZERO': '0.000300240192153722978382706', 'MAKER_A_0.2BP': '0.000260228982770224499433150', 'MAKER_B_0.5BP': '0.000200215169385646009933290', 'STRESS_1BP': '0.000100200148119695636521216'}",9,0.030024019215372297838270600,3,2026-04-04,23075.00000000,824528.00000000
0.0001000800640512409927942353883,25138.80833850,41724.99904690,43798.27288545,45456.89195629,2,2.001801621459313382043840000,0.9993,878,157,0.9991,1019,159,45871.546724,"{'ZERO': '0.000200180162145931338204384', 'MAKER_A_0.2BP': '0.000160172955083586747842663', 'MAKER_B_0.5BP': '0.000100165144880580012636842', 'STRESS_1BP': '1.60128116905054565107E-7'}",10,0.020018016214593133820438400,2,2026-04-04,640914.00000000,512921.00000000
0.00005004754516790951403833641960,22.39049000,336.66977120,659.2010940,1864.91429976,133,1.001001001001001001001000000,0.9991,1852,260,0.999,532,146,7288.118349,"{'ZERO': '0.000100100100100100100100100', 'MAKER_A_0.2BP': '0.000060096896160174894600206', 'MAKER_B_0.5BP': '9.5090340578066191786E-8', 'STRESS_1BP': '-0.0000998999199179181180981001'}",1,0.010010010010010010010010000,1,2026-04-05,1674841.00000000,256554.00000000
0.00005004253615573237251663914327,6.71795300,451.44664680,810.59310920,2064.24105820,133,1.000900810729656691021920000,0.9992,552,220,0.9991,1852,260,21142.646428,"{'ZERO': '0.000100090081072965669102192', 'MAKER_A_0.2BP': '0.000060086877533793533918132', 'MAKER_B_0.5BP': '8.5072315296256005937E-8', 'STRESS_1BP': '-0.0000999099369414474827164466'}",2,0.010009008107296566910219200,1,2026-04-05,602967.00000000,1674841.00000000
0.00005003752814610958218663997998,3.18059600,56.3898120,92.49193380,15197.29686806,75,1.000800640512409927942350000,0.9993,1435,97,0.9992,552,220,57410.071454,"{'ZERO': '0.000100080064051240992794235', 'MAKER_A_0.2BP': '0.000060076860912741713140117', 'MAKER_B_0.5BP': '7.5056295223669561118E-8', 'STRESS_1BP': '-0.0000999199519599681344915949'}",3,0.010008006405124099279423500,1,2026-04-05,1109061.00000000,602967.00000000
0.0001000900810729656691021919728,279.12627300,1266.66184660,1458.45483740,15523.59884220,29,2.002002002002002002002000000,0.9992,552,220,0.999,532,146,20966.501625,"{'ZERO': '0.000200200200200200200200200', 'MAKER_A_0.2BP': '0.000160192992336349469206812', 'MAKER_B_0.5BP': '0.000100185180931143633008540', 'STRESS_1BP': '1.80162163963783801800E-7'}",4,0.020020020020020020020020000,2,2026-04-05,602967.00000000,256554.00000000
0.00005003252113874018111772652224,438.92966400,3286.91973500,3955.08207900,47140.67689020,25,1.000700490343240268187730000,0.9994,214,43,0.9993,1435,97,60740.278695,"{'ZERO': '0.000100070049034324026818773', 'MAKER_A_0.2BP': '0.000060066846296417411989997', 'MAKER_B_0.5BP': '6.5042279758322701297E-8', 'STRESS_1BP': '-0.0000999299649740819973841703'}",5,0.010007004903432402681877300,1,2026-04-05,290552.00000000,1109061.00000000
0.00005002251012955830123555600020,40.19332200,268.68008400,389.56230560,715.62756512,19,1.000500250125062531265630000,0.9996,45,19,0.9995,225,34,797.14388,"{'ZERO': '0.000100050025012506253126563', 'MAKER_A_0.2BP': '0.000060046823075544492111659', 'MAKER_B_0.5BP': '4.5020260242615683123E-8', 'STRESS_1BP': '-0.0000999499849914958479139580'}",6,0.010005002501250625312656300,1,2026-04-05,19509.00000000,478801.00000000
0.00005002751513332332783030666867,18.44969800,67.93367410,12452.97064940,68557.63468508,18,1.000600360216129677806680000,0.9995,225,34,0.9994,214,43,82583.800694,"{'ZERO': '0.000100060036021612967780668', 'MAKER_A_0.2BP': '0.000060056833684218851144290', 'MAKER_B_0.5BP': '5.5030268298472208669E-8', 'STRESS_1BP': '-0.0000999399759843907544406656'}",7,0.010006003602161296778066800,1,2026-04-05,478801.00000000,290552.00000000
0.0001000700490343240268187731412,834.53534400,4012.59137400,32376.62193250,55067.84637930,11,2.001601281024819855884710000,0.9994,214,43,0.9992,552,220,60740.652491,"{'ZERO': '0.000200160128102481985588471', 'MAKER_A_0.2BP': '0.000160152921841483106286633', 'MAKER_B_0.5BP': '0.000100145112840434839747204', 'STRESS_1BP': '1.40098079863751014810E-7'}",8,0.020016012810248198558847100,2,2026-04-05,290552.00000000,602967.00000000
0.0001000500250125062531265632816,351.57834000,58176.20373380,70504.89283340,80367.84411308,4,2.001200720432259355613370000,0.9996,45,19,0.9994,214,43,82833.581933,"{'ZERO': '0.000200120072043225935561337', 'MAKER_A_0.2BP': '0.000160112867384437382294980', 'MAKER_B_0.5BP': '0.000100105060786584445042307', 'STRESS_1BP': '1.00050031018511116669E-7'}",9,0.020012007204322593556133700,2,2026-04-05,19509.00000000,290552.00000000
0.0001000800640512409927942353883,28687.64807200,51557.08159280,54415.76078290,56702.70413498,2,2.001801621459313382043840000,0.9993,1435,97,0.9991,1852,260,57274.439973,"{'ZERO': '0.000200180162145931338204384', 'MAKER_A_0.2BP': '0.000160172955083586747842663', 'MAKER_B_0.5BP': '0.000100165144880580012636842', 'STRESS_1BP': '1.60128116905054565107E-7'}",10,0.020018016214593133820438400,2,2026-04-05,1109061.00000000,1674841.00000000
0.00005001250312578144536134033508,35.1898100,335.59174140,595.21752820,1660.83358582,175,1.000300090027008102430730000,0.9998,2592,243,0.9997,2575,271,14461.706148,"{'ZERO': '0.000100030009002700810243073', 'MAKER_A_0.2BP': '0.000060026807866363428958289', 'MAKER_B_0.5BP': '2.5006251938078298646E-8', 'STRESS_1BP': '-0.0000999699969984996098769637'}",1,0.010003000900270081024307300,1,2026-04-06,3711992.00000000,2465172.00000000
0.00005001750612714450057520132046,34.61250000,115.60640980,209.13386630,13314.54858684,103,1.000400160064025610244100000,0.9997,2575,271,0.9996,1561,210,18945.442569,"{'ZERO': '0.000100040016006402561024410', 'MAKER_A_0.2BP': '0.000060036814469793037112447', 'MAKER_B_0.5BP': '3.5012254989491421787E-8', 'STRESS_1BP': '-0.0000999599919959984793837543'}",2,0.010004001600640256102441000,1,2026-04-06,2465172.00000000,1336861.00000000
0.00005002251012955830123555600020,52.08185150,252.68051020,409.97881465,750.90488422,100,1.000500250125062531265630000,0.9996,1561,210,0.9995,1474,150,15423.557593,"{'ZERO': '0.000100050025012506253126563', 'MAKER_A_0.2BP': '0.000060046823075544492111659', 'MAKER_B_0.5BP': '4.5020260242615683123E-8', 'STRESS_1BP': '-0.0000999499849914958479139580'}",3,0.010005002501250625312656300,1,2026-04-06,1336861.00000000,1602732.00000000
0.00005000750112516877531629744462,189.76280000,1345.57983260,3228.50882440,6948.24486432,65,1.000200040008001600320060000,0.9999,162,65,0.9998,2592,243,7263.614728,"{'ZERO': '0.000100020004000800160032006', 'MAKER_A_0.2BP': '0.000060016803264654850931787', 'MAKER_B_0.5BP': '1.5002250487595644223E-8', 'STRESS_1BP': '-0.0000999799999995999599879980'}",4,0.010002000400080016003200600,1,2026-04-06,138433.00000000,3711992.00000000
0.00005002751513332332783030666867,39.52963550,209.25078610,354.58357635,4568.32179122,50,1.000600360216129677806680000,0.9995,1474,150,0.9994,515,89,8353.740607,"{'ZERO': '0.000100060036021612967780668', 'MAKER_A_0.2BP': '0.000060056833684218851144290', 'MAKER_B_0.5BP': '5.5030268298472208669E-8', 'STRESS_1BP': '-0.0000999399759843907544406656'}",5,0.010006003602161296778066800,1,2026-04-06,1602732.00000000,606965.00000000
0.00005003252113874018111772652224,99.88109000,232.93330840,312.34357355,511.75632417,38,1.000700490343240268187730000,0.9994,515,89,0.9993,202,38,558.179469,"{'ZERO': '0.000100070049034324026818773', 'MAKER_A_0.2BP': '0.000060066846296417411989997', 'MAKER_B_0.5BP': '6.5042279758322701297E-8', 'STRESS_1BP': '-0.0000999299649740819973841703'}",6,0.010007004903432402681877300,1,2026-04-06,606965.00000000,177294.00000000
0.0001000300090027008102430729219,145.50941100,1076.58351000,2738.83125450,26699.54388054,23,2.000800320128051220488200000,0.9998,2592,243,0.9996,1561,210,33407.148717,"{'ZERO': '0.000200080032012805122048820', 'MAKER_A_0.2BP': '0.000160072828955585754231294', 'MAKER_B_0.5BP': '0.000100065024759966483468544', 'STRESS_1BP': '6.0018007803061230492E-8'}",7,0.020008003201280512204882000,2,2026-04-06,3711992.00000000,1336861.00000000
0.0001000200040008001600320064013,1129.13693400,6943.89300860,8771.94149020,13660.06729244,17,2.000600180054016204861460000,0.9999,162,65,0.9997,2575,271,14882.098743,"{'ZERO': '0.000200060018005401620486146', 'MAKER_A_0.2BP': '0.000160052815748726537922978', 'MAKER_B_0.5BP': '0.000100045012753863657222260', 'STRESS_1BP': '4.0008002800800244073E-8'}",8,0.020006001800540162048614600,2,2026-04-06,138433.00000000,2465172.00000000
0.0001000500250125062531265632816,150.90316500,2003.51514060,8664.82758630,13993.87754286,10,2.001200720432259355613370000,0.9996,1561,210,0.9994,515,89,15326.140032,"{'ZERO': '0.000200120072043225935561337', 'MAKER_A_0.2BP': '0.000160112867384437382294980', 'MAKER_B_0.5BP': '0.000100105060786584445042307', 'STRESS_1BP': '1.00050031018511116669E-7'}",9,0.020012007204322593556133700,2,2026-04-06,1336861.00000000,606965.00000000
0.0001500375093773443360840210053,6138.58151600,28289.74935280,31058.64533240,33273.76211608,3,3.001200480192076830732290000,0.9999,162,65,0.9996,1561,210,33827.541312,"{'ZERO': '0.000300120048019207683073229', 'MAKER_A_0.2BP': '0.000260108843441378471350141', 'MAKER_B_0.5BP': '0.000200095037264943475515300', 'STRESS_1BP': '0.000100080028011604601844737'}",10,0.030012004801920768307322900,3,2026-04-06,138433.00000000,1336861.00000000
0.00005004253615573237251663914327,21.19003250,161.91649050,273.42224885,690.76071283,180,1.000900810729656691021920000,0.9992,2723,333,0.9991,1461,228,11403.884689,"{'ZERO': '0.000100090081072965669102192', 'MAKER_A_0.2BP': '0.000060086877533793533918132', 'MAKER_B_0.5BP': '8.5072315296256005937E-8', 'STRESS_1BP': '-0.0000999099369414474827164466'}",1,0.010009008107296566910219200,1,2026-04-07,2650951.00000000,1673863.00000000
0.00005003752814610958218663997998,18.82715400,261.19530440,401.18136880,640.35409782,155,1.000800640512409927942350000,0.9993,1692,232,0.9992,2723,333,31708.289329,"{'ZERO': '0.000100080064051240992794235', 'MAKER_A_0.2BP': '0.000060076860912741713140117', 'MAKER_B_0.5BP': '7.5056295223669561118E-8', 'STRESS_1BP': '-0.0000999199519599681344915949'}",2,0.010008006405124099279423500,1,2026-04-07,2189200.00000000,2650951.00000000
0.00005003252113874018111772652224,28.46540850,556.61350260,2563.62060310,15759.43006180,72,1.000700490343240268187730000,0.9994,1062,127,0.9993,1692,232,40739.908835,"{'ZERO': '0.000100070049034324026818773', 'MAKER_A_0.2BP': '0.000060066846296417411989997', 'MAKER_B_0.5BP': '6.5042279758322701297E-8', 'STRESS_1BP': '-0.0000999299649740819973841703'}",3,0.010007004903432402681877300,1,2026-04-07,1104803.00000000,2189200.00000000
0.00005002751513332332783030666867,34.45800950,340.85762050,737.15039350,34893.25277527,58,1.000600360216129677806680000,0.9995,284,73,0.9994,1062,127,46815.046615,"{'ZERO': '0.000100060036021612967780668', 'MAKER_A_0.2BP': '0.000060056833684218851144290', 'MAKER_B_0.5BP': '5.5030268298472208669E-8', 'STRESS_1BP': '-0.0000999399759843907544406656'}",4,0.010006003602161296778066800,1,2026-04-07,529838.00000000,1104803.00000000
0.00005000750112516877531629744462,3.87394700,61.85130920,130.12829620,370.59672778,55,1.000200040008001600320060000,0.9999,647,75,0.9998,601,68,493.65943,"{'ZERO': '0.000100020004000800160032006', 'MAKER_A_0.2BP': '0.000060016803264654850931787', 'MAKER_B_0.5BP': '1.5002250487595644223E-8', 'STRESS_1BP': '-0.0000999799999995999599879980'}",5,0.010002000400080016003200600,1,2026-04-07,577824.00000000,1157936.00000000
0.00005004754516790951403833641960,12.81413100,327.58646000,1797.80819520,2517.80017440,45,1.001001001001001001001000000,0.9991,1461,228,0.999,1485,83,2621.354236,"{'ZERO': '0.000100100100100100100100100', 'MAKER_A_0.2BP': '0.000060096896160174894600206', 'MAKER_B_0.5BP': '9.5090340578066191786E-8', 'STRESS_1BP': '-0.0000998999199179181180981001'}",6,0.010010010010010010010010000,1,2026-04-07,1673863.00000000,2421793.00000000
0.00005005255518294208919365333600,6.76251800,23.85026560,37.89673505,46.88632244,38,1.001101211332465712283510000,0.999,1485,83,0.9989,67,39,50.968232,"{'ZERO': '0.000100110121133246571228351', 'MAKER_A_0.2BP': '0.000060106916792488056535796', 'MAKER_B_0.5BP': '1.05110371671325333523E-7', 'STRESS_1BP': '-0.0000998899008887778756412075'}",7,0.010011012113324657122835100,1,2026-04-07,2421793.00000000,26077.00000000
0.00005001750612714450057520132046,5.07674250,75.83400590,79.21387305,90.95751898,32,1.000400160064025610244100000,0.9997,403,46,0.9996,217,42,95.292789,"{'ZERO': '0.000100040016006402561024410', 'MAKER_A_0.2BP': '0.000060036814469793037112447', 'MAKER_B_0.5BP': '3.5012254989491421787E-8', 'STRESS_1BP': '-0.0000999599919959984793837543'}",8,0.010004001600640256102441000,1,2026-04-07,97062.00000000,143969.00000000
0.00005000250012500625031251562578,5.24997800,62.60811650,142.60021115,1100.60213183,20,1.000100010001000100010000000,1,462,24,0.9999,647,75,1340.102612,"{'ZERO': '0.000100010001000100010001000', 'MAKER_A_0.2BP': '0.000060006800664066726666267', 'MAKER_B_0.5BP': '5.000250037503125344E-9', 'STRESS_1BP': '-0.0000999900009999000099990001'}",9,0.010001000100010001000100000,1,2026-04-07,237806.00000000,577824.00000000
0.0001000800640512409927942353883,11.89016700,252.65681380,3865.64229340,26139.75853948,19,2.001801621459313382043840000,0.9993,1692,232,0.9991,1461,228,31708.287601,"{'ZERO': '0.000200180162145931338204384', 'MAKER_A_0.2BP': '0.000160172955083586747842663', 'MAKER_B_0.5BP': '0.000100165144880580012636842', 'STRESS_1BP': '1.60128116905054565107E-7'}",10,0.020018016214593133820438400,2,2026-04-07,2189200.00000000,1673863.00000000
0.00005002251012955830123555600020,75.33977300,493.77579960,870.13329340,8001.04918352,133,1.000500250125062531265630000,0.9996,2628,166,0.9995,3009,239,11498.73429,"{'ZERO': '0.000100050025012506253126563', 'MAKER_A_0.2BP': '0.000060046823075544492111659', 'MAKER_B_0.5BP': '4.5020260242615683123E-8', 'STRESS_1BP': '-0.0000999499849914958479139580'}",1,0.010005002501250625312656300,1,2026-04-08,3794306.00000000,5227943.00000000
0.00005002751513332332783030666867,63.68695700,339.48097950,613.63347200,872.00866465,106,1.000600360216129677806680000,0.9995,3009,239,0.9994,1111,145,8394.937862,"{'ZERO': '0.000100060036021612967780668', 'MAKER_A_0.2BP': '0.000060056833684218851144290', 'MAKER_B_0.5BP': '5.5030268298472208669E-8', 'STRESS_1BP': '-0.0000999399759843907544406656'}",2,0.010006003602161296778066800,1,2026-04-08,5227943.00000000,1736513.00000000
0.00005003252113874018111772652224,27.79832850,360.72527760,542.03284085,681.97993014,40,1.000700490343240268187730000,0.9994,1111,145,0.9993,419,40,709.132617,"{'ZERO': '0.000100070049034324026818773', 'MAKER_A_0.2BP': '0.000060066846296417411989997', 'MAKER_B_0.5BP': '6.5042279758322701297E-8', 'STRESS_1BP': '-0.0000999299649740819973841703'}",3,0.010007004903432402681877300,1,2026-04-08,1736513.00000000,392668.00000000
0.00005001750612714450057520132046,83.79121150,3728.38631650,8389.88369730,24687.34665631,34,1.000400160064025610244100000,0.9997,453,56,0.9996,2628,166,30317.601064,"{'ZERO': '0.000100040016006402561024410', 'MAKER_A_0.2BP': '0.000060036814469793037112447', 'MAKER_B_0.5BP': '3.5012254989491421787E-8', 'STRESS_1BP': '-0.0000999599919959984793837543'}",4,0.010004001600640256102441000,1,2026-04-08,553718.00000000,3794306.00000000
0.00005001250312578144536134033508,94.95891200,1014.61280200,11069.22042900,14123.37579220,21,1.000300090027008102430730000,0.9998,610,39,0.9997,453,56,14886.914633,"{'ZERO': '0.000100030009002700810243073', 'MAKER_A_0.2BP': '0.000060026807866363428958289', 'MAKER_B_0.5BP': '2.5006251938078298646E-8', 'STRESS_1BP': '-0.0000999699969984996098769637'}",5,0.010003000900270081024307300,1,2026-04-08,899714.00000000,553718.00000000
0.00005000750112516877531629744462,95.09632600,597.95071700,697.16406370,879.57176314,19,1.000200040008001600320060000,0.9999,69,21,0.9998,610,39,925.173688,"{'ZERO': '0.000100020004000800160032006', 'MAKER_A_0.2BP': '0.000060016803264654850931787', 'MAKER_B_0.5BP': '1.5002250487595644223E-8', 'STRESS_1BP': '-0.0000999799999995999599879980'}",6,0.010002000400080016003200600,1,2026-04-08,85978.00000000,899714.00000000
0.0001000500250125062531265632816,2735.06715800,10097.65170090,11196.69045045,12075.92145009,8,2.001200720432259355613370000,0.9996,2628,166,0.9994,1111,145,12295.7292,"{'ZERO': '0.000200120072043225935561337', 'MAKER_A_0.2BP': '0.000160112867384437382294980', 'MAKER_B_0.5BP': '0.000100105060786584445042307', 'STRESS_1BP': '1.00050031018511116669E-7'}",7,0.020012007204322593556133700,2,2026-04-08,3794306.00000000,1736513.00000000
0.0001000400160064025610244097639,4938.60411100,19978.57984380,25129.93406940,29251.01744988,7,2.001000500250125062531270000,0.9997,453,56,0.9995,3009,239,30281.288295,"{'ZERO': '0.000200100050025012506253127', 'MAKER_A_0.2BP': '0.000160092846167088664229717', 'MAKER_B_0.5BP': '0.000100085040770472731991214', 'STRESS_1BP': '8.0032016808324170084E-8'}",8,0.020010005002501250625312700,2,2026-04-08,553718.00000000,5227943.00000000
0.0001000200040008001600320064013,149.17923100,7175.9714220,9412.3364160,11201.4284112,5,2.000600180054016204861460000,0.9999,69,21,0.9997,453,56,11648.70141,"{'ZERO': '0.000200060018005401620486146', 'MAKER_A_0.2BP': '0.000160052815748726537922978', 'MAKER_B_0.5BP': '0.000100045012753863657222260', 'STRESS_1BP': '4.0008002800800244073E-8'}",9,0.020006001800540162048614600,2,2026-04-08,85978.00000000,553718.00000000
0.0001000600360216129677806684010,437.94440550,6067.82250800,7198.39959350,8102.86126190,4,2.001400980686480536375460000,0.9995,3009,239,0.9993,419,40,8328.976679,"{'ZERO': '0.000200140098068648053637546', 'MAKER_A_0.2BP': '0.000160132892608834503986394', 'MAKER_B_0.5BP': '0.000100125084809504146027563', 'STRESS_1BP': '1.20072051636025229660E-7'}",10,0.020014009806864805363754600,2,2026-04-08,5227943.00000000,392668.00000000
0.00005001750612714450057520132046,50.01261200,397.81308900,549.50279550,17577.00166360,71,1.000400160064025610244100000,0.9997,2702,91,0.9996,1434,92,56860.597674,"{'ZERO': '0.000100040016006402561024410', 'MAKER_A_0.2BP': '0.000060036814469793037112447', 'MAKER_B_0.5BP': '3.5012254989491421787E-8', 'STRESS_1BP': '-0.0000999599919959984793837543'}",1,0.010004001600640256102441000,1,2026-04-09,2883348.00000000,1823349.00000000
0.00005003252113874018111772652224,57.98741200,278.32202720,345.16124400,525.77827648,69,1.000700490343240268187730000,0.9994,1819,130,0.9993,363,70,549.415698,"{'ZERO': '0.000100070049034324026818773', 'MAKER_A_0.2BP': '0.000060066846296417411989997', 'MAKER_B_0.5BP': '6.5042279758322701297E-8', 'STRESS_1BP': '-0.0000999299649740819973841703'}",2,0.010007004903432402681877300,1,2026-04-09,3524095.00000000,236213.00000000
0.00005002751513332332783030666867,117.26935300,571.21435820,891.58698610,13336.19528116,63,1.000600360216129677806680000,0.9995,532,84,0.9994,1819,130,23046.560684,"{'ZERO': '0.000100060036021612967780668', 'MAKER_A_0.2BP': '0.000060056833684218851144290', 'MAKER_B_0.5BP': '5.5030268298472208669E-8', 'STRESS_1BP': '-0.0000999399759843907544406656'}",3,0.010006003602161296778066800,1,2026-04-09,1305340.00000000,3524095.00000000
0.00005000750112516877531629744462,34.07041500,814.27613000,1907.82234700,10976.86497990,31,1.000200040008001600320060000,0.9999,510,48,0.9998,1025,51,14397.575874,"{'ZERO': '0.000100020004000800160032006', 'MAKER_A_0.2BP': '0.000060016803264654850931787', 'MAKER_B_0.5BP': '1.5002250487595644223E-8', 'STRESS_1BP': '-0.0000999799999995999599879980'}",4,0.010002000400080016003200600,1,2026-04-09,453892.00000000,1007118.00000000
0.00005002251012955830123555600020,119.10371900,491.04740800,718.20494600,41770.67086280,21,1.000500250125062531265630000,0.9996,1434,92,0.9995,532,84,52033.787342,"{'ZERO': '0.000100050025012506253126563', 'MAKER_A_0.2BP': '0.000060046823075544492111659', 'MAKER_B_0.5BP': '4.5020260242615683123E-8', 'STRESS_1BP': '-0.0000999499849914958479139580'}",5,0.010005002501250625312656300,1,2026-04-09,1823349.00000000,1305340.00000000
0.00005001250312578144536134033508,139.70022200,1104.88361300,1756.95599000,8195.48978840,21,1.000300090027008102430730000,0.9998,1025,51,0.9997,2702,91,9805.123238,"{'ZERO': '0.000100030009002700810243073', 'MAKER_A_0.2BP': '0.000060026807866363428958289', 'MAKER_B_0.5BP': '2.5006251938078298646E-8', 'STRESS_1BP': '-0.0000999699969984996098769637'}",6,0.010003000900270081024307300,1,2026-04-09,1007118.00000000,2883348.00000000
0.00005000250012500625031251562578,90.29431300,412.66617000,1981.16306760,6584.84362632,17,1.000100010001000100010000000,1,232,17,0.9999,510,48,7735.763766,"{'ZERO': '0.000100010001000100010001000', 'MAKER_A_0.2BP': '0.000060006800664066726666267', 'MAKER_B_0.5BP': '5.000250037503125344E-9', 'STRESS_1BP': '-0.0000999900009999000099990001'}",7,0.010001000100010001000100000,1,2026-04-09,453529.00000000,453892.00000000
0.0001000600360216129677806684010,7759.66227400,19870.01859080,21383.81313040,22594.84876208,3,2.001400980686480536375460000,0.9995,532,84,0.9993,363,70,22897.60767,"{'ZERO': '0.000200140098068648053637546', 'MAKER_A_0.2BP': '0.000160132892608834503986394', 'MAKER_B_0.5BP': '0.000100125084809504146027563', 'STRESS_1BP': '1.20072051636025229660E-7'}",8,0.020014009806864805363754600,2,2026-04-09,1305340.00000000,236213.00000000
0.0001000500250125062531265632816,550.89737200,41654.02482480,46791.91575640,50902.22850168,3,2.001200720432259355613370000,0.9996,1434,92,0.9994,1819,130,51929.806688,"{'ZERO': '0.000200120072043225935561337', 'MAKER_A_0.2BP': '0.000160112867384437382294980', 'MAKER_B_0.5BP': '0.000100105060786584445042307', 'STRESS_1BP': '1.00050031018511116669E-7'}",9,0.020012007204322593556133700,2,2026-04-09,1823349.00000000,3524095.00000000
0.0001000300090027008102430729219,9711.21227800,48836.28538680,53726.91952540,57639.42683628,3,2.000800320128051220488200000,0.9998,1025,51,0.9996,1434,92,58617.553664,"{'ZERO': '0.000200080032012805122048820', 'MAKER_A_0.2BP': '0.000160072828955585754231294', 'MAKER_B_0.5BP': '0.000100065024759966483468544', 'STRESS_1BP': '6.0018007803061230492E-8'}",10,0.020008003201280512204882000,2,2026-04-09,1007118.00000000,1823349.00000000
0.00005001750612714450057520132046,34.55221850,390.24075850,630.38957450,8345.86886435,80,1.000400160064025610244100000,0.9997,484,116,0.9996,544,135,21240.01284,"{'ZERO': '0.000100040016006402561024410', 'MAKER_A_0.2BP': '0.000060036814469793037112447', 'MAKER_B_0.5BP': '3.5012254989491421787E-8', 'STRESS_1BP': '-0.0000999599919959984793837543'}",1,0.010004001600640256102441000,1,2026-04-10,691076.00000000,2214937.00000000
0.00004999750012499375031248437578,44.72462250,440.20358910,520.04460520,3049.16882614,78,1.0000,1.0001,503,93,1,944,120,7500.466768,"{'ZERO': '0.0001', 'MAKER_A_0.2BP': '0.000059996800063998720025599', 'MAKER_B_0.5BP': '-4.9997500124993750312E-9', 'STRESS_1BP': '-0.0001'}",2,0.0100,1,2026-04-10,822941.00000000,1599468.00000000
0.00005002251012955830123555600020,184.54251300,935.40240600,1449.94282500,3914.17981380,61,1.000500250125062531265630000,0.9996,544,135,0.9995,804,84,6335.037912,"{'ZERO': '0.000100050025012506253126563', 'MAKER_A_0.2BP': '0.000060046823075544492111659', 'MAKER_B_0.5BP': '4.5020260242615683123E-8', 'STRESS_1BP': '-0.0000999499849914958479139580'}",3,0.010005002501250625312656300,1,2026-04-10,2214937.00000000,1815513.00000000
0.00005000750112516877531629744462,98.54023900,515.79350100,752.20938380,27590.33342356,45,1.000200040008001600320060000,0.9999,682,88,0.9998,476,74,48472.108294,"{'ZERO': '0.000100020004000800160032006', 'MAKER_A_0.2BP': '0.000060016803264654850931787', 'MAKER_B_0.5BP': '1.5002250487595644223E-8', 'STRESS_1BP': '-0.0000999799999995999599879980'}",4,0.010002000400080016003200600,1,2026-04-10,1892451.00000000,535116.00000000
0.00005000250012500625031251562578,71.45258950,405.40965570,702.85310375,31686.42339181,44,1.000100010001000100010000000,1,944,120,0.9999,682,88,54693.541543,"{'ZERO': '0.000100010001000100010001000', 'MAKER_A_0.2BP': '0.000060006800664066726666267', 'MAKER_B_0.5BP': '5.000250037503125344E-9', 'STRESS_1BP': '-0.0000999900009999000099990001'}",5,0.010001000100010001000100000,1,2026-04-10,1599468.00000000,1892451.00000000
0.00005001250312578144536134033508,46.98853300,278.67928640,301.56265760,34458.23870060,25,1.000300090027008102430730000,0.9998,476,74,0.9997,484,116,45243.940661,"{'ZERO': '0.000100030009002700810243073', 'MAKER_A_0.2BP': '0.000060026807866363428958289', 'MAKER_B_0.5BP': '2.5006251938078298646E-8', 'STRESS_1BP': '-0.0000999699969984996098769637'}",6,0.010003000900270081024307300,1,2026-04-10,535116.00000000,691076.00000000
0.00004999250112483127530870369445,307.07554300,3319.55436860,4256.76942190,5837.32487638,19,0.999900009999000099990000000,1.0002,29,22,1.0001,503,93,6232.46374,"{'ZERO': '0.000099990000999900009999000', 'MAKER_A_0.2BP': '0.000059986801463850734984100', 'MAKER_B_0.5BP': '-1.49977502624718779060E-8', 'STRESS_1BP': '-0.0001000099970004999300089989'}",7,0.009999000099990000999900000,1,2026-04-10,17573.00000000,822941.00000000
0.0001000400160064025610244097639,103.33848500,3556.60204600,8582.96872550,18304.72220750,16,2.001000500250125062531270000,0.9997,484,116,0.9995,804,84,20735.160578,"{'ZERO': '0.000200100050025012506253127', 'MAKER_A_0.2BP': '0.000160092846167088664229717', 'MAKER_B_0.5BP': '0.000100085040770472731991214', 'STRESS_1BP': '8.0032016808324170084E-8'}",8,0.020010005002501250625312700,2,2026-04-10,691076.00000000,1815513.00000000
0.0001,75.52832900,4378.08617580,21828.63417520,49496.20834944,15,2.000200020002000200020000000,1.0001,503,93,0.9999,682,88,56413.101893,"{'ZERO': '0.000200020002000200020002000', 'MAKER_A_0.2BP': '0.000160012801344133133338933', 'MAKER_B_0.5BP': '0.000100005000750062506875656', 'STRESS_1BP': '0'}",9,0.020002000200020002000200000,2,2026-04-10,822941.00000000,1892451.00000000
0.00005002751513332332783030666867,157.22719000,654.04912960,729.98724145,834.90099949,14,1.000600360216129677806680000,0.9995,804,84,0.9994,91,14,861.129439,"{'ZERO': '0.000100060036021612967780668', 'MAKER_A_0.2BP': '0.000060056833684218851144290', 'MAKER_B_0.5BP': '5.5030268298472208669E-8', 'STRESS_1BP': '-0.0000999399759843907544406656'}",10,0.010006003602161296778066800,1,2026-04-10,1815513.00000000,27526.00000000
0.00004999750012499375031248437578,59.01084500,1219.32624490,2332.85111400,6234.22075433,104,1.0000,1.0001,588,123,1,2485,182,22127.245677,"{'ZERO': '0.0001', 'MAKER_A_0.2BP': '0.000059996800063998720025599', 'MAKER_B_0.5BP': '-4.9997500124993750312E-9', 'STRESS_1BP': '-0.0001'}",1,0.0100,1,2026-04-11,296301.00000000,3927623.00000000
0.00005000250012500625031251562578,99.07375700,893.33554520,1798.47781375,5355.45073849,90,1.000100010001000100010000000,1,2485,182,0.9999,1268,129,7022.291919,"{'ZERO': '0.000100010001000100010001000', 'MAKER_A_0.2BP': '0.000060006800664066726666267', 'MAKER_B_0.5BP': '5.000250037503125344E-9', 'STRESS_1BP': '-0.0000999900009999000099990001'}",2,0.010001000100010001000100000,1,2026-04-11,3927623.00000000,1901674.00000000
0.00005000750112516877531629744462,22.09483100,606.58051240,811.88119830,1071.99322498,35,1.000200040008001600320060000,0.9999,1268,129,0.9998,327,36,1185.388411,"{'ZERO': '0.000100020004000800160032006', 'MAKER_A_0.2BP': '0.000060016803264654850931787', 'MAKER_B_0.5BP': '1.5002250487595644223E-8', 'STRESS_1BP': '-0.0000999799999995999599879980'}",3,0.010002000400080016003200600,1,2026-04-11,1901674.00000000,635917.00000000
0.0001,436.66811150,5106.10764310,6006.03780095,17447.29940160,30,2.000200020002000200020000000,1.0001,588,123,0.9999,1268,129,22021.405387,"{'ZERO': '0.000200020002000200020002000', 'MAKER_A_0.2BP': '0.000160012801344133133338933', 'MAKER_B_0.5BP': '0.000100005000750062506875656', 'STRESS_1BP': '0'}",4,0.020002000200020002000200000,2,2026-04-11,296301.00000000,1901674.00000000
0.00004999250112483127530870369445,302.15311850,24784.38233100,52804.40510300,75220.42332060,8,0.999900009999000099990000000,1.0002,17,8,1.0001,588,123,80824.427875,"{'ZERO': '0.000099990000999900009999000', 'MAKER_A_0.2BP': '0.000059986801463850734984100', 'MAKER_B_0.5BP': '-1.49977502624718779060E-8', 'STRESS_1BP': '-0.0001000099970004999300089989'}",5,0.009999000099990000999900000,1,2026-04-11,3258.00000000,296301.00000000
0.0001000100010001000100010001000,21.98663200,5650.63278540,6188.89236870,6619.50003534,7,2.000400080016003200640130000,1,2485,182,0.9998,327,36,6727.151952,"{'ZERO': '0.000200040008001600320064013', 'MAKER_A_0.2BP': '0.000160032806545309381869974', 'MAKER_B_0.5BP': '0.000100025004750962691913414', 'STRESS_1BP': '2.0002000600100022004E-8'}",6,0.020004000800160032006401300,2,2026-04-11,3927623.00000000,635917.00000000
0.00009999000099990000999900009999,489.01006150,56688.65960000,68705.77418600,78319.46585480,4,2.0000,1.0002,17,8,1,2485,182,80722.888772,"{'ZERO': '0.0002', 'MAKER_A_0.2BP': '0.000159992800143997120057599', 'MAKER_B_0.5BP': '0.000099985000749962501874906', 'STRESS_1BP': '-1.99980001999800019998E-8'}",7,0.0200,2,2026-04-11,3258.00000000,3927623.00000000
0.0001500075003750187509375468773,9952.85873950,17230.37725830,18140.06707315,18867.81892503,2,3.000600120024004800960190000,1.0001,588,123,0.9998,327,36,19049.756888,"{'ZERO': '0.000300060012002400480096019', 'MAKER_A_0.2BP': '0.000260048809825963912808161', 'MAKER_B_0.5BP': '0.000200035007251437788182605', 'STRESS_1BP': '0.000100020004000800160032006'}",8,0.030006001200240048009601900,3,2026-04-11,296301.00000000,635917.00000000
0.0001000200040008001600320064013,473.6646700,776.2736380,814.0997590,844.3606558,2,2.000600180054016204861460000,0.9999,1268,129,0.9997,3,3,851.92588,"{'ZERO': '0.000200060018005401620486146', 'MAKER_A_0.2BP': '0.000160052815748726537922978', 'MAKER_B_0.5BP': '0.000100045012753863657222260', 'STRESS_1BP': '4.0008002800800244073E-8'}",9,0.020006001800540162048614600,2,2026-04-11,1901674.00000000,60.00000000
0.00005001250312578144536134033508,114.37154650,129.68107410,131.59476505,133.12571781,2,1.000300090027008102430730000,0.9998,327,36,0.9997,3,3,133.508456,"{'ZERO': '0.000100030009002700810243073', 'MAKER_A_0.2BP': '0.000060026807866363428958289', 'MAKER_B_0.5BP': '2.5006251938078298646E-8', 'STRESS_1BP': '-0.0000999699969984996098769637'}",10,0.010003000900270081024307300,1,2026-04-11,635917.00000000,60.00000000
0.00005001750612714450057520132046,81.19337000,621.35779140,1127.76008100,2081.35351224,65,1.000400160064025610244100000,0.9997,909,121,0.9996,1114,83,2861.139022,"{'ZERO': '0.000100040016006402561024410', 'MAKER_A_0.2BP': '0.000060036814469793037112447', 'MAKER_B_0.5BP': '3.5012254989491421787E-8', 'STRESS_1BP': '-0.0000999599919959984793837543'}",1,0.010004001600640256102441000,1,2026-04-12,1466060.00000000,1349633.00000000
0.00005001250312578144536134033508,72.98046250,554.25667950,900.62753500,1587.41968045,56,1.000300090027008102430730000,0.9998,828,96,0.9997,909,121,1621.594723,"{'ZERO': '0.000100030009002700810243073', 'MAKER_A_0.2BP': '0.000060026807866363428958289', 'MAKER_B_0.5BP': '2.5006251938078298646E-8', 'STRESS_1BP': '-0.0000999699969984996098769637'}",2,0.010003000900270081024307300,1,2026-04-12,1587311.00000000,1466060.00000000
0.00005000750112516877531629744462,54.00671850,863.03728230,1044.42989550,1944.70572039,38,1.000200040008001600320060000,0.9999,566,56,0.9998,828,96,2183.589247,"{'ZERO': '0.000100020004000800160032006', 'MAKER_A_0.2BP': '0.000060016803264654850931787', 'MAKER_B_0.5BP': '1.5002250487595644223E-8', 'STRESS_1BP': '-0.0000999799999995999599879980'}",3,0.010002000400080016003200600,1,2026-04-12,588504.00000000,1587311.00000000
0.00004999750012499375031248437578,32.39296500,439.92249020,636.97127010,1722.59747692,35,1.0000,1.0001,46,35,1,782,54,2264.288201,"{'ZERO': '0.0001', 'MAKER_A_0.2BP': '0.000059996800063998720025599', 'MAKER_B_0.5BP': '-4.9997500124993750312E-9', 'STRESS_1BP': '-0.0001'}",4,0.0100,1,2026-04-12,29572.00000000,364780.00000000
0.00005000250012500625031251562578,11.15754900,1244.05388150,1527.54650905,2746.49271301,18,1.000100010001000100010000000,1,782,54,0.9999,566,56,3051.229264,"{'ZERO': '0.000100010001000100010001000', 'MAKER_A_0.2BP': '0.000060006800664066726666267', 'MAKER_B_0.5BP': '5.000250037503125344E-9', 'STRESS_1BP': '-0.0000999900009999000099990001'}",5,0.010001000100010001000100000,1,2026-04-12,364780.00000000,588504.00000000
0.00005002251012955830123555600020,83.75078900,297.22140320,720.35881800,1767.59809160,17,1.000500250125062531265630000,0.9996,1114,83,0.9995,260,18,2029.40791,"{'ZERO': '0.000100050025012506253126563', 'MAKER_A_0.2BP': '0.000060046823075544492111659', 'MAKER_B_0.5BP': '4.5020260242615683123E-8', 'STRESS_1BP': '-0.0000999499849914958479139580'}",6,0.010005002501250625312656300,1,2026-04-12,1349633.00000000,334078.00000000
0.0001000400160064025610244097639,766.50135300,2085.87944410,2244.66162655,2371.68737251,4,2.001000500250125062531270000,0.9997,909,121,0.9995,260,18,2403.443809,"{'ZERO': '0.000200100050025012506253127', 'MAKER_A_0.2BP': '0.000160092846167088664229717', 'MAKER_B_0.5BP': '0.000100085040770472731991214', 'STRESS_1BP': '8.0032016808324170084E-8'}",7,0.020010005002501250625312700,2,2026-04-12,1466060.00000000,334078.00000000
0.0001000100010001000100010001000,1245.98829750,1946.02868750,2082.14131625,2191.03141925,4,2.000400080016003200640130000,1,782,54,0.9998,828,96,2218.253945,"{'ZERO': '0.000200040008001600320064013', 'MAKER_A_0.2BP': '0.000160032806545309381869974', 'MAKER_B_0.5BP': '0.000100025004750962691913414', 'STRESS_1BP': '2.0002000600100022004E-8'}",8,0.020004000800160032006401300,2,2026-04-12,364780.00000000,1587311.00000000
0.0001000300090027008102430729219,238.66883600,243.72741440,244.35973670,244.86559454,3,2.000800320128051220488200000,0.9998,828,96,0.9996,1114,83,244.992059,"{'ZERO': '0.000200080032012805122048820', 'MAKER_A_0.2BP': '0.000160072828955585754231294', 'MAKER_B_0.5BP': '0.000100065024759966483468544', 'STRESS_1BP': '6.0018007803061230492E-8'}",9,0.020008003201280512204882000,2,2026-04-12,1587311.00000000,1349633.00000000
0.0001000200040008001600320064013,227.69169100,612.14004460,660.19608880,698.64092416,3,2.000600180054016204861460000,0.9999,566,56,0.9997,909,121,708.252133,"{'ZERO': '0.000200060018005401620486146', 'MAKER_A_0.2BP': '0.000160052815748726537922978', 'MAKER_B_0.5BP': '0.000100045012753863657222260', 'STRESS_1BP': '4.0008002800800244073E-8'}",10,0.020006001800540162048614600,2,2026-04-12,588504.00000000,1466060.00000000
0.00005000250012500625031251562578,8.01221300,276.11083400,328.00540200,1879.52562740,81,1.000100010001000100010000000,1,991,121,0.9999,1683,144,5440.183729,"{'ZERO': '0.000100010001000100010001000', 'MAKER_A_0.2BP': '0.000060006800664066726666267', 'MAKER_B_0.5BP': '5.000250037503125344E-9', 'STRESS_1BP': '-0.0000999900009999000099990001'}",1,0.010001000100010001000100000,1,2026-04-13,2295652.00000000,3644478.00000000
0.00005000750112516877531629744462,6.28260500,375.08437100,460.04653800,4581.57094660,61,1.000200040008001600320060000,0.9999,1683,144,0.9998,733,114,6379.849129,"{'ZERO': '0.000100020004000800160032006', 'MAKER_A_0.2BP': '0.000060016803264654850931787', 'MAKER_B_0.5BP': '1.5002250487595644223E-8', 'STRESS_1BP': '-0.0000999799999995999599879980'}",2,0.010002000400080016003200600,1,2026-04-13,3644478.00000000,1534613.00000000
0.00005001250312578144536134033508,29.69096300,637.13450180,949.01768060,4412.67367400,57,1.000300090027008102430730000,0.9998,733,114,0.9997,797,92,8546.424792,"{'ZERO': '0.000100030009002700810243073', 'MAKER_A_0.2BP': '0.000060026807866363428958289', 'MAKER_B_0.5BP': '2.5006251938078298646E-8', 'STRESS_1BP': '-0.0000999699969984996098769637'}",3,0.010003000900270081024307300,1,2026-04-13,1534613.00000000,1940966.00000000
0.00004999250112483127530870369445,6.94394800,310.31804260,409.74787360,7950.67441884,57,0.999900009999000099990000000,1.0002,1105,100,1.0001,680,100,16751.387423,"{'ZERO': '0.000099990000999900009999000', 'MAKER_A_0.2BP': '0.000059986801463850734984100', 'MAKER_B_0.5BP': '-1.49977502624718779060E-8', 'STRESS_1BP': '-0.0001000099970004999300089989'}",4,0.009999000099990000999900000,1,2026-04-13,1310944.00000000,876053.00000000
0.00005002251012955830123555600020,125.52638750,1072.86839600,1261.17799375,8764.84507785,46,1.000500250125062531265630000,0.9996,640,87,0.9995,870,76,13855.524126,"{'ZERO': '0.000100050025012506253126563', 'MAKER_A_0.2BP': '0.000060046823075544492111659', 'MAKER_B_0.5BP': '4.5020260242615683123E-8', 'STRESS_1BP': '-0.0000999499849914958479139580'}",5,0.010005002501250625312656300,1,2026-04-13,2103354.00000000,2070165.00000000
0.00004999750012499375031248437578,93.20863350,406.18348450,1123.81511690,4381.54157367,42,1.0000,1.0001,680,100,1,991,121,5671.845404,"{'ZERO': '0.0001', 'MAKER_A_0.2BP': '0.000059996800063998720025599', 'MAKER_B_0.5BP': '-4.9997500124993750312E-9', 'STRESS_1BP': '-0.0001'}",6,0.0100,1,2026-04-13,876053.00000000,2295652.00000000
0.00004998750312421894526368407898,39.43927700,491.14459080,545.16333550,13167.63866317,42,0.999800039992001599680060000,1.0003,392,61,1.0002,1105,100,19754.348877,"{'ZERO': '0.000099980003999200159968006', 'MAKER_A_0.2BP': '0.000059976804863022915506497', 'MAKER_B_0.5BP': '-2.49937513122344282706E-8', 'STRESS_1BP': '-0.0001000199920019995600919812'}",7,0.009998000399920015996800600,1,2026-04-13,1057928.00000000,1310944.00000000
0.00005001750612714450057520132046,38.64553800,705.78111460,1365.56247045,21801.17664547,40,1.000400160064025610244100000,0.9997,797,92,0.9996,640,87,31506.131734,"{'ZERO': '0.000100040016006402561024410', 'MAKER_A_0.2BP': '0.000060036814469793037112447', 'MAKER_B_0.5BP': '3.5012254989491421787E-8', 'STRESS_1BP': '-0.0000999599919959984793837543'}",8,0.010004001600640256102441000,1,2026-04-13,1940966.00000000,2103354.00000000
0.00005002751513332332783030666867,65.42638350,536.00308780,828.34448070,2428.01224558,30,1.000600360216129677806680000,0.9995,870,76,0.9994,115,30,3014.431163,"{'ZERO': '0.000100060036021612967780668', 'MAKER_A_0.2BP': '0.000060056833684218851144290', 'MAKER_B_0.5BP': '5.5030268298472208669E-8', 'STRESS_1BP': '-0.0000999399759843907544406656'}",9,0.010006003602161296778066800,1,2026-04-13,2070165.00000000,206549.00000000
0.00004998250612285700004998250612,63.23590250,506.97870910,2564.21331305,5340.70400101,20,0.999700089973008097570730000,1.0004,45,21,1.0003,392,61,6034.826673,"{'ZERO': '0.000099970008997300809757073', 'MAKER_A_0.2BP': '0.000059966810260915645427969', 'MAKER_B_0.5BP': '-3.49877537613672150542E-8', 'STRESS_1BP': '-0.0001000299850050984104828545'}",10,0.009997000899730080975707300,1,2026-04-13,21603.00000000,1057928.00000000
0.00004999250112483127530870369445,57.57100750,510.20961350,784.00880065,2809.29213690,92,0.999900009999000099990000000,1.0002,1582,141,1.0001,1364,158,3881.681919,"{'ZERO': '0.000099990000999900009999000', 'MAKER_A_0.2BP': '0.000059986801463850734984100', 'MAKER_B_0.5BP': '-1.49977502624718779060E-8', 'STRESS_1BP': '-0.0001000099970004999300089989'}",1,0.009999000099990000999900000,1,2026-04-14,3445773.00000000,5141611.00000000
0.00004999750012499375031248437578,91.82249550,946.42069560,1317.33528135,2140.42601360,74,1.0000,1.0001,1364,158,1,814,131,2648.758433,"{'ZERO': '0.0001', 'MAKER_A_0.2BP': '0.000059996800063998720025599', 'MAKER_B_0.5BP': '-4.9997500124993750312E-9', 'STRESS_1BP': '-0.0001'}",2,0.0100,1,2026-04-14,5141611.00000000,2070588.00000000
0.00004998250612285700004998250612,44.51158800,269.47160600,595.66438700,8757.10593960,66,0.999700089973008097570730000,1.0004,741,105,1.0003,1750,112,16460.924514,"{'ZERO': '0.000099970008997300809757073', 'MAKER_A_0.2BP': '0.000059966810260915645427969', 'MAKER_B_0.5BP': '-3.49877537613672150542E-8', 'STRESS_1BP': '-0.0001000299850050984104828545'}",3,0.009997000899730080975707300,1,2026-04-14,1317699.00000000,3501823.00000000
0.00005000250012500625031251562578,89.21367150,445.50780200,590.97371150,2008.96512855,56,1.000100010001000100010000000,1,814,131,0.9999,425,61,3255.041806,"{'ZERO': '0.000100010001000100010001000', 'MAKER_A_0.2BP': '0.000060006800664066726666267', 'MAKER_B_0.5BP': '5.000250037503125344E-9', 'STRESS_1BP': '-0.0000999900009999000099990001'}",4,0.010001000100010001000100000,1,2026-04-14,2070588.00000000,559366.00000000
0.00004998750312421894526368407898,60.60610100,438.29524520,1109.82805720,15603.05278338,47,0.999800039992001599680060000,1.0003,1750,112,1.0002,1582,141,19212.725015,"{'ZERO': '0.000099980003999200159968006', 'MAKER_A_0.2BP': '0.000059976804863022915506497', 'MAKER_B_0.5BP': '-2.49937513122344282706E-8', 'STRESS_1BP': '-0.0001000199920019995600919812'}",5,0.009998000399920015996800600,1,2026-04-14,3501823.00000000,3445773.00000000
0.00004997751012044579939027437653,5.90332400,46.64130300,176.91657100,16128.50908380,41,0.999600159936025589764090000,1.0005,559,43,1.0004,741,105,26733.287463,"{'ZERO': '0.000099960015993602558976409', 'MAKER_A_0.2BP': '0.000059956817656929548334263', 'MAKER_B_0.5BP': '-4.49797582092106910048E-8', 'STRESS_1BP': '-0.0001000399760103957617033179'}",6,0.009996001599360255897640900,1,2026-04-14,2154277.00000000,1317699.00000000
0.00009999000099990000999900009999,261.54177400,1860.85663860,2816.57754460,3576.56850172,19,2.0000,1.0002,1582,141,1,814,131,3766.566241,"{'ZERO': '0.0002', 'MAKER_A_0.2BP': '0.000159992800143997120057599', 'MAKER_B_0.5BP': '0.000099985000749962501874906', 'STRESS_1BP': '-1.99980001999800019998E-8'}",7,0.0200,2,2026-04-14,3445773.00000000,2070588.00000000
0.0001,92.55081100,1709.23937050,2358.86739750,2651.63889150,16,2.000200020002000200020000000,1.0001,1364,158,0.9999,425,61,2724.831765,"{'ZERO': '0.000200020002000200020002000', 'MAKER_A_0.2BP': '0.000160012801344133133338933', 'MAKER_B_0.5BP': '0.000100005000750062506875656', 'STRESS_1BP': '0'}",8,0.020002000200020002000200000,2,2026-04-14,5141611.00000000,559366.00000000
0.00009997000899730080975707287814,177.31177000,16375.77174100,20098.69634700,23077.03603180,11,1.999600079984003199360130000,1.0004,741,105,1.0002,1582,141,23821.620953,"{'ZERO': '0.000199960007998400319936013', 'MAKER_A_0.2BP': '0.000159952809742045511019394', 'MAKER_B_0.5BP': '0.000099945012747363031768428', 'STRESS_1BP': '-5.99820041991001859622E-8'}",9,0.019996000799840031993601300,2,2026-04-14,1317699.00000000,3445773.00000000
0.00009998000399920015996800639872,324.12529000,12919.12497880,16066.88780240,18585.09806128,9,1.999800019998000199980000000,1.0003,1750,112,1.0001,1364,158,19214.650626,"{'ZERO': '0.000199980001999800019998000', 'MAKER_A_0.2BP': '0.000159972802943701149974601', 'MAKER_B_0.5BP': '0.000099965004749462556869157', 'STRESS_1BP': '-3.99920011998400199976E-8'}",10,0.019998000199980001999800000,2,2026-04-14,3501823.00000000,5141611.00000000
0.00005001750612714450057520132046,87.31927300,740.84795790,1086.17684700,2114.01222662,142,1.000400160064025610244100000,0.9997,1942,198,0.9996,2888,202,9125.490916,"{'ZERO': '0.000100040016006402561024410', 'MAKER_A_0.2BP': '0.000060036814469793037112447', 'MAKER_B_0.5BP': '3.5012254989491421787E-8', 'STRESS_1BP': '-0.0000999599919959984793837543'}",1,0.010004001600640256102441000,1,2026-04-15,3041353.00000000,5964298.00000000
0.00005002251012955830123555600020,59.22326400,405.5547870,642.28627480,1104.80282884,60,1.000500250125062531265630000,0.9996,2888,202,0.9995,284,68,1184.742474,"{'ZERO': '0.000100050025012506253126563', 'MAKER_A_0.2BP': '0.000060046823075544492111659', 'MAKER_B_0.5BP': '4.5020260242615683123E-8', 'STRESS_1BP': '-0.0000999499849914958479139580'}",2,0.010005002501250625312656300,1,2026-04-15,5964298.00000000,1322736.00000000
0.00005001250312578144536134033508,125.04416300,790.49616560,1128.61971940,30466.82818360,57,1.000300090027008102430730000,0.9998,937,72,0.9997,1942,198,34253.383258,"{'ZERO': '0.000100030009002700810243073', 'MAKER_A_0.2BP': '0.000060026807866363428958289', 'MAKER_B_0.5BP': '2.5006251938078298646E-8', 'STRESS_1BP': '-0.0000999699969984996098769637'}",3,0.010003000900270081024307300,1,2026-04-15,943928.00000000,3041353.00000000
0.0001000400160064025610244097639,150.45849700,828.95159300,1377.61488180,7476.98438228,25,2.001000500250125062531270000,0.9997,1942,198,0.9995,284,68,9367.693553,"{'ZERO': '0.000200100050025012506253127', 'MAKER_A_0.2BP': '0.000160092846167088664229717', 'MAKER_B_0.5BP': '0.000100085040770472731991214', 'STRESS_1BP': '8.0032016808324170084E-8'}",4,0.020010005002501250625312700,2,2026-04-15,3041353.00000000,1322736.00000000
0.0001000300090027008102430729219,216.84979000,911.54515160,21858.53468120,31585.89208828,25,2.000800320128051220488200000,0.9998,937,72,0.9996,2888,202,33005.428297,"{'ZERO': '0.000200080032012805122048820', 'MAKER_A_0.2BP': '0.000160072828955585754231294', 'MAKER_B_0.5BP': '0.000100065024759966483468544', 'STRESS_1BP': '6.0018007803061230492E-8'}",5,0.020008003201280512204882000,2,2026-04-15,943928.00000000,5964298.00000000
0.0001500525183814335017256039614,22791.27426450,24329.62796010,24521.92217205,24675.75754161,2,3.001500750375187593796900000,0.9998,937,72,0.9995,284,68,24714.216384,"{'ZERO': '0.000300150075037518759379690', 'MAKER_A_0.2BP': '0.000260138869258632836347775', 'MAKER_B_0.5BP': '0.000200125061280702848299306', 'STRESS_1BP': '0.000100110049025112496254126'}",6,0.030015007503751875937969000,3,2026-04-15,943928.00000000,1322736.00000000
0.0001000200040008001600320064013,357.11072300,357.11072300,357.11072300,357.11072300,1,2.000600180054016204861460000,0.9999,1,1,0.9997,1942,198,357.110723,"{'ZERO': '0.000200060018005401620486146', 'MAKER_A_0.2BP': '0.000160052815748726537922978', 'MAKER_B_0.5BP': '0.000100045012753863657222260', 'STRESS_1BP': '4.0008002800800244073E-8'}",7,0.020006001800540162048614600,2,2026-04-15,1702.00000000,3041353.00000000
0.00005000750112516877531629744462,322.4142200,322.4142200,322.4142200,322.4142200,1,1.000200040008001600320060000,0.9999,1,1,0.9998,937,72,322.41422,"{'ZERO': '0.000100020004000800160032006', 'MAKER_A_0.2BP': '0.000060016803264654850931787', 'MAKER_B_0.5BP': '1.5002250487595644223E-8', 'STRESS_1BP': '-0.0000999799999995999599879980'}",8,0.010002000400080016003200600,1,2026-04-15,1702.00000000,943928.00000000
0.00005002251012955830123555600020,53.69200100,267.07404740,488.33986310,1592.14164974,243,1.000500250125062531265630000,0.9996,3221,320,0.9995,2288,322,3232.706873,"{'ZERO': '0.000100050025012506253126563', 'MAKER_A_0.2BP': '0.000060046823075544492111659', 'MAKER_B_0.5BP': '4.5020260242615683123E-8', 'STRESS_1BP': '-0.0000999499849914958479139580'}",1,0.010005002501250625312656300,1,2026-04-16,5952051.00000000,4009908.00000000
0.00005001750612714450057520132046,77.05703450,1301.19155020,2644.02885860,14537.20076180,78,1.000400160064025610244100000,0.9997,634,104,0.9996,3221,320,35987.566514,"{'ZERO': '0.000100040016006402561024410', 'MAKER_A_0.2BP': '0.000060036814469793037112447', 'MAKER_B_0.5BP': '3.5012254989491421787E-8', 'STRESS_1BP': '-0.0000999599919959984793837543'}",2,0.010004001600640256102441000,1,2026-04-16,517073.00000000,5952051.00000000
0.00005002751513332332783030666867,17.11076250,189.92150140,440.16581535,1200.92054613,72,1.000600360216129677806680000,0.9995,2288,322,0.9994,616,88,2463.121269,"{'ZERO': '0.000100060036021612967780668', 'MAKER_A_0.2BP': '0.000060056833684218851144290', 'MAKER_B_0.5BP': '5.5030268298472208669E-8', 'STRESS_1BP': '-0.0000999399759843907544406656'}",3,0.010006003602161296778066800,1,2026-04-16,4009908.00000000,908914.00000000
0.0001000400160064025610244097639,111.05446000,2102.53783100,2920.90364540,23751.68871132,45,2.001000500250125062531270000,0.9997,634,104,0.9995,2288,322,35980.108991,"{'ZERO': '0.000200100050025012506253127', 'MAKER_A_0.2BP': '0.000160092846167088664229717', 'MAKER_B_0.5BP': '0.000100085040770472731991214', 'STRESS_1BP': '8.0032016808324170084E-8'}",4,0.020010005002501250625312700,2,2026-04-16,517073.00000000,4009908.00000000
0.0001000500250125062531265632816,94.47455550,320.33038930,1481.69854240,2700.26055728,40,2.001200720432259355613370000,0.9996,3221,320,0.9994,616,88,3257.37308,"{'ZERO': '0.000200120072043225935561337', 'MAKER_A_0.2BP': '0.000160112867384437382294980', 'MAKER_B_0.5BP': '0.000100105060786584445042307', 'STRESS_1BP': '1.00050031018511116669E-7'}",5,0.020012007204322593556133700,2,2026-04-16,5952051.00000000,908914.00000000
0.0001500675303886749037066680006,18789.23074350,27519.82726630,28611.15183165,29484.21148393,2,3.001801080648389033420050000,0.9997,634,104,0.9994,616,88,29702.476397,"{'ZERO': '0.000300180108064838903342005', 'MAKER_A_0.2BP': '0.000260168901084655913445669', 'MAKER_B_0.5BP': '0.000200155091304870417875944', 'STRESS_1BP': '0.000100140076046427776674004'}",6,0.030018010806483890334200500,3,2026-04-16,517073.00000000,908914.00000000
0.00005002251012955830123555600020,41.97067500,289.22625400,565.05646400,1000.98119840,161,1.000500250125062531265630000,0.9996,1824,266,0.9995,784,183,1417.114492,"{'ZERO': '0.000100050025012506253126563', 'MAKER_A_0.2BP': '0.000060046823075544492111659', 'MAKER_B_0.5BP': '4.5020260242615683123E-8', 'STRESS_1BP': '-0.0000999499849914958479139580'}",1,0.010005002501250625312656300,1,2026-04-17,1218670.00000000,1628327.00000000
0.00005001750612714450057520132046,8.28712950,366.98099500,565.03675700,4463.17341790,96,1.000400160064025610244100000,0.9997,3886,188,0.9996,1824,266,36217.208568,"{'ZERO': '0.000100040016006402561024410', 'MAKER_A_0.2BP': '0.000060036814469793037112447', 'MAKER_B_0.5BP': '3.5012254989491421787E-8', 'STRESS_1BP': '-0.0000999599919959984793837543'}",2,0.010004001600640256102441000,1,2026-04-17,5725075.00000000,1218670.00000000
0.00005001250312578144536134033508,34.81386600,454.98703080,1234.61759820,7211.72219376,89,1.000300090027008102430730000,0.9998,1700,143,0.9997,3886,188,48211.406016,"{'ZERO': '0.000100030009002700810243073', 'MAKER_A_0.2BP': '0.000060026807866363428958289', 'MAKER_B_0.5BP': '2.5006251938078298646E-8', 'STRESS_1BP': '-0.0000999699969984996098769637'}",3,0.010003000900270081024307300,1,2026-04-17,2312883.00000000,5725075.00000000
0.00005000750112516877531629744462,4.04055250,188.72394190,494.14000200,982.84438768,48,1.000200040008001600320060000,0.9999,415,93,0.9998,1700,143,1323.93883,"{'ZERO': '0.000100020004000800160032006', 'MAKER_A_0.2BP': '0.000060016803264654850931787', 'MAKER_B_0.5BP': '1.5002250487595644223E-8', 'STRESS_1BP': '-0.0000999799999995999599879980'}",4,0.010002000400080016003200600,1,2026-04-17,937494.00000000,2312883.00000000
0.00004999250112483127530870369445,11.74898600,347.62425900,1012.77531600,3032.93676128,45,0.999900009999000099990000000,1.0002,2072,62,1.0001,569,81,3655.745613,"{'ZERO': '0.000099990000999900009999000', 'MAKER_A_0.2BP': '0.000059986801463850734984100', 'MAKER_B_0.5BP': '-1.49977502624718779060E-8', 'STRESS_1BP': '-0.0001000099970004999300089989'}",5,0.009999000099990000999900000,1,2026-04-17,2524932.00000000,1172884.00000000
0.00005000250012500625031251562578,17.19719600,290.69701640,475.67051950,1224.42516440,43,1.000100010001000100010000000,1,524,82,0.9999,415,93,1384.113272,"{'ZERO': '0.000100010001000100010001000', 'MAKER_A_0.2BP': '0.000060006800664066726666267', 'MAKER_B_0.5BP': '5.000250037503125344E-9', 'STRESS_1BP': '-0.0000999900009999000099990001'}",6,0.010001000100010001000100000,1,2026-04-17,1148689.00000000,937494.00000000
0.00004999750012499375031248437578,58.88380400,660.43502800,903.43638795,1332.16617676,40,1.0000,1.0001,569,81,1,524,82,1580.167261,"{'ZERO': '0.0001', 'MAKER_A_0.2BP': '0.000059996800063998720025599', 'MAKER_B_0.5BP': '-4.9997500124993750312E-9', 'STRESS_1BP': '-0.0001'}",7,0.0100,1,2026-04-17,1172884.00000000,1148689.00000000
0.0001000300090027008102430729219,100.77547750,1054.59674350,1466.95055995,33633.47105069,32,2.000800320128051220488200000,0.9998,1700,143,0.9996,1824,266,48004.174934,"{'ZERO': '0.000200080032012805122048820', 'MAKER_A_0.2BP': '0.000160072828955585754231294', 'MAKER_B_0.5BP': '0.000100065024759966483468544', 'STRESS_1BP': '6.0018007803061230492E-8'}",8,0.020008003201280512204882000,2,2026-04-17,2312883.00000000,1218670.00000000
0.0001000400160064025610244097639,90.36854100,962.68703000,1660.30610430,28205.65175670,23,2.001000500250125062531270000,0.9997,3886,188,0.9995,784,183,35675.569391,"{'ZERO': '0.000200100050025012506253127', 'MAKER_A_0.2BP': '0.000160092846167088664229717', 'MAKER_B_0.5BP': '0.000100085040770472731991214', 'STRESS_1BP': '8.0032016808324170084E-8'}",9,0.020010005002501250625312700,2,2026-04-17,5725075.00000000,1628327.00000000
0.0001000200040008001600320064013,60.46586800,564.99037420,5637.79625050,40755.83512690,19,2.000600180054016204861460000,0.9999,415,93,0.9997,3886,188,49535.344846,"{'ZERO': '0.000200060018005401620486146', 'MAKER_A_0.2BP': '0.000160052815748726537922978', 'MAKER_B_0.5BP': '0.000100045012753863657222260', 'STRESS_1BP': '4.0008002800800244073E-8'}",10,0.020006001800540162048614600,2,2026-04-17,937494.00000000,5725075.00000000
0.00005001750612714450057520132046,53.88578050,314.05692700,444.03557075,1497.99837205,296,1.000400160064025610244100000,0.9997,2141,339,0.9996,1144,323,4067.718945,"{'ZERO': '0.000100040016006402561024410', 'MAKER_A_0.2BP': '0.000060036814469793037112447', 'MAKER_B_0.5BP': '3.5012254989491421787E-8', 'STRESS_1BP': '-0.0000999599919959984793837543'}",1,0.010004001600640256102441000,1,2026-04-18,2584431.00000000,1476562.00000000
0.00005001250312578144536134033508,96.58152500,506.27087100,1214.85813340,32032.56154302,47,1.000300090027008102430730000,0.9998,255,71,0.9997,2141,339,57988.300197,"{'ZERO': '0.000100030009002700810243073', 'MAKER_A_0.2BP': '0.000060026807866363428958289', 'MAKER_B_0.5BP': '2.5006251938078298646E-8', 'STRESS_1BP': '-0.0000999699969984996098769637'}",2,0.010003000900270081024307300,1,2026-04-18,128375.00000000,2584431.00000000
0.0001000300090027008102430729219,127.56623700,650.38258400,1135.9098550,41071.55560740,31,2.000800320128051220488200000,0.9998,255,71,0.9996,1144,323,58051.288242,"{'ZERO': '0.000200080032012805122048820', 'MAKER_A_0.2BP': '0.000160072828955585754231294', 'MAKER_B_0.5BP': '0.000100065024759966483468544', 'STRESS_1BP': '6.0018007803061230492E-8'}",3,0.020008003201280512204882000,2,2026-04-18,128375.00000000,1476562.00000000
0.00005002251012955830123555600020,25.44442550,128.33533990,201.25978345,259.59933829,8,1.000500250125062531265630000,0.9996,1144,323,0.9995,14,9,274.184227,"{'ZERO': '0.000100050025012506253126563', 'MAKER_A_0.2BP': '0.000060046823075544492111659', 'MAKER_B_0.5BP': '4.5020260242615683123E-8', 'STRESS_1BP': '-0.0000999499849914958479139580'}",4,0.010005002501250625312656300,1,2026-04-18,1476562.00000000,26987.00000000
0.0001000200040008001600320064013,288.01648450,949.69047050,1164.02036925,1335.48428825,6,2.000600180054016204861460000,0.9999,16,8,0.9997,2141,339,1378.350268,"{'ZERO': '0.000200060018005401620486146', 'MAKER_A_0.2BP': '0.000160052815748726537922978', 'MAKER_B_0.5BP': '0.000100045012753863657222260', 'STRESS_1BP': '4.0008002800800244073E-8'}",5,0.020006001800540162048614600,2,2026-04-18,2953.00000000,2584431.00000000
0.0001000400160064025610244097639,163.46572500,375.70141360,413.89036080,444.44151856,5,2.001000500250125062531270000,0.9997,2141,339,0.9995,14,9,452.079308,"{'ZERO': '0.000200100050025012506253127', 'MAKER_A_0.2BP': '0.000160092846167088664229717', 'MAKER_B_0.5BP': '0.000100085040770472731991214', 'STRESS_1BP': '8.0032016808324170084E-8'}",6,0.020010005002501250625312700,2,2026-04-18,2584431.00000000,26987.00000000
0.00005000750112516877531629744462,358.06180800,2809.06864180,3305.29685740,3702.27942988,4,1.000200040008001600320060000,0.9999,16,8,0.9998,255,71,3801.525073,"{'ZERO': '0.000100020004000800160032006', 'MAKER_A_0.2BP': '0.000060016803264654850931787', 'MAKER_B_0.5BP': '1.5002250487595644223E-8', 'STRESS_1BP': '-0.0000999799999995999599879980'}",7,0.010002000400080016003200600,1,2026-04-18,2953.00000000,128375.00000000
0.0001500525183814335017256039614,41046.06714700,41046.06714700,41046.06714700,41046.06714700,1,3.001500750375187593796900000,0.9998,255,71,0.9995,14,9,41046.067147,"{'ZERO': '0.000300150075037518759379690', 'MAKER_A_0.2BP': '0.000260138869258632836347775', 'MAKER_B_0.5BP': '0.000200125061280702848299306', 'STRESS_1BP': '0.000100110049025112496254126'}",8,0.030015007503751875937969000,3,2026-04-18,128375.00000000,26987.00000000
0.0001500375093773443360840210053,3820.0520500,3820.0520500,3820.0520500,3820.0520500,1,3.001200480192076830732290000,0.9999,16,8,0.9996,1144,323,3820.05205,"{'ZERO': '0.000300120048019207683073229', 'MAKER_A_0.2BP': '0.000260108843441378471350141', 'MAKER_B_0.5BP': '0.000200095037264943475515300', 'STRESS_1BP': '0.000100080028011604601844737'}",9,0.030012004801920768307322900,3,2026-04-18,2953.00000000,1476562.00000000
0.00005002751513332332783030666867,59.77855300,375.11376700,794.46657635,3266.87135147,204,1.000600360216129677806680000,0.9995,2825,358,0.9994,2327,261,5209.21716,"{'ZERO': '0.000100060036021612967780668', 'MAKER_A_0.2BP': '0.000060056833684218851144290', 'MAKER_B_0.5BP': '5.5030268298472208669E-8', 'STRESS_1BP': '-0.0000999399759843907544406656'}",1,0.010006003602161296778066800,1,2026-04-19,4778834.00000000,2789268.00000000
0.00005002251012955830123555600020,31.54774700,330.15007600,2498.32658490,9598.90468572,143,1.000500250125062531265630000,0.9996,825,180,0.9995,2825,358,11600.746358,"{'ZERO': '0.000100050025012506253126563', 'MAKER_A_0.2BP': '0.000060046823075544492111659', 'MAKER_B_0.5BP': '4.5020260242615683123E-8', 'STRESS_1BP': '-0.0000999499849914958479139580'}",2,0.010005002501250625312656300,1,2026-04-19,1454215.00000000,4778834.00000000
0.00005003252113874018111772652224,74.96273750,454.23899580,695.34163270,1826.16131209,54,1.000700490343240268187730000,0.9994,2327,261,0.9993,301,58,2049.79012,"{'ZERO': '0.000100070049034324026818773', 'MAKER_A_0.2BP': '0.000060066846296417411989997', 'MAKER_B_0.5BP': '6.5042279758322701297E-8', 'STRESS_1BP': '-0.0000999299649740819973841703'}",3,0.010007004903432402681877300,1,2026-04-19,2789268.00000000,349272.00000000
0.0001000500250125062531265632816,221.83597600,9211.45743500,10545.55029270,13880.73514052,27,2.001200720432259355613370000,0.9996,825,180,0.9994,2327,261,14889.477589,"{'ZERO': '0.000200120072043225935561337', 'MAKER_A_0.2BP': '0.000160112867384437382294980', 'MAKER_B_0.5BP': '0.000100105060786584445042307', 'STRESS_1BP': '1.00050031018511116669E-7'}",4,0.020012007204322593556133700,2,2026-04-19,1454215.00000000,2789268.00000000
0.0001000400160064025610244097639,7.28500800,180.60402100,253.98768760,28528.87123605,24,2.001000500250125062531270000,0.9997,416,31,0.9995,2825,358,36973.330037,"{'ZERO': '0.000200100050025012506253127', 'MAKER_A_0.2BP': '0.000160092846167088664229717', 'MAKER_B_0.5BP': '0.000100085040770472731991214', 'STRESS_1BP': '8.0032016808324170084E-8'}",5,0.020010005002501250625312700,2,2026-04-19,665198.00000000,4778834.00000000
0.0001000300090027008102430729219,60.08219050,503.17502030,665.81946045,30013.73961927,24,2.000800320128051220488200000,0.9998,93,25,0.9996,825,180,38771.727333,"{'ZERO': '0.000200080032012805122048820', 'MAKER_A_0.2BP': '0.000160072828955585754231294', 'MAKER_B_0.5BP': '0.000100065024759966483468544', 'STRESS_1BP': '6.0018007803061230492E-8'}",6,0.020008003201280512204882000,2,2026-04-19,9154.00000000,1454215.00000000
0.0001000600360216129677806684010,401.73430500,3508.42656400,4117.08654060,5010.26021932,17,2.001400980686480536375460000,0.9995,2825,358,0.9993,301,58,5233.553639,"{'ZERO': '0.000200140098068648053637546', 'MAKER_A_0.2BP': '0.000160132892608834503986394', 'MAKER_B_0.5BP': '0.000100125084809504146027563', 'STRESS_1BP': '1.20072051636025229660E-7'}",7,0.020014009806864805363754600,2,2026-04-19,4778834.00000000,349272.00000000
0.00005001750612714450057520132046,91.45942000,13480.81470820,25207.27822260,34588.44903412,9,1.000400160064025610244100000,0.9997,416,31,0.9996,825,180,36933.741737,"{'ZERO': '0.000100040016006402561024410', 'MAKER_A_0.2BP': '0.000060036814469793037112447', 'MAKER_B_0.5BP': '3.5012254989491421787E-8', 'STRESS_1BP': '-0.0000999599919959984793837543'}",8,0.010004001600640256102441000,1,2026-04-19,665198.00000000,1454215.00000000
0.0001500825453999699834909200060,4453.74650300,12877.00340100,13883.24042750,14688.23004870,6,3.002101471029720804563190000,0.9996,825,180,0.9993,301,58,14889.477454,"{'ZERO': '0.000300210147102972080456319', 'MAKER_A_0.2BP': '0.000260198938921251595982791', 'MAKER_B_0.5BP': '0.000200185127339249969353829', 'STRESS_1BP': '0.000100170109077354047843489'}",9,0.030021014710297208045631900,3,2026-04-19,1454215.00000000,349272.00000000
0.00005003752814610958218663997998,383.77180650,840.98605750,907.36486825,960.46791685,4,1.000800640512409927942350000,0.9993,301,58,0.9992,16,5,973.743679,"{'ZERO': '0.000100080064051240992794235', 'MAKER_A_0.2BP': '0.000060076860912741713140117', 'MAKER_B_0.5BP': '7.5056295223669561118E-8', 'STRESS_1BP': '-0.0000999199519599681344915949'}",10,0.010008006405124099279423500,1,2026-04-19,349272.00000000,44277.00000000
0.00005002751513332332783030666867,50.84348000,527.49932100,843.35499680,4739.44993368,120,1.000600360216129677806680000,0.9995,2527,229,0.9994,861,167,7077.020594,"{'ZERO': '0.000100060036021612967780668', 'MAKER_A_0.2BP': '0.000060056833684218851144290', 'MAKER_B_0.5BP': '5.5030268298472208669E-8', 'STRESS_1BP': '-0.0000999399759843907544406656'}",1,0.010006003602161296778066800,1,2026-04-20,3904285.00000000,1188736.00000000
0.00005002251012955830123555600020,37.99482900,671.83687620,1418.20157740,12910.92725460,113,1.000500250125062531265630000,0.9996,3047,173,0.9995,2527,229,19118.033279,"{'ZERO': '0.000100050025012506253126563', 'MAKER_A_0.2BP': '0.000060046823075544492111659', 'MAKER_B_0.5BP': '4.5020260242615683123E-8', 'STRESS_1BP': '-0.0000999499849914958479139580'}",2,0.010005002501250625312656300,1,2026-04-20,2601829.00000000,3904285.00000000
0.00005001750612714450057520132046,118.54174100,889.32185680,1827.89966040,37518.08761784,37,1.000400160064025610244100000,0.9997,163,45,0.9996,3047,173,56482.185944,"{'ZERO': '0.000100040016006402561024410', 'MAKER_A_0.2BP': '0.000060036814469793037112447', 'MAKER_B_0.5BP': '3.5012254989491421787E-8', 'STRESS_1BP': '-0.0000999599919959984793837543'}",3,0.010004001600640256102441000,1,2026-04-20,197318.00000000,2601829.00000000
0.00005003252113874018111772652224,87.16087900,284.31817100,605.87630840,2760.15194284,33,1.000700490343240268187730000,0.9994,861,167,0.9993,738,46,3647.334795,"{'ZERO': '0.000100070049034324026818773', 'MAKER_A_0.2BP': '0.000060066846296417411989997', 'MAKER_B_0.5BP': '6.5042279758322701297E-8', 'STRESS_1BP': '-0.0000999299649740819973841703'}",4,0.010007004903432402681877300,1,2026-04-20,1188736.00000000,723191.00000000
0.0001000500250125062531265632816,75.70349400,3228.93647600,10531.45679900,17390.70454930,31,2.001200720432259355613370000,0.9996,3047,173,0.9994,861,167,19111.284415,"{'ZERO': '0.000200120072043225935561337', 'MAKER_A_0.2BP': '0.000160112867384437382294980', 'MAKER_B_0.5BP': '0.000100105060786584445042307', 'STRESS_1BP': '1.00050031018511116669E-7'}",5,0.020012007204322593556133700,2,2026-04-20,2601829.00000000,1188736.00000000
0.0001000400160064025610244097639,182.79962500,517.59909450,10097.08198855,53298.12925131,18,2.001000500250125062531270000,0.9997,163,45,0.9995,2527,229,64098.391067,"{'ZERO': '0.000200100050025012506253127', 'MAKER_A_0.2BP': '0.000160092846167088664229717', 'MAKER_B_0.5BP': '0.000100085040770472731991214', 'STRESS_1BP': '8.0032016808324170084E-8'}",6,0.020010005002501250625312700,2,2026-04-20,197318.00000000,3904285.00000000
0.0001000300090027008102430729219,60.81151400,811.96681440,20440.84573650,56379.33745850,15,2.000800320128051220488200000,0.9998,39,17,0.9996,3047,173,65363.960389,"{'ZERO': '0.000200080032012805122048820', 'MAKER_A_0.2BP': '0.000160072828955585754231294', 'MAKER_B_0.5BP': '0.000100065024759966483468544', 'STRESS_1BP': '6.0018007803061230492E-8'}",7,0.020008003201280512204882000,2,2026-04-20,23756.00000000,2601829.00000000
0.00005003752814610958218663997998,120.77965200,327.38680300,377.80622050,418.14175450,11,1.000800640512409927942350000,0.9993,738,46,0.9992,34,11,428.225638,"{'ZERO': '0.000100080064051240992794235', 'MAKER_A_0.2BP': '0.000060076860912741713140117', 'MAKER_B_0.5BP': '7.5056295223669561118E-8', 'STRESS_1BP': '-0.0000999199519599681344915949'}",8,0.010008006405124099279423500,1,2026-04-20,723191.00000000,52240.00000000
0.0001000600360216129677806684010,914.61397500,5832.27013650,6070.38720875,6260.88086655,6,2.001400980686480536375460000,0.9995,2527,229,0.9993,738,46,6308.504281,"{'ZERO': '0.000200140098068648053637546', 'MAKER_A_0.2BP': '0.000160132892608834503986394', 'MAKER_B_0.5BP': '0.000100125084809504146027563', 'STRESS_1BP': '1.20072051636025229660E-7'}",9,0.020014009806864805363754600,2,2026-04-20,3904285.00000000,723191.00000000
0.00005001250312578144536134033508,51.56563950,6248.00212970,7564.88828735,8618.39721347,4,1.000300090027008102430730000,0.9998,39,17,0.9997,163,45,8881.774445,"{'ZERO': '0.000100030009002700810243073', 'MAKER_A_0.2BP': '0.000060026807866363428958289', 'MAKER_B_0.5BP': '2.5006251938078298646E-8', 'STRESS_1BP': '-0.0000999699969984996098769637'}",10,0.010003000900270081024307300,1,2026-04-20,23756.00000000,197318.00000000
0.00005003752814610958218663997998,57.28352500,256.25376000,332.20440980,1250.75615112,93,1.000800640512409927942350000,0.9993,1684,144,0.9992,779,130,9170.591896,"{'ZERO': '0.000100080064051240992794235', 'MAKER_A_0.2BP': '0.000060076860912741713140117', 'MAKER_B_0.5BP': '7.5056295223669561118E-8', 'STRESS_1BP': '-0.0000999199519599681344915949'}",1,0.010008006405124099279423500,1,2026-04-21,2798714.00000000,1848426.00000000
0.00005002751513332332783030666867,79.70036700,879.62956850,1580.96060375,8053.64199985,56,1.000600360216129677806680000,0.9995,1155,84,0.9994,1095,137,14346.037622,"{'ZERO': '0.000100060036021612967780668', 'MAKER_A_0.2BP': '0.000060056833684218851144290', 'MAKER_B_0.5BP': '5.5030268298472208669E-8', 'STRESS_1BP': '-0.0000999399759843907544406656'}",2,0.010006003602161296778066800,1,2026-04-21,1775149.00000000,1457378.00000000
0.00005003252113874018111772652224,62.22116300,383.70459670,1470.39258315,16178.06291505,52,1.000700490343240268187730000,0.9994,1095,137,0.9993,1684,144,17511.106752,"{'ZERO': '0.000100070049034324026818773', 'MAKER_A_0.2BP': '0.000060066846296417411989997', 'MAKER_B_0.5BP': '6.5042279758322701297E-8', 'STRESS_1BP': '-0.0000999299649740819973841703'}",3,0.010007004903432402681877300,1,2026-04-21,1457378.00000000,2798714.00000000
0.0001000500250125062531265632816,111.93773800,1038.83108150,2526.77362950,11916.66920345,36,2.001200720432259355613370000,0.9996,146,61,0.9994,1095,137,16309.059154,"{'ZERO': '0.000200120072043225935561337', 'MAKER_A_0.2BP': '0.000160112867384437382294980', 'MAKER_B_0.5BP': '0.000100105060786584445042307', 'STRESS_1BP': '1.00050031018511116669E-7'}",4,0.020012007204322593556133700,2,2026-04-21,175822.00000000,1457378.00000000
0.00005004253615573237251663914327,31.34084250,163.87679150,302.96796075,407.04727380,36,1.000900810729656691021920000,0.9992,779,130,0.9991,238,36,444.629109,"{'ZERO': '0.000100090081072965669102192', 'MAKER_A_0.2BP': '0.000060086877533793533918132', 'MAKER_B_0.5BP': '8.5072315296256005937E-8', 'STRESS_1BP': '-0.0000999099369414474827164466'}",5,0.010009008107296566910219200,1,2026-04-21,1848426.00000000,622417.00000000
0.00005002251012955830123555600020,148.43317300,1360.73251820,3423.69253860,13201.21578132,33,1.000500250125062531265630000,0.9996,146,61,0.9995,1155,84,16961.253477,"{'ZERO': '0.000100050025012506253126563', 'MAKER_A_0.2BP': '0.000060046823075544492111659', 'MAKER_B_0.5BP': '4.5020260242615683123E-8', 'STRESS_1BP': '-0.0000999499849914958479139580'}",6,0.010005002501250625312656300,1,2026-04-21,175822.00000000,1775149.00000000
0.0001000700490343240268187731412,8418.14132500,16529.48558840,16982.18701970,17344.34816474,4,2.001601281024819855884710000,0.9994,1095,137,0.9992,779,130,17434.888451,"{'ZERO': '0.000200160128102481985588471', 'MAKER_A_0.2BP': '0.000160152921841483106286633', 'MAKER_B_0.5BP': '0.000100145112840434839747204', 'STRESS_1BP': '1.40098079863751014810E-7'}",7,0.020016012810248198558847100,2,2026-04-21,1457378.00000000,1848426.00000000
0.0001000600360216129677806684010,342.71945700,10819.19115940,12128.75012220,13176.39729244,3,2.001400980686480536375460000,0.9995,1155,84,0.9993,1684,144,13438.309085,"{'ZERO': '0.000200140098068648053637546', 'MAKER_A_0.2BP': '0.000160132892608834503986394', 'MAKER_B_0.5BP': '0.000100125084809504146027563', 'STRESS_1BP': '1.20072051636025229660E-7'}",8,0.020014009806864805363754600,2,2026-04-21,1775149.00000000,2798714.00000000
0.0001500825453999699834909200060,8116.45313900,13944.35512140,14672.84286920,15255.63306744,2,3.002101471029720804563190000,0.9996,146,61,0.9993,1684,144,15401.330617,"{'ZERO': '0.000300210147102972080456319', 'MAKER_A_0.2BP': '0.000260198938921251595982791', 'MAKER_B_0.5BP': '0.000200185127339249969353829', 'STRESS_1BP': '0.000100170109077354047843489'}",9,0.030021014710297208045631900,3,2026-04-21,175822.00000000,2798714.00000000
0.0001501125844383287465599199400,9513.82261900,9513.82261900,9513.82261900,9513.82261900,1,3.002702432188970073065760000,0.9994,1095,137,0.9991,238,36,9513.822619,"{'ZERO': '0.000300270243218897007306576', 'MAKER_A_0.2BP': '0.000260259032633379961767194', 'MAKER_B_0.5BP': '0.000200245217445863769267747', 'STRESS_1BP': '0.000100230193175257591846661'}",10,0.030027024321889700730657600,3,2026-04-21,1457378.00000000,622417.00000000
0.00005002251012955830123555600020,55.94662200,301.74725100,470.14592550,6134.90349250,151,1.000500250125062531265630000,0.9996,1779,196,0.9995,2243,294,18990.959025,"{'ZERO': '0.000100050025012506253126563', 'MAKER_A_0.2BP': '0.000060046823075544492111659', 'MAKER_B_0.5BP': '4.5020260242615683123E-8', 'STRESS_1BP': '-0.0000999499849914958479139580'}",1,0.010005002501250625312656300,1,2026-04-22,3469900.00000000,4639841.00000000
0.00005002751513332332783030666867,45.80427050,321.19626320,478.78859565,999.05101179,134,1.000600360216129677806680000,0.9995,2243,294,0.9994,1137,175,2551.43063,"{'ZERO': '0.000100060036021612967780668', 'MAKER_A_0.2BP': '0.000060056833684218851144290', 'MAKER_B_0.5BP': '5.5030268298472208669E-8', 'STRESS_1BP': '-0.0000999399759843907544406656'}",2,0.010006003602161296778066800,1,2026-04-22,4639841.00000000,1315099.00000000
0.00005001750612714450057520132046,98.74636600,432.08887140,1607.58110920,11779.39683748,49,1.000400160064025610244100000,0.9997,133,53,0.9996,1779,196,19535.132149,"{'ZERO': '0.000100040016006402561024410', 'MAKER_A_0.2BP': '0.000060036814469793037112447', 'MAKER_B_0.5BP': '3.5012254989491421787E-8', 'STRESS_1BP': '-0.0000999599919959984793837543'}",3,0.010004001600640256102441000,1,2026-04-22,112820.00000000,3469900.00000000
0.00005003252113874018111772652224,8.17649500,152.63771020,257.22583210,4623.05865303,44,1.000700490343240268187730000,0.9994,1137,175,0.9993,321,67,7847.242977,"{'ZERO': '0.000100070049034324026818773', 'MAKER_A_0.2BP': '0.000060066846296417411989997', 'MAKER_B_0.5BP': '6.5042279758322701297E-8', 'STRESS_1BP': '-0.0000999299649740819973841703'}",4,0.010007004903432402681877300,1,2026-04-22,1315099.00000000,431506.00000000
0.00005003752814610958218663997998,37.38563550,182.53659470,191.55702725,203.27206385,18,1.000800640512409927942350000,0.9993,321,67,0.9992,34,18,206.200823,"{'ZERO': '0.000100080064051240992794235', 'MAKER_A_0.2BP': '0.000060076860912741713140117', 'MAKER_B_0.5BP': '7.5056295223669561118E-8', 'STRESS_1BP': '-0.0000999199519599681344915949'}",5,0.010008006405124099279423500,1,2026-04-22,431506.00000000,148997.00000000
0.0001000400160064025610244097639,170.34718400,8699.63426340,13707.33644060,17962.83577532,13,2.001000500250125062531270000,0.9997,133,53,0.9995,2243,294,19026.710609,"{'ZERO': '0.000200100050025012506253127', 'MAKER_A_0.2BP': '0.000160092846167088664229717', 'MAKER_B_0.5BP': '0.000100085040770472731991214', 'STRESS_1BP': '8.0032016808324170084E-8'}",6,0.020010005002501250625312700,2,2026-04-22,112820.00000000,4639841.00000000
0.0001000600360216129677806684010,75.30707700,410.91142440,4916.76025690,9302.29093698,12,2.001400980686480536375460000,0.9995,2243,294,0.9993,321,67,10398.673607,"{'ZERO': '0.000200140098068648053637546', 'MAKER_A_0.2BP': '0.000160132892608834503986394', 'MAKER_B_0.5BP': '0.000100125084809504146027563', 'STRESS_1BP': '1.20072051636025229660E-7'}",7,0.020014009806864805363754600,2,2026-04-22,4639841.00000000,431506.00000000
0.0001000500250125062531265632816,766.19401300,13991.42348090,16396.42398545,18320.42438909,8,2.001200720432259355613370000,0.9996,1779,196,0.9994,1137,175,18801.42449,"{'ZERO': '0.000200120072043225935561337', 'MAKER_A_0.2BP': '0.000160112867384437382294980', 'MAKER_B_0.5BP': '0.000100105060786584445042307', 'STRESS_1BP': '1.00050031018511116669E-7'}",8,0.020012007204322593556133700,2,2026-04-22,3469900.00000000,1315099.00000000
0.0001500675303886749037066680006,13946.17090650,14933.09353170,15056.45885985,15155.15112237,2,3.001801080648389033420050000,0.9997,133,53,0.9994,1137,175,15179.824188,"{'ZERO': '0.000300180108064838903342005', 'MAKER_A_0.2BP': '0.000260168901084655913445669', 'MAKER_B_0.5BP': '0.000200155091304870417875944', 'STRESS_1BP': '0.000100140076046427776674004'}",9,0.030018010806483890334200500,3,2026-04-22,112820.00000000,1315099.00000000
0.0001500975634162205433531795667,10190.69001600,10190.69001600,10190.69001600,10190.69001600,1,3.002401921537229783827060000,0.9995,2243,294,0.9992,34,18,10190.690016,"{'ZERO': '0.000300240192153722978382706', 'MAKER_A_0.2BP': '0.000260228982770224499433150', 'MAKER_B_0.5BP': '0.000200215169385646009933290', 'STRESS_1BP': '0.000100200148119695636521216'}",10,0.030024019215372297838270600,3,2026-04-22,4639841.00000000,148997.00000000
0.00005004754516790951403833641960,58.29036000,441.23507080,602.40697980,3306.16991176,117,1.001001001001001001001000000,0.9991,1752,224,0.999,1098,196,7357.119172,"{'ZERO': '0.000100100100100100100100100', 'MAKER_A_0.2BP': '0.000060096896160174894600206', 'MAKER_B_0.5BP': '9.5090340578066191786E-8', 'STRESS_1BP': '-0.0000998999199179181180981001'}",1,0.010010010010010010010010000,1,2026-04-23,3010011.00000000,2086092.00000000
0.00005004253615573237251663914327,48.03008850,366.14643580,590.31942625,15383.21911050,104,1.000900810729656691021920000,0.9992,662,138,0.9991,1752,224,18967.556955,"{'ZERO': '0.000100090081072965669102192', 'MAKER_A_0.2BP': '0.000060086877533793533918132', 'MAKER_B_0.5BP': '8.5072315296256005937E-8', 'STRESS_1BP': '-0.0000999099369414474827164466'}",2,0.010009008107296566910219200,1,2026-04-23,1529583.00000000,3010011.00000000
0.00005005255518294208919365333600,39.24382100,378.74253920,526.19593280,1543.82450544,75,1.001101211332465712283510000,0.999,1098,196,0.9989,489,84,2456.594854,"{'ZERO': '0.000100110121133246571228351', 'MAKER_A_0.2BP': '0.000060106916792488056535796', 'MAKER_B_0.5BP': '1.05110371671325333523E-7', 'STRESS_1BP': '-0.0000998899008887778756412075'}",3,0.010011012113324657122835100,1,2026-04-23,2086092.00000000,538701.00000000
0.00005002751513332332783030666867,34.53610250,299.24377720,387.81896585,1468.91870659,54,1.000600360216129677806680000,0.9995,217,66,0.9994,568,74,2149.336627,"{'ZERO': '0.000100060036021612967780668', 'MAKER_A_0.2BP': '0.000060056833684218851144290', 'MAKER_B_0.5BP': '5.5030268298472208669E-8', 'STRESS_1BP': '-0.0000999399759843907544406656'}",4,0.010006003602161296778066800,1,2026-04-23,149082.00000000,1111649.00000000
0.0001000900810729656691021919728,106.95028050,3559.23141780,13906.61237610,18180.05288371,24,2.002002002002002002002000000,0.9992,662,138,0.999,1098,196,18913.56008,"{'ZERO': '0.000200200200200200200200200', 'MAKER_A_0.2BP': '0.000160192992336349469206812', 'MAKER_B_0.5BP': '0.000100185180931143633008540', 'STRESS_1BP': '1.80162163963783801800E-7'}",5,0.020020020020020020020020000,2,2026-04-23,1529583.00000000,2086092.00000000
0.00005003752814610958218663997998,32.77874950,1053.29092960,2367.06424250,29023.84658838,24,1.000800640512409927942350000,0.9993,336,44,0.9992,662,138,36927.119191,"{'ZERO': '0.000100080064051240992794235', 'MAKER_A_0.2BP': '0.000060076860912741713140117', 'MAKER_B_0.5BP': '7.5056295223669561118E-8', 'STRESS_1BP': '-0.0000999199519599681344915949'}",6,0.010008006405124099279423500,1,2026-04-23,426041.00000000,1529583.00000000
0.0001001001001001001001001001001,292.39583000,2959.71886100,4232.75665700,6729.51982820,17,2.002202422664931424567020000,0.9991,1752,224,0.9989,489,84,7353.710621,"{'ZERO': '0.000200220242266493142456702', 'MAKER_A_0.2BP': '0.000160213033600975793077992', 'MAKER_B_0.5BP': '0.000100205220993330151292015', 'STRESS_1BP': '2.00200222244268715585E-7'}",7,0.020022024226649314245670200,2,2026-04-23,3010011.00000000,538701.00000000
0.00005003252113874018111772652224,107.20721000,468.63914720,969.70778760,2212.73962952,17,1.000700490343240268187730000,0.9994,568,74,0.9993,336,44,2523.49759,"{'ZERO': '0.000100070049034324026818773', 'MAKER_A_0.2BP': '0.000060066846296417411989997', 'MAKER_B_0.5BP': '6.5042279758322701297E-8', 'STRESS_1BP': '-0.0000999299649740819973841703'}",8,0.010007004903432402681877300,1,2026-04-23,1111649.00000000,426041.00000000
0.00005002251012955830123555600020,35.94466400,1141.01707340,5761.25082920,9457.43783384,10,1.000500250125062531265630000,0.9996,35,10,0.9995,217,66,10381.484585,"{'ZERO': '0.000100050025012506253126563', 'MAKER_A_0.2BP': '0.000060046823075544492111659', 'MAKER_B_0.5BP': '4.5020260242615683123E-8', 'STRESS_1BP': '-0.0000999499849914958479139580'}",9,0.010005002501250625312656300,1,2026-04-23,18312.00000000,149082.00000000
0.0001000700490343240268187731412,117.81070300,486.78249820,492.26619060,496.65314452,9,2.001601281024819855884710000,0.9994,568,74,0.9992,662,138,497.749883,"{'ZERO': '0.000200160128102481985588471', 'MAKER_A_0.2BP': '0.000160152921841483106286633', 'MAKER_B_0.5BP': '0.000100145112840434839747204', 'STRESS_1BP': '1.40098079863751014810E-7'}",10,0.020016012810248198558847100,2,2026-04-23,1111649.00000000,1529583.00000000
0.00005004253615573237251663914327,56.99862350,565.05563770,937.44505550,3551.41354969,94,1.000900810729656691021920000,0.9992,622,132,0.9991,1190,163,14154.372442,"{'ZERO': '0.000100090081072965669102192', 'MAKER_A_0.2BP': '0.000060086877533793533918132', 'MAKER_B_0.5BP': '8.5072315296256005937E-8', 'STRESS_1BP': '-0.0000999099369414474827164466'}",1,0.010009008107296566910219200,1,2026-04-24,878545.00000000,1031143.00000000
0.00005004754516790951403833641960,51.69255400,872.94003320,1372.35197210,6262.64983412,75,1.001001001001001001001000000,0.9991,1190,163,0.999,898,146,11027.072392,"{'ZERO': '0.000100100100100100100100100', 'MAKER_A_0.2BP': '0.000060096896160174894600206', 'MAKER_B_0.5BP': '9.5090340578066191786E-8', 'STRESS_1BP': '-0.0000998999199179181180981001'}",2,0.010010010010010010010010000,1,2026-04-24,1031143.00000000,1138969.00000000
0.00005005255518294208919365333600,48.17674100,399.32338000,525.44750700,885.54170980,61,1.001101211332465712283510000,0.999,898,146,0.9989,136,62,1167.498625,"{'ZERO': '0.000100110121133246571228351', 'MAKER_A_0.2BP': '0.000060106916792488056535796', 'MAKER_B_0.5BP': '1.05110371671325333523E-7', 'STRESS_1BP': '-0.0000998899008887778756412075'}",3,0.010011012113324657122835100,1,2026-04-24,1138969.00000000,98941.00000000
0.0001000900810729656691021919728,242.37777400,1340.03183200,2334.26553850,11283.02923250,26,2.002002002002002002002000000,0.9992,622,132,0.999,898,146,14173.883592,"{'ZERO': '0.000200200200200200200200200', 'MAKER_A_0.2BP': '0.000160192992336349469206812', 'MAKER_B_0.5BP': '0.000100185180931143633008540', 'STRESS_1BP': '1.80162163963783801800E-7'}",4,0.020020020020020020020020000,2,2026-04-24,878545.00000000,1138969.00000000
0.00005003752814610958218663997998,137.39427200,484.06692950,554.83813000,4347.57096375,26,1.000800640512409927942350000,0.9993,61,27,0.9992,622,132,5611.629889,"{'ZERO': '0.000100080064051240992794235', 'MAKER_A_0.2BP': '0.000060076860912741713140117', 'MAKER_B_0.5BP': '7.5056295223669561118E-8', 'STRESS_1BP': '-0.0000999199519599681344915949'}",5,0.010008006405124099279423500,1,2026-04-24,54408.00000000,878545.00000000
0.0001001001001001001001001001001,404.05423100,7277.34492940,9376.06513720,11055.04130344,7,2.002202422664931424567020000,0.9991,1190,163,0.9989,136,62,11474.785345,"{'ZERO': '0.000200220242266493142456702', 'MAKER_A_0.2BP': '0.000160213033600975793077992', 'MAKER_B_0.5BP': '0.000100205220993330151292015', 'STRESS_1BP': '2.00200222244268715585E-7'}",6,0.020022024226649314245670200,2,2026-04-24,1031143.00000000,98941.00000000
0.0001000800640512409927942353883,94.31206100,1964.16517800,3316.17308250,4397.77940610,7,2.001801621459313382043840000,0.9993,61,27,0.9991,1190,163,4668.180987,"{'ZERO': '0.000200180162145931338204384', 'MAKER_A_0.2BP': '0.000160172955083586747842663', 'MAKER_B_0.5BP': '0.000100165144880580012636842', 'STRESS_1BP': '1.60128116905054565107E-7'}",7,0.020018016214593133820438400,2,2026-04-24,54408.00000000,1031143.00000000
0.0001501426355037285421150092588,4311.63725050,6556.61540450,6837.23767375,7061.73548915,2,3.003303633997397136850540000,0.9992,622,132,0.9989,136,62,7117.859943,"{'ZERO': '0.000300330363399739713685054', 'MAKER_A_0.2BP': '0.000260319150409463529620187', 'MAKER_B_0.5BP': '0.000200305331614988977250507', 'STRESS_1BP': '0.000100290301333266413072378'}",8,0.030033036339973971368505400,3,2026-04-24,878545.00000000,98941.00000000
0.0001501276084671971175499174298,5839.10387100,5839.10387100,5839.10387100,5839.10387100,1,3.003003003003003003003000000,0.9993,61,27,0.999,898,146,5839.103871,"{'ZERO': '0.000300300300300300300300300', 'MAKER_A_0.2BP': '0.000260289088512524043813418', 'MAKER_B_0.5BP': '0.000200275271521709199825294', 'STRESS_1BP': '0.000100260244245845685701700'}",9,0.030030030030030030030030000,3,2026-04-24,54408.00000000,1138969.00000000
0.00005006759124818504981725329194,42.79063000,636.79796800,811.03243790,1648.70384572,83,1.001401962747846985780090000,0.9987,576,127,0.9986,549,109,1793.283502,"{'ZERO': '0.000100140196274784698578009', 'MAKER_A_0.2BP': '0.000060136990731044581992398', 'MAKER_B_0.5BP': '1.35182505845667059727E-7', 'STRESS_1BP': '-0.0000998598317616666132305255'}",1,0.010014019627478469857800900,1,2026-04-25,1431896.00000000,311288.00000000
0.00005005255518294208919365333600,48.04526750,344.68529000,380.76054990,669.19475823,32,1.001101211332465712283510000,0.999,248,37,0.9989,69,33,788.082197,"{'ZERO': '0.000100110121133246571228351', 'MAKER_A_0.2BP': '0.000060106916792488056535796', 'MAKER_B_0.5BP': '1.05110371671325333523E-7', 'STRESS_1BP': '-0.0000998899008887778756412075'}",2,0.010011012113324657122835100,1,2026-04-25,300570.00000000,41767.00000000
0.00005006257822277847309136420526,193.14711100,990.57045800,2668.22085700,10804.00338430,31,1.001301692199859817763090000,0.9988,92,32,0.9987,576,127,13637.823271,"{'ZERO': '0.000100130169219985981776309', 'MAKER_A_0.2BP': '0.000060126964077320035655961', 'MAKER_B_0.5BP': '1.25156453702297362352E-7', 'STRESS_1BP': '-0.0000998698568112548913327352'}",3,0.010013016921998598177630900,1,2026-04-25,113394.00000000,1431896.00000000
0.00005007260527765259626458364629,43.38165300,1644.43671650,1937.51930150,8706.01191375,26,1.001502253380070105157740000,0.9986,549,109,0.9985,143,45,10941.780162,"{'ZERO': '0.000100150225338007010515774', 'MAKER_A_0.2BP': '0.000060147019393112388127801', 'MAKER_B_0.5BP': '1.45210566211799575269E-7', 'STRESS_1BP': '-0.0000998498047040563845468232'}",4,0.010015022533800701051577400,1,2026-04-25,311288.00000000,297651.00000000
0.00005004253615573237251663914327,188.46718400,927.94161870,1329.09946905,8461.85175012,24,1.000900810729656691021920000,0.9992,103,31,0.9991,165,28,10575.109335,"{'ZERO': '0.000100090081072965669102192', 'MAKER_A_0.2BP': '0.000060086877533793533918132', 'MAKER_B_0.5BP': '8.5072315296256005937E-8', 'STRESS_1BP': '-0.0000999099369414474827164466'}",5,0.010009008107296566910219200,1,2026-04-25,200940.00000000,350559.00000000
0.0001001401962747846985780092129,223.57469900,582.48931100,1045.05165005,1698.91163928,22,2.003004506760140210315470000,0.9987,576,127,0.9985,143,45,1866.358128,"{'ZERO': '0.000200300450676014021031547', 'MAKER_A_0.2BP': '0.000160293238802224456262001', 'MAKER_B_0.5BP': '0.000100285421382411099775507', 'STRESS_1BP': '2.80392591687250904354E-7'}",6,0.020030045067601402103154700,2,2026-04-25,1431896.00000000,297651.00000000
0.0001001502253380070105157736605,206.39324400,1118.65278460,1146.48806830,1168.75629526,10,2.003205128205128205128210000,0.9986,549,109,0.9984,39,15,1174.323352,"{'ZERO': '0.000200320512820512820512821', 'MAKER_A_0.2BP': '0.000160313300144253525185907', 'MAKER_B_0.5BP': '0.000100305481520795755084041', 'STRESS_1BP': '3.00450724158353395430E-7'}",7,0.020032051282051282051282100,2,2026-04-25,311288.00000000,14150.00000000
0.00005007762031148279833742300566,87.57875250,3753.84216100,4377.93631350,4877.21163550,8,1.001602564102564102564100000,0.9985,143,45,0.9984,39,15,5002.030466,"{'ZERO': '0.000100160256410256410256410', 'MAKER_A_0.2BP': '0.000060157050064126922589753', 'MAKER_B_0.5BP': '1.55240635404127229536E-7', 'STRESS_1BP': '-0.0000998397756378208333012853'}",8,0.010016025641025641025641000,1,2026-04-25,297651.00000000,14150.00000000
0.00005003752814610958218663997998,156.84563000,462.55462820,486.91427510,506.40199262,7,1.000800640512409927942350000,0.9993,21,7,0.9992,103,31,511.273922,"{'ZERO': '0.000100080064051240992794235', 'MAKER_A_0.2BP': '0.000060076860912741713140117', 'MAKER_B_0.5BP': '7.5056295223669561118E-8', 'STRESS_1BP': '-0.0000999199519599681344915949'}",9,0.010008006405124099279423500,1,2026-04-25,113053.00000000,200940.00000000
0.00005004754516790951403833641960,1101.32654050,7484.89012630,8690.93414065,9655.76935213,4,1.001001001001001001001000000,0.9991,165,28,0.999,248,37,9896.978155,"{'ZERO': '0.000100100100100100100100100', 'MAKER_A_0.2BP': '0.000060096896160174894600206', 'MAKER_B_0.5BP': '9.5090340578066191786E-8', 'STRESS_1BP': '-0.0000998999199179181180981001'}",10,0.010010010010010010010010000,1,2026-04-25,350559.00000000,300570.00000000
0.00005007260527765259626458364629,45.16002400,595.76229350,899.66140950,1949.28396875,136,1.001502253380070105157740000,0.9986,1955,259,0.9985,983,152,2750.434379,"{'ZERO': '0.000100150225338007010515774', 'MAKER_A_0.2BP': '0.000060147019393112388127801', 'MAKER_B_0.5BP': '1.45210566211799575269E-7', 'STRESS_1BP': '-0.0000998498047040563845468232'}",1,0.010015022533800701051577400,1,2026-04-26,7856495.00000000,2414105.00000000
0.00005006759124818504981725329194,133.00679700,870.31230320,1738.08857015,6708.22619099,128,1.001401962747846985780090000,0.9987,896,157,0.9986,1955,259,9168.053919,"{'ZERO': '0.000100140196274784698578009', 'MAKER_A_0.2BP': '0.000060136990731044581992398', 'MAKER_B_0.5BP': '1.35182505845667059727E-7', 'STRESS_1BP': '-0.0000998598317616666132305255'}",2,0.010014019627478469857800900,1,2026-04-26,3325628.00000000,7856495.00000000
0.00005006257822277847309136420526,73.60690100,2712.39487040,22536.73423460,34341.96523344,27,1.001301692199859817763090000,0.9988,122,28,0.9987,896,157,35718.263509,"{'ZERO': '0.000100130169219985981776309', 'MAKER_A_0.2BP': '0.000060126964077320035655961', 'MAKER_B_0.5BP': '1.25156453702297362352E-7', 'STRESS_1BP': '-0.0000998698568112548913327352'}",3,0.010013016921998598177630900,1,2026-04-26,1011425.00000000,3325628.00000000
0.0001001401962747846985780092129,555.26244100,4793.87283360,6940.58926630,8699.83368836,23,2.003004506760140210315470000,0.9987,896,157,0.9985,983,152,9141.886401,"{'ZERO': '0.000200300450676014021031547', 'MAKER_A_0.2BP': '0.000160293238802224456262001', 'MAKER_B_0.5BP': '0.000100285421382411099775507', 'STRESS_1BP': '2.80392591687250904354E-7'}",4,0.020030045067601402103154700,2,2026-04-26,3325628.00000000,2414105.00000000
0.00005007762031148279833742300566,17.93107500,98.63963880,196.48415095,289.54388299,12,1.001602564102564102564100000,0.9985,983,152,0.9984,39,12,312.808816,"{'ZERO': '0.000100160256410256410256410', 'MAKER_A_0.2BP': '0.000060157050064126922589753', 'MAKER_B_0.5BP': '1.55240635404127229536E-7', 'STRESS_1BP': '-0.0000998397756378208333012853'}",5,0.010016025641025641025641000,1,2026-04-26,2414105.00000000,95956.00000000
0.0001001301692199859817763092020,1435.44386850,31798.23300370,33758.25318785,35326.26933517,8,2.002803925495693971560180000,0.9988,122,28,0.9986,1955,259,35718.273372,"{'ZERO': '0.000200280392549569397156018', 'MAKER_A_0.2BP': '0.000160273181478088843991195', 'MAKER_B_0.5BP': '0.000100265365261678834744423', 'STRESS_1BP': '2.60338476466793536949E-7'}",6,0.020028039254956939715601800,2,2026-04-26,1011425.00000000,7856495.00000000
0.0001502027737445551494517598758,590.11499200,30738.60075760,33124.49925730,35033.21805706,7,3.004506760140210315473210000,0.9988,122,28,0.9985,983,152,35510.397757,"{'ZERO': '0.000300450676014021031547321', 'MAKER_A_0.2BP': '0.000260439458211336524396202', 'MAKER_B_0.5BP': '0.000200425632198610399975745', 'STRESS_1BP': '0.000100410589887430886355531'}",7,0.030045067601402103154732100,3,2026-04-26,1011425.00000000,2414105.00000000
0.0001001502253380070105157736605,108.50469350,809.70985100,810.47744250,811.09151570,6,2.003205128205128205128210000,0.9986,1955,259,0.9984,39,12,811.245034,"{'ZERO': '0.000200320512820512820512821', 'MAKER_A_0.2BP': '0.000160313300144253525185907', 'MAKER_B_0.5BP': '0.000100305481520795755084041', 'STRESS_1BP': '3.00450724158353395430E-7'}",8,0.020032051282051282051282100,2,2026-04-26,7856495.00000000,95956.00000000
0.0001502178158329577887937509389,471.59736500,1183.65555360,1231.65217280,1270.04946816,5,3.004807692307692307692310000,0.9987,896,157,0.9984,39,12,1279.648792,"{'ZERO': '0.000300480769230769230769231', 'MAKER_A_0.2BP': '0.000260469550224380127782060', 'MAKER_B_0.5BP': '0.000200455722406187382938545', 'STRESS_1BP': '0.000100440677086137540092145'}",9,0.030048076923076923076923100,3,2026-04-26,3325628.00000000,95956.00000000
0.0001501877346683354192740926158,86012.57205300,86012.57205300,86012.57205300,86012.57205300,1,3.004205888243540957340280000,0.9989,1,1,0.9986,1955,259,86012.572053,"{'ZERO': '0.000300420588824354095734028', 'MAKER_A_0.2BP': '0.000260409372225133105989993', 'MAKER_B_0.5BP': '0.000200395548017512002429119', 'STRESS_1BP': '0.000100380508714600200304424'}",10,0.030042058882435409573402800,3,2026-04-26,11.00000000,7856495.00000000
0.00005007260527765259626458364629,16.08738800,341.46031240,1687.99576460,3973.11813909,108,1.001502253380070105157740000,0.9986,1078,203,0.9985,1317,200,5297.220792,"{'ZERO': '0.000100150225338007010515774', 'MAKER_A_0.2BP': '0.000060147019393112388127801', 'MAKER_B_0.5BP': '1.45210566211799575269E-7', 'STRESS_1BP': '-0.0000998498047040563845468232'}",1,0.010015022533800701051577400,1,2026-04-27,7209105.00000000,21246264.00000000
0.00005006759124818504981725329194,32.17093100,286.71594040,1651.00262300,5357.38199672,99,1.001401962747846985780090000,0.9987,1157,155,0.9986,1078,203,6270.763837,"{'ZERO': '0.000100140196274784698578009', 'MAKER_A_0.2BP': '0.000060136990731044581992398', 'MAKER_B_0.5BP': '1.35182505845667059727E-7', 'STRESS_1BP': '-0.0000998598317616666132305255'}",2,0.010014019627478469857800900,1,2026-04-27,10422685.00000000,7209105.00000000
0.00005007762031148279833742300566,50.78594300,475.26259520,1320.63709535,5165.06931530,94,1.001602564102564102564100000,0.9985,1317,200,0.9984,1303,177,8177.817326,"{'ZERO': '0.000100160256410256410256410', 'MAKER_A_0.2BP': '0.000060157050064126922589753', 'MAKER_B_0.5BP': '1.55240635404127229536E-7', 'STRESS_1BP': '-0.0000998397756378208333012853'}",3,0.010016025641025641025641000,1,2026-04-27,21246264.00000000,9686872.00000000
0.00005008263634997746281364251014,51.85690800,520.22960600,636.06629275,2087.12839497,78,1.001702894921366322748670000,0.9984,1303,177,0.9983,1041,109,4902.136313,"{'ZERO': '0.000100170289492136632274867', 'MAKER_A_0.2BP': '0.000060167082744691895704308', 'MAKER_B_0.5BP': '1.65272714026324127047E-7', 'STRESS_1BP': '-0.0000998297445623563457537848'}",4,0.010017028949213663227486700,1,2026-04-27,9686872.00000000,4701804.00000000
0.00005006257822277847309136420526,30.06429450,1267.02545450,2677.30484350,8121.82302183,58,1.001301692199859817763090000,0.9988,973,92,0.9987,1157,155,11694.288321,"{'ZERO': '0.000100130169219985981776309', 'MAKER_A_0.2BP': '0.000060126964077320035655961', 'MAKER_B_0.5BP': '1.25156453702297362352E-7', 'STRESS_1BP': '-0.0000998698568112548913327352'}",5,0.010013016921998598177630900,1,2026-04-27,5568788.00000000,10422685.00000000
0.00005005756620113130099614556740,47.47574700,2194.22015470,7342.77301050,12150.28342350,34,1.001201441730076091309570000,0.9989,638,63,0.9988,973,92,14254.949553,"{'ZERO': '0.000100120144173007609130957', 'MAKER_A_0.2BP': '0.000060116939431335522268329', 'MAKER_B_0.5BP': '1.15132409178499825509E-7', 'STRESS_1BP': '-0.0000998798798534243491950364'}",6,0.010012014417300760913095700,1,2026-04-27,5635612.00000000,5568788.00000000
0.00005008765339343851740545955422,32.55892600,219.01211590,448.62928925,3878.42272354,30,1.001803245842516529753560000,0.9983,1041,109,0.9982,118,39,5218.153551,"{'ZERO': '0.000100180324584251652975356', 'MAKER_A_0.2BP': '0.000060177117435411259717102', 'MAKER_B_0.5BP': '1.75306802682306277393E-7', 'STRESS_1BP': '-0.0000998197114770590662833136'}",7,0.010018032458425165297535600,1,2026-04-27,4701804.00000000,42389.00000000
0.00005005255518294208919365333600,13.96623200,2666.31914660,2885.31503540,5968.95498404,29,1.001101211332465712283510000,0.999,556,43,0.9989,638,63,7155.586411,"{'ZERO': '0.000100110121133246571228351', 'MAKER_A_0.2BP': '0.000060106916792488056535796', 'MAKER_B_0.5BP': '1.05110371671325333523E-7', 'STRESS_1BP': '-0.0000998899008887778756412075'}",8,0.010011012113324657122835100,1,2026-04-27,3491575.00000000,5635612.00000000
0.0001001602564102564102564102564,223.02263800,3051.11319560,5280.61540090,8004.48411298,19,2.003405789842732645497350000,0.9985,1317,200,0.9983,1041,109,8685.451291,"{'ZERO': '0.000200340578984273264549735', 'MAKER_A_0.2BP': '0.000160333365505383471415015', 'MAKER_B_0.5BP': '0.000100325545678040148879063', 'STRESS_1BP': '3.20512875087328490431E-7'}",9,0.020034057898427326454973500,2,2026-04-27,21246264.00000000,4701804.00000000
0.0001001301692199859817763092020,599.90008600,5109.47424020,6009.80636690,10500.60498218,19,2.002803925495693971560180000,0.9988,973,92,0.9986,1078,203,11623.304636,"{'ZERO': '0.000200280392549569397156018', 'MAKER_A_0.2BP': '0.000160273181478088843991195', 'MAKER_B_0.5BP': '0.000100265365261678834744423', 'STRESS_1BP': '2.60338476466793536949E-7'}",10,0.020028039254956939715601800,2,2026-04-27,5568788.00000000,7209105.00000000
0.00005008263634997746281364251014,232.99317800,979.18425300,1729.02005100,2365.80218300,101,1.001702894921366322748670000,0.9984,336,102,0.9983,1204,205,8950.261436,"{'ZERO': '0.000100170289492136632274867', 'MAKER_A_0.2BP': '0.000060167082744691895704308', 'MAKER_B_0.5BP': '1.65272714026324127047E-7', 'STRESS_1BP': '-0.0000998297445623563457537848'}",1,0.010017028949213663227486700,1,2026-04-28,217260.00000000,2434345.00000000
0.00005008765339343851740545955422,120.27668750,783.90702140,1066.47443675,1258.67359108,100,1.001803245842516529753560000,0.9983,1204,205,0.9982,684,105,1307.543266,"{'ZERO': '0.000100180324584251652975356', 'MAKER_A_0.2BP': '0.000060177117435411259717102', 'MAKER_B_0.5BP': '1.75306802682306277393E-7', 'STRESS_1BP': '-0.0000998197114770590662833136'}",2,0.010018032458425165297535600,1,2026-04-28,2434345.00000000,1696929.00000000
0.0001001803245842516529753556402,162.31320850,526.58344730,685.92533865,830.38730773,12,2.003807233744113816250880000,0.9983,1204,205,0.9981,29,13,866.5028,"{'ZERO': '0.000200380723374411381625088', 'MAKER_A_0.2BP': '0.000160373508289778097835498', 'MAKER_B_0.5BP': '0.000100365686053939964057804', 'STRESS_1BP': '3.60649237150225464379E-7'}",3,0.020038072337441138162508800,2,2026-04-28,2434345.00000000,2285.00000000
0.0001001702894921366322748672744,1049.72954400,3294.76412600,5919.40160400,8019.11158640,9,2.003606491685033059507110000,0.9984,336,102,0.9982,684,105,8544.039082,"{'ZERO': '0.000200360649168503305950711', 'MAKER_A_0.2BP': '0.000160353434886822199440603', 'MAKER_B_0.5BP': '0.000100345613855352113179755', 'STRESS_1BP': '3.40579045681887431373E-7'}",4,0.020036064916850330595071100,2,2026-04-28,217260.00000000,1696929.00000000
0.00005009267144216801082001703151,231.00160300,2123.47520800,2268.06124700,2383.73007820,6,1.001903616872056908125440000,0.9982,684,105,0.9981,29,13,2412.647286,"{'ZERO': '0.000100190361687205690812544', 'MAKER_A_0.2BP': '0.000060187154136889208914549', 'MAKER_B_0.5BP': '1.85342901976231716417E-7', 'STRESS_1BP': '-0.0000998096763813248972668107'}",5,0.010019036168720569081254400,1,2026-04-28,1696929.00000000,2285.00000000
0.00005007260527765259626458364629,42.04205550,305.39556750,1612.64782470,6804.03812711,70,1.001502253380070105157740000,0.9986,897,110,0.9985,1158,137,8431.896119,"{'ZERO': '0.000100150225338007010515774', 'MAKER_A_0.2BP': '0.000060147019393112388127801', 'MAKER_B_0.5BP': '1.45210566211799575269E-7', 'STRESS_1BP': '-0.0000998498047040563845468232'}",1,0.010015022533800701051577400,1,2026-04-29,10093765.00000000,6869689.00000000
0.00005007762031148279833742300566,34.89330600,231.30393140,771.74074020,2810.63114252,57,1.001602564102564102564100000,0.9985,1158,137,0.9984,324,72,4780.697931,"{'ZERO': '0.000100160256410256410256410', 'MAKER_A_0.2BP': '0.000060157050064126922589753', 'MAKER_B_0.5BP': '1.55240635404127229536E-7', 'STRESS_1BP': '-0.0000998397756378208333012853'}",2,0.010016025641025641025641000,1,2026-04-29,6869689.00000000,2721590.00000000
0.00005004754516790951403833641960,68.88439100,390.01511000,1055.02988885,2732.11615293,48,1.001001001001001001001000000,0.9991,734,94,0.999,568,82,3294.584226,"{'ZERO': '0.000100100100100100100100100', 'MAKER_A_0.2BP': '0.000060096896160174894600206', 'MAKER_B_0.5BP': '9.5090340578066191786E-8', 'STRESS_1BP': '-0.0000998999199179181180981001'}",3,0.010010010010010010010010000,1,2026-04-29,1112679.00000000,2086707.00000000
0.00005006759124818504981725329194,39.40130050,772.36427100,2718.76053175,9533.76425515,46,1.001401962747846985780090000,0.9987,646,88,0.9986,897,110,14622.645529,"{'ZERO': '0.000100140196274784698578009', 'MAKER_A_0.2BP': '0.000060136990731044581992398', 'MAKER_B_0.5BP': '1.35182505845667059727E-7', 'STRESS_1BP': '-0.0000998598317616666132305255'}",4,0.010014019627478469857800900,1,2026-04-29,5336661.00000000,10093765.00000000
0.00005005756620113130099614556740,50.74695450,522.52532790,1857.10797375,2010.74357184,40,1.001201441730076091309570000,0.9989,224,79,0.9988,429,70,2057.701305,"{'ZERO': '0.000100120144173007609130957', 'MAKER_A_0.2BP': '0.000060116939431335522268329', 'MAKER_B_0.5BP': '1.15132409178499825509E-7', 'STRESS_1BP': '-0.0000998798798534243491950364'}",5,0.010012014417300760913095700,1,2026-04-29,507601.00000000,696926.00000000
0.00005004253615573237251663914327,11.32810200,645.11437020,2045.58122320,5823.87048280,39,1.000900810729656691021920000,0.9992,322,54,0.9991,734,94,7231.915183,"{'ZERO': '0.000100090081072965669102192', 'MAKER_A_0.2BP': '0.000060086877533793533918132', 'MAKER_B_0.5BP': '8.5072315296256005937E-8', 'STRESS_1BP': '-0.0000999099369414474827164466'}",6,0.010009008107296566910219200,1,2026-04-29,553070.00000000,1112679.00000000
0.00005005255518294208919365333600,28.06951700,338.33755300,1179.60627400,1970.40857736,37,1.001101211332465712283510000,0.999,568,82,0.9989,224,79,2286.799131,"{'ZERO': '0.000100110121133246571228351', 'MAKER_A_0.2BP': '0.000060106916792488056535796', 'MAKER_B_0.5BP': '1.05110371671325333523E-7', 'STRESS_1BP': '-0.0000998899008887778756412075'}",7,0.010011012113324657122835100,1,2026-04-29,2086707.00000000,507601.00000000
0.00005006257822277847309136420526,113.76440700,1196.67948700,7295.62575850,20197.47301930,31,1.001301692199859817763090000,0.9988,429,70,0.9987,646,88,23113.208929,"{'ZERO': '0.000100130169219985981776309', 'MAKER_A_0.2BP': '0.000060126964077320035655961', 'MAKER_B_0.5BP': '1.25156453702297362352E-7', 'STRESS_1BP': '-0.0000998698568112548913327352'}",8,0.010013016921998598177630900,1,2026-04-29,696926.00000000,5336661.00000000
0.0001001401962747846985780092129,53.43706050,3185.61159900,6582.23850175,12884.34649125,26,2.003004506760140210315470000,0.9987,646,88,0.9985,1158,137,14618.452392,"{'ZERO': '0.000200300450676014021031547', 'MAKER_A_0.2BP': '0.000160293238802224456262001', 'MAKER_B_0.5BP': '0.000100285421382411099775507', 'STRESS_1BP': '2.80392591687250904354E-7'}",9,0.020030045067601402103154700,2,2026-04-29,5336661.00000000,6869689.00000000
0.00005008263634997746281364251014,71.74713100,669.96854140,952.99167880,1660.51878856,17,1.001702894921366322748670000,0.9984,324,72,0.9983,122,22,1837.400566,"{'ZERO': '0.000100170289492136632274867', 'MAKER_A_0.2BP': '0.000060167082744691895704308', 'MAKER_B_0.5BP': '1.65272714026324127047E-7', 'STRESS_1BP': '-0.0000998297445623563457537848'}",10,0.010017028949213663227486700,1,2026-04-29,2721590.00000000,2379771.00000000
0.0001001401962747846985780092129,20.00064800,190.36499640,279.25601700,966.19665680,97,2.003004506760140210315470000,0.9987,1184,227,0.9985,296,113,1314.199844,"{'ZERO': '0.000200300450676014021031547', 'MAKER_A_0.2BP': '0.000160293238802224456262001', 'MAKER_B_0.5BP': '0.000100285421382411099775507', 'STRESS_1BP': '2.80392591687250904354E-7'}",1,0.020030045067601402103154700,2,2026-04-30,17841515.00000000,4401268.00000000
0.00005006759124818504981725329194,62.65466350,475.16507220,654.05661525,1454.98475676,84,1.001401962747846985780090000,0.9987,1184,227,0.9986,1109,111,2155.746227,"{'ZERO': '0.000100140196274784698578009', 'MAKER_A_0.2BP': '0.000060136990731044581992398', 'MAKER_B_0.5BP': '1.35182505845667059727E-7', 'STRESS_1BP': '-0.0000998598317616666132305255'}",2,0.010014019627478469857800900,1,2026-04-30,17841515.00000000,12756541.00000000
0.00005006257822277847309136420526,97.03567150,674.33958330,1437.02309170,9472.71325983,70,1.001301692199859817763090000,0.9988,908,141,0.9987,1184,227,18846.943959,"{'ZERO': '0.000100130169219985981776309', 'MAKER_A_0.2BP': '0.000060126964077320035655961', 'MAKER_B_0.5BP': '1.25156453702297362352E-7', 'STRESS_1BP': '-0.0000998698568112548913327352'}",3,0.010013016921998598177630900,1,2026-04-30,12583720.00000000,17841515.00000000
0.00005005756620113130099614556740,89.87061200,405.32718780,568.52991005,26929.64547807,68,1.001201441730076091309570000,0.9989,588,109,0.9988,908,141,31755.144187,"{'ZERO': '0.000100120144173007609130957', 'MAKER_A_0.2BP': '0.000060116939431335522268329', 'MAKER_B_0.5BP': '1.15132409178499825509E-7', 'STRESS_1BP': '-0.0000998798798534243491950364'}",4,0.010012014417300760913095700,1,2026-04-30,5498298.00000000,12583720.00000000
0.00005005255518294208919365333600,56.04679300,1513.01300900,5133.29967000,17491.04268980,41,1.001101211332465712283510000,0.999,795,62,0.9989,588,109,24632.832689,"{'ZERO': '0.000100110121133246571228351', 'MAKER_A_0.2BP': '0.000060106916792488056535796', 'MAKER_B_0.5BP': '1.05110371671325333523E-7', 'STRESS_1BP': '-0.0000998899008887778756412075'}",5,0.010011012113324657122835100,1,2026-04-30,7024890.00000000,5498298.00000000
0.00005007260527765259626458364629,55.88596300,634.23065800,2071.44886300,4020.18364570,31,1.001502253380070105157740000,0.9986,1109,111,0.9985,296,113,4258.26286,"{'ZERO': '0.000100150225338007010515774', 'MAKER_A_0.2BP': '0.000060147019393112388127801', 'MAKER_B_0.5BP': '1.45210566211799575269E-7', 'STRESS_1BP': '-0.0000998498047040563845468232'}",6,0.010015022533800701051577400,1,2026-04-30,12756541.00000000,4401268.00000000
0.0001001301692199859817763092020,346.43151350,3692.57268660,5581.92680895,16164.77264979,20,2.002803925495693971560180000,0.9988,908,141,0.9986,1109,111,18810.48411,"{'ZERO': '0.000200280392549569397156018', 'MAKER_A_0.2BP': '0.000160273181478088843991195', 'MAKER_B_0.5BP': '0.000100265365261678834744423', 'STRESS_1BP': '2.60338476466793536949E-7'}",7,0.020028039254956939715601800,2,2026-04-30,12583720.00000000,12756541.00000000
0.00005004754516790951403833641960,40.01941300,6954.19403340,9634.93605045,24275.74875969,20,1.001001001001001001001000000,0.9991,86,34,0.999,795,62,27935.951937,"{'ZERO': '0.000100100100100100100100100', 'MAKER_A_0.2BP': '0.000060096896160174894600206', 'MAKER_B_0.5BP': '9.5090340578066191786E-8', 'STRESS_1BP': '-0.0000998999199179181180981001'}",8,0.010010010010010010010010000,1,2026-04-30,2566472.00000000,7024890.00000000
0.00005004253615573237251663914327,15.46278400,6795.62819840,17648.67198485,29880.52630577,14,1.000900810729656691021920000,0.9992,199,24,0.9991,86,34,32938.489886,"{'ZERO': '0.000100090081072965669102192', 'MAKER_A_0.2BP': '0.000060086877533793533918132', 'MAKER_B_0.5BP': '8.5072315296256005937E-8', 'STRESS_1BP': '-0.0000999099369414474827164466'}",9,0.010009008107296566910219200,1,2026-04-30,8935860.00000000,2566472.00000000
0.0001001101211332465712283511863,1045.33667300,24593.25850600,29129.78616500,32759.00829220,11,2.002402883460152182619140000,0.999,795,62,0.9988,908,141,33666.313824,"{'ZERO': '0.000200240288346015218261914', 'MAKER_A_0.2BP': '0.000160233078878670724543058', 'MAKER_B_0.5BP': '0.000100225265068344500275987', 'STRESS_1BP': '2.20242292951321607927E-7'}",10,0.020024028834601521826191400,2,2026-04-30,7024890.00000000,12583720.00000000
0.00005004754516790951403833641960,50.65195000,889.32479100,1419.72455800,4128.83940900,121,1.001001001001001001001000000,0.9991,621,142,0.999,1547,177,19534.195253,"{'ZERO': '0.000100100100100100100100100', 'MAKER_A_0.2BP': '0.000060096896160174894600206', 'MAKER_B_0.5BP': '9.5090340578066191786E-8', 'STRESS_1BP': '-0.0000998999199179181180981001'}",1,0.010010010010010010010010000,1,2026-05-01,4085740.00000000,8843225.00000000
0.00005005756620113130099614556740,35.78721000,871.81754820,1384.68977530,8021.00895736,63,1.001201441730076091309570000,0.9989,1134,108,0.9988,1120,127,10867.493234,"{'ZERO': '0.000100120144173007609130957', 'MAKER_A_0.2BP': '0.000060116939431335522268329', 'MAKER_B_0.5BP': '1.15132409178499825509E-7', 'STRESS_1BP': '-0.0000998798798534243491950364'}",2,0.010012014417300760913095700,1,2026-05-01,10930096.00000000,6170889.00000000
0.00005006257822277847309136420526,25.89796350,204.83863990,403.78302600,2163.60657282,58,1.001301692199859817763090000,0.9988,1120,127,0.9987,360,65,4308.532974,"{'ZERO': '0.000100130169219985981776309', 'MAKER_A_0.2BP': '0.000060126964077320035655961', 'MAKER_B_0.5BP': '1.25156453702297362352E-7', 'STRESS_1BP': '-0.0000998698568112548913327352'}",3,0.010013016921998598177630900,1,2026-05-01,6170889.00000000,1184598.00000000
0.00005005255518294208919365333600,115.86284100,1404.97558580,3603.06049440,12130.14483376,49,1.001101211332465712283510000,0.999,1547,177,0.9989,1134,108,16322.323924,"{'ZERO': '0.000100110121133246571228351', 'MAKER_A_0.2BP': '0.000060106916792488056535796', 'MAKER_B_0.5BP': '1.05110371671325333523E-7', 'STRESS_1BP': '-0.0000998899008887778756412075'}",4,0.010011012113324657122835100,1,2026-05-01,8843225.00000000,10930096.00000000
0.00005004253615573237251663914327,29.19254750,4612.90544990,14277.25890570,19373.51082479,24,1.000900810729656691021920000,0.9992,260,49,0.9991,621,142,20443.370068,"{'ZERO': '0.000100090081072965669102192', 'MAKER_A_0.2BP': '0.000060086877533793533918132', 'MAKER_B_0.5BP': '8.5072315296256005937E-8', 'STRESS_1BP': '-0.0000999099369414474827164466'}",5,0.010009008107296566910219200,1,2026-05-01,4240448.00000000,4085740.00000000
0.00005003752814610958218663997998,7.71440300,517.04887800,4769.58686600,17318.78630840,21,1.000800640512409927942350000,0.9993,151,28,0.9992,260,49,20456.086169,"{'ZERO': '0.000100080064051240992794235', 'MAKER_A_0.2BP': '0.000060076860912741713140117', 'MAKER_B_0.5BP': '7.5056295223669561118E-8', 'STRESS_1BP': '-0.0000999199519599681344915949'}",6,0.010008006405124099279423500,1,2026-05-01,5299425.00000000,4240448.00000000
0.0001001101211332465712283511863,635.87582500,5515.01904620,9091.25680720,14825.33082704,17,2.002402883460152182619140000,0.999,1547,177,0.9988,1120,127,16258.849332,"{'ZERO': '0.000200240288346015218261914', 'MAKER_A_0.2BP': '0.000160233078878670724543058', 'MAKER_B_0.5BP': '0.000100225265068344500275987', 'STRESS_1BP': '2.20242292951321607927E-7'}",7,0.020024028834601521826191400,2,2026-05-01,8843225.00000000,6170889.00000000
0.0001000900810729656691021919728,931.29156350,10702.44025700,16796.02031775,19394.97730035,16,2.002002002002002002002000000,0.9992,260,49,0.999,1547,177,20044.716546,"{'ZERO': '0.000200200200200200200200200', 'MAKER_A_0.2BP': '0.000160192992336349469206812', 'MAKER_B_0.5BP': '0.000100185180931143633008540', 'STRESS_1BP': '1.80162163963783801800E-7'}",8,0.020020020020020020020020000,2,2026-05-01,4240448.00000000,8843225.00000000
0.00005006759124818504981725329194,112.16956750,578.46120110,731.65581320,863.61828824,12,1.001401962747846985780090000,0.9987,360,65,0.9986,31,15,896.608907,"{'ZERO': '0.000100140196274784698578009', 'MAKER_A_0.2BP': '0.000060136990731044581992398', 'MAKER_B_0.5BP': '1.35182505845667059727E-7', 'STRESS_1BP': '-0.0000998598317616666132305255'}",9,0.010014019627478469857800900,1,2026-05-01,1184598.00000000,8157.00000000
0.0001001001001001001001001001001,508.83383900,17856.14095800,18500.39523200,19015.79865120,11,2.002202422664931424567020000,0.9991,621,142,0.9989,1134,108,19144.649506,"{'ZERO': '0.000200220242266493142456702', 'MAKER_A_0.2BP': '0.000160213033600975793077992', 'MAKER_B_0.5BP': '0.000100205220993330151292015', 'STRESS_1BP': '2.00200222244268715585E-7'}",10,0.020022024226649314245670200,2,2026-05-01,4085740.00000000,10930096.00000000
0.00005005255518294208919365333600,26.28646500,451.67543020,810.46412880,1776.08795564,293,1.001101211332465712283510000,0.999,1773,343,0.9989,1175,302,2685.304342,"{'ZERO': '0.000100110121133246571228351', 'MAKER_A_0.2BP': '0.000060106916792488056535796', 'MAKER_B_0.5BP': '1.05110371671325333523E-7', 'STRESS_1BP': '-0.0000998899008887778756412075'}",1,0.010011012113324657122835100,1,2026-05-02,8959979.00000000,584110.00000000
0.00005004754516790951403833641960,92.25805000,1014.88038830,2794.60048685,30495.77978745,52,1.001001001001001001001000000,0.9991,510,75,0.999,1773,343,35375.914353,"{'ZERO': '0.000100100100100100100100100', 'MAKER_A_0.2BP': '0.000060096896160174894600206', 'MAKER_B_0.5BP': '9.5090340578066191786E-8', 'STRESS_1BP': '-0.0000998999199179181180981001'}",2,0.010010010010010010010010000,1,2026-05-02,8247386.00000000,8959979.00000000
0.00005003752814610958218663997998,8.93043350,845.81634850,1128.94993775,8997.78029775,26,1.000800640512409927942350000,0.9993,220,29,0.9992,290,45,11605.917893,"{'ZERO': '0.000100080064051240992794235', 'MAKER_A_0.2BP': '0.000060076860912741713140117', 'MAKER_B_0.5BP': '7.5056295223669561118E-8', 'STRESS_1BP': '-0.0000999199519599681344915949'}",3,0.010008006405124099279423500,1,2026-05-02,4358014.00000000,11527580.00000000
0.0001001001001001001001001001001,514.44169850,2344.42919030,24547.10783540,33955.37639582,22,2.002202422664931424567020000,0.9991,510,75,0.9989,1175,302,36145.999325,"{'ZERO': '0.000200220242266493142456702', 'MAKER_A_0.2BP': '0.000160213033600975793077992', 'MAKER_B_0.5BP': '0.000100205220993330151292015', 'STRESS_1BP': '2.00200222244268715585E-7'}",4,0.020022024226649314245670200,2,2026-05-02,8247386.00000000,584110.00000000
0.00005004253615573237251663914327,9.57429400,888.22023800,2036.06251440,9201.20357328,19,1.000900810729656691021920000,0.9992,290,45,0.9991,510,75,10992.488838,"{'ZERO': '0.000100090081072965669102192', 'MAKER_A_0.2BP': '0.000060086877533793533918132', 'MAKER_B_0.5BP': '8.5072315296256005937E-8', 'STRESS_1BP': '-0.0000999099369414474827164466'}",5,0.010009008107296566910219200,1,2026-05-02,11527580.00000000,8247386.00000000
0.0001001101211332465712283511863,322.46195600,892.18798000,1064.94715190,1119.40627438,15,2.002402883460152182619140000,0.999,1773,343,0.9988,45,21,1133.021055,"{'ZERO': '0.000200240288346015218261914', 'MAKER_A_0.2BP': '0.000160233078878670724543058', 'MAKER_B_0.5BP': '0.000100225265068344500275987', 'STRESS_1BP': '2.20242292951321607927E-7'}",6,0.020024028834601521826191400,2,2026-05-02,8959979.00000000,7374.00000000
0.00005005756620113130099614556740,128.61171200,2228.08028240,2346.48758945,2356.52222989,12,1.001201441730076091309570000,0.9989,1175,302,0.9988,45,21,2359.03089,"{'ZERO': '0.000100120144173007609130957', 'MAKER_A_0.2BP': '0.000060116939431335522268329', 'MAKER_B_0.5BP': '1.15132409178499825509E-7', 'STRESS_1BP': '-0.0000998798798534243491950364'}",7,0.010012014417300760913095700,1,2026-05-02,584110.00000000,7374.00000000
0.0001000800640512409927942353883,818.17093700,6344.89952750,8960.36917625,11052.74489525,6,2.001801621459313382043840000,0.9993,220,29,0.9991,510,75,11575.838825,"{'ZERO': '0.000200180162145931338204384', 'MAKER_A_0.2BP': '0.000160172955083586747842663', 'MAKER_B_0.5BP': '0.000100165144880580012636842', 'STRESS_1BP': '1.60128116905054565107E-7'}",8,0.020018016214593133820438400,2,2026-05-02,4358014.00000000,8247386.00000000
0.0001501276084671971175499174298,862.24321200,26195.27240480,31083.61891040,34994.29611488,5,3.003003003003003003003000000,0.9993,220,29,0.999,1773,343,35971.965416,"{'ZERO': '0.000300300300300300300300300', 'MAKER_A_0.2BP': '0.000260289088512524043813418', 'MAKER_B_0.5BP': '0.000200275271521709199825294', 'STRESS_1BP': '0.000100260244245845685701700'}",9,0.030030030030030030030030000,3,2026-05-02,4358014.00000000,8959979.00000000
0.0001000900810729656691021919728,771.88112700,25906.80799520,30880.01901560,34858.58783192,5,2.002002002002002002002000000,0.9992,290,45,0.999,1773,343,35853.230036,"{'ZERO': '0.000200200200200200200200200', 'MAKER_A_0.2BP': '0.000160192992336349469206812', 'MAKER_B_0.5BP': '0.000100185180931143633008540', 'STRESS_1BP': '1.80162163963783801800E-7'}",10,0.020020020020020020020020000,2,2026-05-02,11527580.00000000,8959979.00000000
0.00005005255518294208919365333600,51.90005100,738.76255220,1532.63073840,4503.95249628,97,1.001101211332465712283510000,0.999,1109,178,0.9989,500,119,4715.149599,"{'ZERO': '0.000100110121133246571228351', 'MAKER_A_0.2BP': '0.000060106916792488056535796', 'MAKER_B_0.5BP': '1.05110371671325333523E-7', 'STRESS_1BP': '-0.0000998899008887778756412075'}",1,0.010011012113324657122835100,1,2026-05-03,8166120.00000000,1014822.00000000
0.00005004754516790951403833641960,183.4778800,1603.96687020,2967.23445320,14664.80751292,73,1.001001001001001001001000000,0.9991,650,105,0.999,1109,178,15092.752357,"{'ZERO': '0.000100100100100100100100100', 'MAKER_A_0.2BP': '0.000060096896160174894600206', 'MAKER_B_0.5BP': '9.5090340578066191786E-8', 'STRESS_1BP': '-0.0000998999199179181180981001'}",2,0.010010010010010010010010000,1,2026-05-03,12788518.00000000,8166120.00000000
0.00005004253615573237251663914327,143.72503300,6787.65534900,20924.90117800,26859.85351184,29,1.000900810729656691021920000,0.9992,285,34,0.9991,650,105,27323.253798,"{'ZERO': '0.000100090081072965669102192', 'MAKER_A_0.2BP': '0.000060086877533793533918132', 'MAKER_B_0.5BP': '8.5072315296256005937E-8', 'STRESS_1BP': '-0.0000999099369414474827164466'}",3,0.010009008107296566910219200,1,2026-05-03,6496127.00000000,12788518.00000000
0.00005005756620113130099614556740,210.32787050,1129.98235140,1915.42738125,2147.76496257,22,1.001201441730076091309570000,0.9989,500,119,0.9988,85,37,2199.3897,"{'ZERO': '0.000100120144173007609130957', 'MAKER_A_0.2BP': '0.000060116939431335522268329', 'MAKER_B_0.5BP': '1.15132409178499825509E-7', 'STRESS_1BP': '-0.0000998798798534243491950364'}",4,0.010012014417300760913095700,1,2026-05-03,1014822.00000000,32129.00000000
0.0001001101211332465712283511863,47.00973400,1813.31679360,4519.65168650,5628.81233810,19,2.002402883460152182619140000,0.999,1109,178,0.9988,85,37,5906.102501,"{'ZERO': '0.000200240288346015218261914', 'MAKER_A_0.2BP': '0.000160233078878670724543058', 'MAKER_B_0.5BP': '0.000100225265068344500275987', 'STRESS_1BP': '2.20242292951321607927E-7'}",5,0.020024028834601521826191400,2,2026-05-03,8166120.00000000,32129.00000000
0.0001001001001001001001001001001,476.25607500,9724.85704860,12499.98835510,14054.56126462,19,2.002202422664931424567020000,0.9991,650,105,0.9989,500,119,14443.204492,"{'ZERO': '0.000200220242266493142456702', 'MAKER_A_0.2BP': '0.000160213033600975793077992', 'MAKER_B_0.5BP': '0.000100205220993330151292015', 'STRESS_1BP': '2.00200222244268715585E-7'}",6,0.020022024226649314245670200,2,2026-05-03,12788518.00000000,1014822.00000000
0.0001000900810729656691021919728,2706.19393950,25671.21687690,26497.23533745,27158.05010589,10,2.002002002002002002002000000,0.9992,285,34,0.999,1109,178,27323.253798,"{'ZERO': '0.000200200200200200200200200', 'MAKER_A_0.2BP': '0.000160192992336349469206812', 'MAKER_B_0.5BP': '0.000100185180931143633008540', 'STRESS_1BP': '1.80162163963783801800E-7'}",7,0.020020020020020020020020000,2,2026-05-03,6496127.00000000,8166120.00000000
0.0001501426355037285421150092588,4353.22743600,25954.14490260,26611.10933730,27136.68088506,7,3.003303633997397136850540000,0.9992,285,34,0.9989,500,119,27268.073772,"{'ZERO': '0.000300330363399739713685054', 'MAKER_A_0.2BP': '0.000260319150409463529620187', 'MAKER_B_0.5BP': '0.000200305331614988977250507', 'STRESS_1BP': '0.000100290301333266413072378'}",8,0.030033036339973971368505400,3,2026-05-03,6496127.00000000,1014822.00000000
0.00005003752814610958218663997998,1127.41980750,23945.77469950,34905.40585325,43673.11077625,6,1.000800640512409927942350000,0.9993,18,7,0.9992,285,34,45865.037007,"{'ZERO': '0.000100080064051240992794235', 'MAKER_A_0.2BP': '0.000060076860912741713140117', 'MAKER_B_0.5BP': '7.5056295223669561118E-8', 'STRESS_1BP': '-0.0000999199519599681344915949'}",9,0.010008006405124099279423500,1,2026-05-03,82789.00000000,6496127.00000000
0.0001000800640512409927942353883,1848.75539900,36227.63473370,43562.38624085,49430.18744657,4,2.001801621459313382043840000,0.9993,18,7,0.9991,650,105,50897.137748,"{'ZERO': '0.000200180162145931338204384', 'MAKER_A_0.2BP': '0.000160172955083586747842663', 'MAKER_B_0.5BP': '0.000100165144880580012636842', 'STRESS_1BP': '1.60128116905054565107E-7'}",10,0.020018016214593133820438400,2,2026-05-03,82789.00000000,12788518.00000000
0.00005004253615573237251663914327,61.02037650,563.27990010,740.50506770,2189.06980828,198,1.000900810729656691021920000,0.9992,1819,246,0.9991,2511,290,13647.072223,"{'ZERO': '0.000100090081072965669102192', 'MAKER_A_0.2BP': '0.000060086877533793533918132', 'MAKER_B_0.5BP': '8.5072315296256005937E-8', 'STRESS_1BP': '-0.0000999099369414474827164466'}",1,0.010009008107296566910219200,1,2026-05-04,4857651.00000000,4839364.00000000
0.00005004754516790951403833641960,39.61191600,385.32210820,563.36489200,1000.16282492,69,1.001001001001001001001000000,0.9991,2511,290,0.999,635,78,1005.258307,"{'ZERO': '0.000100100100100100100100100', 'MAKER_A_0.2BP': '0.000060096896160174894600206', 'MAKER_B_0.5BP': '9.5090340578066191786E-8', 'STRESS_1BP': '-0.0000998999199179181180981001'}",2,0.010010010010010010010010000,1,2026-05-04,4839364.00000000,1238952.00000000
0.00005003752814610958218663997998,181.28748150,1477.25051790,6588.23780985,15795.05364259,52,1.000800640512409927942350000,0.9993,464,70,0.9992,1819,246,23454.502714,"{'ZERO': '0.000100080064051240992794235', 'MAKER_A_0.2BP': '0.000060076860912741713140117', 'MAKER_B_0.5BP': '7.5056295223669561118E-8', 'STRESS_1BP': '-0.0000999199519599681344915949'}",3,0.010008006405124099279423500,1,2026-05-04,1301543.00000000,4857651.00000000
0.0001000800640512409927942353883,74.44605500,7107.41673560,8218.55424420,20142.45597568,23,2.001801621459313382043840000,0.9993,464,70,0.9991,2511,290,23485.106992,"{'ZERO': '0.000200180162145931338204384', 'MAKER_A_0.2BP': '0.000160172955083586747842663', 'MAKER_B_0.5BP': '0.000100165144880580012636842', 'STRESS_1BP': '1.60128116905054565107E-7'}",4,0.020018016214593133820438400,2,2026-05-04,1301543.00000000,4839364.00000000
0.0001001001001001001001001001001,96.93926200,633.13231600,755.50594100,826.21640020,21,2.002202422664931424567020000,0.9991,2511,290,0.9989,51,26,843.894015,"{'ZERO': '0.000200220242266493142456702', 'MAKER_A_0.2BP': '0.000160213033600975793077992', 'MAKER_B_0.5BP': '0.000100205220993330151292015', 'STRESS_1BP': '2.00200222244268715585E-7'}",5,0.020022024226649314245670200,2,2026-05-04,4839364.00000000,113158.00000000
0.0001000900810729656691021919728,340.32106700,4451.48765390,8828.68751685,12787.96992657,12,2.002002002002002002002000000,0.9992,1819,246,0.999,635,78,13777.790529,"{'ZERO': '0.000200200200200200200200200', 'MAKER_A_0.2BP': '0.000160192992336349469206812', 'MAKER_B_0.5BP': '0.000100185180931143633008540', 'STRESS_1BP': '1.80162163963783801800E-7'}",6,0.020020020020020020020020000,2,2026-05-04,4857651.00000000,1238952.00000000
0.00005005255518294208919365333600,32.06608500,1725.46030410,2379.57319005,2902.86349881,10,1.001101211332465712283510000,0.999,635,78,0.9989,51,26,3033.686076,"{'ZERO': '0.000100110121133246571228351', 'MAKER_A_0.2BP': '0.000060106916792488056535796', 'MAKER_B_0.5BP': '1.05110371671325333523E-7', 'STRESS_1BP': '-0.0000998899008887778756412075'}",7,0.010011012113324657122835100,1,2026-05-04,1238952.00000000,113158.00000000
0.00005003252113874018111772652224,2.71198800,11335.40783550,21011.98696975,28753.25027715,8,1.000700490343240268187730000,0.9994,460,15,0.9993,464,70,30688.566104,"{'ZERO': '0.000100070049034324026818773', 'MAKER_A_0.2BP': '0.000060066846296417411989997', 'MAKER_B_0.5BP': '6.5042279758322701297E-8', 'STRESS_1BP': '-0.0000999299649740819973841703'}",8,0.010007004903432402681877300,1,2026-05-04,577603.00000000,1301543.00000000
0.00005002751513332332783030666867,0.07235400,52.42952160,87.50728830,115.56950166,7,1.000600360216129677806680000,0.9995,1313,11,0.9994,460,15,122.585055,"{'ZERO': '0.000100060036021612967780668', 'MAKER_A_0.2BP': '0.000060056833684218851144290', 'MAKER_B_0.5BP': '5.5030268298472208669E-8', 'STRESS_1BP': '-0.0000999399759843907544406656'}",9,0.010006003602161296778066800,1,2026-05-04,3114893.00000000,577603.00000000
0.0001501276084671971175499174298,4720.71630400,19145.13606330,21470.97130665,23331.63950133,4,3.003003003003003003003000000,0.9993,464,70,0.999,635,78,23796.80655,"{'ZERO': '0.000300300300300300300300300', 'MAKER_A_0.2BP': '0.000260289088512524043813418', 'MAKER_B_0.5BP': '0.000200275271521709199825294', 'STRESS_1BP': '0.000100260244245845685701700'}",10,0.030030030030030030030030000,3,2026-05-04,1301543.00000000,1238952.00000000
0.00005003252113874018111772652224,105.45386100,459.25495400,731.80390000,1335.06684000,161,1.000700490343240268187730000,0.9994,1192,199,0.9993,1505,243,16327.299536,"{'ZERO': '0.000100070049034324026818773', 'MAKER_A_0.2BP': '0.000060066846296417411989997', 'MAKER_B_0.5BP': '6.5042279758322701297E-8', 'STRESS_1BP': '-0.0000999299649740819973841703'}",1,0.010007004903432402681877300,1,2026-05-05,4429636.00000000,3323158.00000000
0.00005004253615573237251663914327,76.84818050,466.37143800,628.12377425,1531.4343845,86,1.000900810729656691021920000,0.9992,905,169,0.9991,522,93,1823.85685,"{'ZERO': '0.000100090081072965669102192', 'MAKER_A_0.2BP': '0.000060086877533793533918132', 'MAKER_B_0.5BP': '8.5072315296256005937E-8', 'STRESS_1BP': '-0.0000999099369414474827164466'}",2,0.010009008107296566910219200,1,2026-05-05,2119274.00000000,576075.00000000
0.00005003752814610958218663997998,40.83750500,396.54373490,743.86256355,5871.49886184,82,1.000800640512409927942350000,0.9993,1505,243,0.9992,905,169,18776.039568,"{'ZERO': '0.000100080064051240992794235', 'MAKER_A_0.2BP': '0.000060076860912741713140117', 'MAKER_B_0.5BP': '7.5056295223669561118E-8', 'STRESS_1BP': '-0.0000999199519599681344915949'}",3,0.010008006405124099279423500,1,2026-05-05,3323158.00000000,2119274.00000000
0.00005002751513332332783030666867,103.11399450,2991.78280450,10497.44076005,13130.52580093,38,1.000600360216129677806680000,0.9995,175,38,0.9994,1192,199,14150.53163,"{'ZERO': '0.000100060036021612967780668', 'MAKER_A_0.2BP': '0.000060056833684218851144290', 'MAKER_B_0.5BP': '5.5030268298472208669E-8', 'STRESS_1BP': '-0.0000999399759843907544406656'}",4,0.010006003602161296778066800,1,2026-05-05,313761.00000000,4429636.00000000
0.0001000700490343240268187731412,327.17294950,1280.56738450,16501.23732640,31382.91874848,12,2.001601281024819855884710000,0.9994,1192,199,0.9992,905,169,35103.339104,"{'ZERO': '0.000200160128102481985588471', 'MAKER_A_0.2BP': '0.000160152921841483106286633', 'MAKER_B_0.5BP': '0.000100145112840434839747204', 'STRESS_1BP': '1.40098079863751014810E-7'}",5,0.020016012810248198558847100,2,2026-05-05,4429636.00000000,2119274.00000000
0.0001000800640512409927942353883,143.33607100,6103.72693900,12762.24909500,18089.06681980,9,2.001801621459313382043840000,0.9993,1505,243,0.9991,522,93,19420.771251,"{'ZERO': '0.000200180162145931338204384', 'MAKER_A_0.2BP': '0.000160172955083586747842663', 'MAKER_B_0.5BP': '0.000100165144880580012636842', 'STRESS_1BP': '1.60128116905054565107E-7'}",6,0.020018016214593133820438400,2,2026-05-05,3323158.00000000,576075.00000000
0.0001000600360216129677806684010,10339.26427600,22287.17836220,25004.11850860,27177.67062572,5,2.001400980686480536375460000,0.9995,175,38,0.9993,1505,243,27721.058655,"{'ZERO': '0.000200140098068648053637546', 'MAKER_A_0.2BP': '0.000160132892608834503986394', 'MAKER_B_0.5BP': '0.000100125084809504146027563', 'STRESS_1BP': '1.20072051636025229660E-7'}",7,0.020014009806864805363754600,2,2026-05-05,313761.00000000,3323158.00000000
0.00005004754516790951403833641960,196.22209000,405.23442100,442.11796000,471.62479120,5,1.001001001001001001001000000,0.9991,522,93,0.999,18,5,479.001499,"{'ZERO': '0.000100100100100100100100100', 'MAKER_A_0.2BP': '0.000060096896160174894600206', 'MAKER_B_0.5BP': '9.5090340578066191786E-8', 'STRESS_1BP': '-0.0000998999199179181180981001'}",8,0.010010010010010010010010000,1,2026-05-05,576075.00000000,8269.00000000
0.0001000900810729656691021919728,282.68894800,555.99254510,581.63035655,602.14060571,4,2.002002002002002002002000000,0.9992,905,169,0.999,18,5,607.268168,"{'ZERO': '0.000200200200200200200200200', 'MAKER_A_0.2BP': '0.000160192992336349469206812', 'MAKER_B_0.5BP': '0.000100185180931143633008540', 'STRESS_1BP': '1.80162163963783801800E-7'}",9,0.020020020020020020020020000,2,2026-05-05,2119274.00000000,8269.00000000
0.0001500975634162205433531795667,25525.96969400,42302.87251720,44399.98537010,46077.67565242,2,3.002401921537229783827060000,0.9995,175,38,0.9992,905,169,46497.098223,"{'ZERO': '0.000300240192153722978382706', 'MAKER_A_0.2BP': '0.000260228982770224499433150', 'MAKER_B_0.5BP': '0.000200215169385646009933290', 'STRESS_1BP': '0.000100200148119695636521216'}",10,0.030024019215372297838270600,3,2026-05-05,313761.00000000,2119274.00000000
0.00005003752814610958218663997998,40.32596700,268.27048500,432.86862320,985.98891066,254,1.000800640512409927942350000,0.9993,2223,472,0.9992,1670,279,2976.509835,"{'ZERO': '0.000100080064051240992794235', 'MAKER_A_0.2BP': '0.000060076860912741713140117', 'MAKER_B_0.5BP': '7.5056295223669561118E-8', 'STRESS_1BP': '-0.0000999199519599681344915949'}",1,0.010008006405124099279423500,1,2026-05-06,12377441.00000000,6418906.00000000
0.00005003252113874018111772652224,27.7876750,179.99625400,269.33714275,3605.15164930,216,1.000700490343240268187730000,0.9994,1916,283,0.9993,2223,472,17306.437992,"{'ZERO': '0.000100070049034324026818773', 'MAKER_A_0.2BP': '0.000060066846296417411989997', 'MAKER_B_0.5BP': '6.5042279758322701297E-8', 'STRESS_1BP': '-0.0000999299649740819973841703'}",2,0.010007004903432402681877300,1,2026-05-06,8535790.00000000,12377441.00000000
0.00005002751513332332783030666867,3.01571200,126.39469650,3129.64804880,12261.44277268,70,1.000600360216129677806680000,0.9995,993,118,0.9994,1916,283,23789.859499,"{'ZERO': '0.000100060036021612967780668', 'MAKER_A_0.2BP': '0.000060056833684218851144290', 'MAKER_B_0.5BP': '5.5030268298472208669E-8', 'STRESS_1BP': '-0.0000999399759843907544406656'}",3,0.010006003602161296778066800,1,2026-05-06,5325167.00000000,8535790.00000000
0.00005002251012955830123555600020,0.01615100,54.86432200,176.53538730,2969.36422230,48,1.000500250125062531265630000,0.9996,564,49,0.9995,993,118,5309.245597,"{'ZERO': '0.000100050025012506253126563', 'MAKER_A_0.2BP': '0.000060046823075544492111659', 'MAKER_B_0.5BP': '4.5020260242615683123E-8', 'STRESS_1BP': '-0.0000999499849914958479139580'}",4,0.010005002501250625312656300,1,2026-05-06,1747778.00000000,5325167.00000000
0.00005004253615573237251663914327,60.85735050,412.50304870,483.59742105,542.51447187,30,1.000900810729656691021920000,0.9992,1670,279,0.9991,100,33,561.21573,"{'ZERO': '0.000100090081072965669102192', 'MAKER_A_0.2BP': '0.000060086877533793533918132', 'MAKER_B_0.5BP': '8.5072315296256005937E-8', 'STRESS_1BP': '-0.0000999099369414474827164466'}",5,0.010009008107296566910219200,1,2026-05-06,6418906.00000000,60970.00000000
0.0001000800640512409927942353883,140.97963200,753.77218440,1353.56570160,2531.35693872,17,2.001801621459313382043840000,0.9993,2223,472,0.9991,100,33,2825.804748,"{'ZERO': '0.000200180162145931338204384', 'MAKER_A_0.2BP': '0.000160172955083586747842663', 'MAKER_B_0.5BP': '0.000100165144880580012636842', 'STRESS_1BP': '1.60128116905054565107E-7'}",6,0.020018016214593133820438400,2,2026-05-06,12377441.00000000,60970.00000000
0.0001000700490343240268187731412,176.68023100,7520.10934940,12297.47974980,16275.55389796,15,2.001601281024819855884710000,0.9994,1916,283,0.9992,1670,279,17270.072435,"{'ZERO': '0.000200160128102481985588471', 'MAKER_A_0.2BP': '0.000160152921841483106286633', 'MAKER_B_0.5BP': '0.000100145112840434839747204', 'STRESS_1BP': '1.40098079863751014810E-7'}",7,0.020016012810248198558847100,2,2026-05-06,8535790.00000000,6418906.00000000
0.0001000600360216129677806684010,3010.52530950,12037.85622660,17887.70278930,22567.58003946,8,2.001400980686480536375460000,0.9995,993,118,0.9993,2223,472,23737.549352,"{'ZERO': '0.000200140098068648053637546', 'MAKER_A_0.2BP': '0.000160132892608834503986394', 'MAKER_B_0.5BP': '0.000100125084809504146027563', 'STRESS_1BP': '1.20072051636025229660E-7'}",8,0.020014009806864805363754600,2,2026-05-06,5325167.00000000,12377441.00000000
0.0001501125844383287465599199400,5050.69494050,6844.23600320,6869.99879660,6890.60903132,4,3.002702432188970073065760000,0.9994,1916,283,0.9991,100,33,6895.76159,"{'ZERO': '0.000300270243218897007306576', 'MAKER_A_0.2BP': '0.000260259032633379961767194', 'MAKER_B_0.5BP': '0.000200245217445863769267747', 'STRESS_1BP': '0.000100230193175257591846661'}",9,0.030027024321889700730657600,3,2026-05-06,8535790.00000000,60970.00000000
0.0001500975634162205433531795667,5284.81009950,18216.47091310,20908.79978005,23062.66287361,4,3.002401921537229783827060000,0.9995,993,118,0.9992,1670,279,23601.128647,"{'ZERO': '0.000300240192153722978382706', 'MAKER_A_0.2BP': '0.000260228982770224499433150', 'MAKER_B_0.5BP': '0.000200215169385646009933290', 'STRESS_1BP': '0.000100200148119695636521216'}",10,0.030024019215372297838270600,3,2026-05-06,5325167.00000000,6418906.00000000
0.00005004253615573237251663914327,17.85959300,120.54308640,182.95286740,452.44515400,223,1.000900810729656691021920000,0.9992,2593,329,0.9991,1615,306,1202.73344,"{'ZERO': '0.000100090081072965669102192', 'MAKER_A_0.2BP': '0.000060086877533793533918132', 'MAKER_B_0.5BP': '8.5072315296256005937E-8', 'STRESS_1BP': '-0.0000999099369414474827164466'}",1,0.010009008107296566910219200,1,2026-05-07,5783754.00000000,2434927.00000000
0.00005003752814610958218663997998,40.55360200,359.55697960,1501.91983220,6715.65194258,115,1.000800640512409927942350000,0.9993,602,153,0.9992,2593,329,10872.322331,"{'ZERO': '0.000100080064051240992794235', 'MAKER_A_0.2BP': '0.000060076860912741713140117', 'MAKER_B_0.5BP': '7.5056295223669561118E-8', 'STRESS_1BP': '-0.0000999199519599681344915949'}",2,0.010008006405124099279423500,1,2026-05-07,5498557.00000000,5783754.00000000
0.00005005255518294208919365333600,25.70346500,197.82172700,303.48220600,3269.50239420,81,1.001101211332465712283510000,0.999,966,155,0.9989,436,116,12696.130355,"{'ZERO': '0.000100110121133246571228351', 'MAKER_A_0.2BP': '0.000060106916792488056535796', 'MAKER_B_0.5BP': '1.05110371671325333523E-7', 'STRESS_1BP': '-0.0000998899008887778756412075'}",3,0.010011012113324657122835100,1,2026-05-07,986858.00000000,376495.00000000
0.00005004754516790951403833641960,14.10517400,205.18036300,260.70584360,8652.13541424,73,1.001001001001001001001000000,0.9991,1615,306,0.999,966,155,18200.570778,"{'ZERO': '0.000100100100100100100100100', 'MAKER_A_0.2BP': '0.000060096896160174894600206', 'MAKER_B_0.5BP': '9.5090340578066191786E-8', 'STRESS_1BP': '-0.0000998999199179181180981001'}",4,0.010010010010010010010010000,1,2026-05-07,2434927.00000000,986858.00000000
0.00005006257822277847309136420526,34.64203800,146.77331450,227.90071600,603.04183655,56,1.001301692199859817763090000,0.9988,380,91,0.9987,262,60,960.465078,"{'ZERO': '0.000100130169219985981776309', 'MAKER_A_0.2BP': '0.000060126964077320035655961', 'MAKER_B_0.5BP': '1.25156453702297362352E-7', 'STRESS_1BP': '-0.0000998698568112548913327352'}",5,0.010013016921998598177630900,1,2026-05-07,761544.00000000,2464157.00000000
0.00005005756620113130099614556740,42.94411750,255.82713720,346.97513780,5591.33362785,34,1.001201441730076091309570000,0.9989,436,116,0.9988,380,91,8160.031701,"{'ZERO': '0.000100120144173007609130957', 'MAKER_A_0.2BP': '0.000060116939431335522268329', 'MAKER_B_0.5BP': '1.15132409178499825509E-7', 'STRESS_1BP': '-0.0000998798798534243491950364'}",6,0.010012014417300760913095700,1,2026-05-07,376495.00000000,761544.00000000
0.00005003252113874018111772652224,0.05394600,458.77605700,5766.23297870,13362.39357604,30,1.000700490343240268187730000,0.9994,283,32,0.9993,602,153,15543.164844,"{'ZERO': '0.000100070049034324026818773', 'MAKER_A_0.2BP': '0.000060066846296417411989997', 'MAKER_B_0.5BP': '6.5042279758322701297E-8', 'STRESS_1BP': '-0.0000999299649740819973841703'}",7,0.010007004903432402681877300,1,2026-05-07,1575802.00000000,5498557.00000000
0.0001000800640512409927942353883,221.78359300,4813.92751650,6303.15311025,9549.06653500,26,2.001801621459313382043840000,0.9993,602,153,0.9991,1615,306,10619.376317,"{'ZERO': '0.000200180162145931338204384', 'MAKER_A_0.2BP': '0.000160172955083586747842663', 'MAKER_B_0.5BP': '0.000100165144880580012636842', 'STRESS_1BP': '1.60128116905054565107E-7'}",8,0.020018016214593133820438400,2,2026-05-07,5498557.00000000,2434927.00000000
0.0001001101211332465712283511863,94.64109900,1603.23232950,7080.66644625,11462.61373965,10,2.002402883460152182619140000,0.999,966,155,0.9988,380,91,12558.100563,"{'ZERO': '0.000200240288346015218261914', 'MAKER_A_0.2BP': '0.000160233078878670724543058', 'MAKER_B_0.5BP': '0.000100225265068344500275987', 'STRESS_1BP': '2.20242292951321607927E-7'}",9,0.020024028834601521826191400,2,2026-05-07,986858.00000000,761544.00000000
0.0001001201441730076091309571486,135.19394300,3267.00625820,5525.84807810,7332.92153402,7,2.002603384399719635526180000,0.9989,436,116,0.9987,262,60,7784.689898,"{'ZERO': '0.000200260338439971963552618', 'MAKER_A_0.2BP': '0.000160253128170639751318321', 'MAKER_B_0.5BP': '0.000100245313157392095349673', 'STRESS_1BP': '2.40288377290237332530E-7'}",10,0.020026033843997196355261800,2,2026-05-07,376495.00000000,2464157.00000000
0.00005004253615573237251663914327,33.37407700,252.78017420,388.96250900,1341.26837238,247,1.000900810729656691021920000,0.9992,1485,264,0.9991,2110,415,26945.141592,"{'ZERO': '0.000100090081072965669102192', 'MAKER_A_0.2BP': '0.000060086877533793533918132', 'MAKER_B_0.5BP': '8.5072315296256005937E-8', 'STRESS_1BP': '-0.0000999099369414474827164466'}",1,0.010009008107296566910219200,1,2026-05-08,2684790.00000000,2998280.00000000
0.00005004754516790951403833641960,35.18518000,230.57513550,397.68363100,1093.67444965,156,1.001001001001001001001000000,0.9991,2110,415,0.999,764,180,4578.41121,"{'ZERO': '0.000100100100100100100100100', 'MAKER_A_0.2BP': '0.000060096896160174894600206', 'MAKER_B_0.5BP': '9.5090340578066191786E-8', 'STRESS_1BP': '-0.0000998999199179181180981001'}",2,0.010010010010010010010010000,1,2026-05-08,2998280.00000000,1163441.00000000
0.00005005255518294208919365333600,90.02658650,391.84868410,545.46973260,1169.63721628,22,1.001101211332465712283510000,0.999,764,180,0.9989,72,31,1333.524436,"{'ZERO': '0.000100110121133246571228351', 'MAKER_A_0.2BP': '0.000060106916792488056535796', 'MAKER_B_0.5BP': '1.05110371671325333523E-7', 'STRESS_1BP': '-0.0000998899008887778756412075'}",3,0.010011012113324657122835100,1,2026-05-08,1163441.00000000,46690.00000000
0.00005003752814610958218663997998,463.15467950,2677.65293410,15405.46576090,24952.14789276,22,1.000800640512409927942350000,0.9993,159,25,0.9992,1485,264,27313.180737,"{'ZERO': '0.000100080064051240992794235', 'MAKER_A_0.2BP': '0.000060076860912741713140117', 'MAKER_B_0.5BP': '7.5056295223669561118E-8', 'STRESS_1BP': '-0.0000999199519599681344915949'}",4,0.010008006405124099279423500,1,2026-05-08,146823.00000000,2684790.00000000
0.0001000800640512409927942353883,590.12856600,17351.34272820,31744.98234980,40761.24349796,15,2.001801621459313382043840000,0.9993,159,25,0.9991,2110,415,43015.308785,"{'ZERO': '0.000200180162145931338204384', 'MAKER_A_0.2BP': '0.000160172955083586747842663', 'MAKER_B_0.5BP': '0.000100165144880580012636842', 'STRESS_1BP': '1.60128116905054565107E-7'}",5,0.020018016214593133820438400,2,2026-05-08,146823.00000000,2998280.00000000
0.0001001001001001001001001001001,15.35638600,114.54353240,2056.38444510,3951.53320742,12,2.002202422664931424567020000,0.9991,2110,415,0.9989,72,31,4425.320398,"{'ZERO': '0.000200220242266493142456702', 'MAKER_A_0.2BP': '0.000160213033600975793077992', 'MAKER_B_0.5BP': '0.000100205220993330151292015', 'STRESS_1BP': '2.00200222244268715585E-7'}",6,0.020022024226649314245670200,2,2026-05-08,2998280.00000000,46690.00000000
0.0001000900810729656691021919728,98.14894800,10907.62090020,18924.73540560,25338.42700992,10,2.002002002002002002002000000,0.9992,1485,264,0.999,764,180,26941.849911,"{'ZERO': '0.000200200200200200200200200', 'MAKER_A_0.2BP': '0.000160192992336349469206812', 'MAKER_B_0.5BP': '0.000100185180931143633008540', 'STRESS_1BP': '1.80162163963783801800E-7'}",7,0.020020020020020020020020000,2,2026-05-08,2684790.00000000,1163441.00000000
0.0001501426355037285421150092588,9823.35712800,12758.96442800,13125.91534050,13419.47607050,2,3.003303633997397136850540000,0.9992,1485,264,0.9989,72,31,13492.866253,"{'ZERO': '0.000300330363399739713685054', 'MAKER_A_0.2BP': '0.000260319150409463529620187', 'MAKER_B_0.5BP': '0.000200305331614988977250507', 'STRESS_1BP': '0.000100290301333266413072378'}",8,0.030033036339973971368505400,3,2026-05-08,2684790.00000000,46690.00000000
0.0001501276084671971175499174298,33791.93655350,41168.00099390,42090.00904895,42827.61549299,2,3.003003003003003003003000000,0.9993,159,25,0.999,764,180,43012.017104,"{'ZERO': '0.000300300300300300300300300', 'MAKER_A_0.2BP': '0.000260289088512524043813418', 'MAKER_B_0.5BP': '0.000200275271521709199825294', 'STRESS_1BP': '0.000100260244245845685701700'}",9,0.030030030030030030030030000,3,2026-05-08,146823.00000000,1163441.00000000
0.00005003252113874018111772652224,47.87749900,379.33676880,682.96623625,1380.62916461,210,1.000700490343240268187730000,0.9994,1151,224,0.9993,1216,273,7738.976613,"{'ZERO': '0.000100070049034324026818773', 'MAKER_A_0.2BP': '0.000060066846296417411989997', 'MAKER_B_0.5BP': '6.5042279758322701297E-8', 'STRESS_1BP': '-0.0000999299649740819973841703'}",1,0.010007004903432402681877300,1,2026-05-09,922285.00000000,686928.00000000
0.00005003752814610958218663997998,63.83006200,287.17467200,374.39263200,739.71781525,66,1.000800640512409927942350000,0.9993,1216,273,0.9992,330,71,954.091426,"{'ZERO': '0.000100080064051240992794235', 'MAKER_A_0.2BP': '0.000060076860912741713140117', 'MAKER_B_0.5BP': '7.5056295223669561118E-8', 'STRESS_1BP': '-0.0000999199519599681344915949'}",2,0.010008006405124099279423500,1,2026-05-09,686928.00000000,107298.00000000
0.00005002251012955830123555600020,72.21616000,533.22417500,712.06263650,20677.17499685,56,1.000500250125062531265630000,0.9996,518,76,0.9995,395,70,44579.354668,"{'ZERO': '0.000100050025012506253126563', 'MAKER_A_0.2BP': '0.000060046823075544492111659', 'MAKER_B_0.5BP': '4.5020260242615683123E-8', 'STRESS_1BP': '-0.0000999499849914958479139580'}",3,0.010005002501250625312656300,1,2026-05-09,1779693.00000000,404394.00000000
0.00005001750612714450057520132046,312.19900050,1528.61300710,1897.10253970,3044.50427652,22,1.000400160064025610244100000,0.9997,67,23,0.9996,518,76,3345.300273,"{'ZERO': '0.000100040016006402561024410', 'MAKER_A_0.2BP': '0.000060036814469793037112447', 'MAKER_B_0.5BP': '3.5012254989491421787E-8', 'STRESS_1BP': '-0.0000999599919959984793837543'}",4,0.010004001600640256102441000,1,2026-05-09,80373.00000000,1779693.00000000
0.00005002751513332332783030666867,63.03150700,4330.69538930,19847.98803695,34944.90278899,12,1.000600360216129677806680000,0.9995,395,70,0.9994,1151,224,38719.131477,"{'ZERO': '0.000100060036021612967780668', 'MAKER_A_0.2BP': '0.000060056833684218851144290', 'MAKER_B_0.5BP': '5.5030268298472208669E-8', 'STRESS_1BP': '-0.0000999399759843907544406656'}",5,0.010006003602161296778066800,1,2026-05-09,404394.00000000,922285.00000000
0.0001000700490343240268187731412,300.91785450,2374.42726670,5070.15597785,7226.73894677,10,2.001601281024819855884710000,0.9994,1151,224,0.9992,330,71,7765.884689,"{'ZERO': '0.000200160128102481985588471', 'MAKER_A_0.2BP': '0.000160152921841483106286633', 'MAKER_B_0.5BP': '0.000100145112840434839747204', 'STRESS_1BP': '1.40098079863751014810E-7'}",6,0.020016012810248198558847100,2,2026-05-09,922285.00000000,107298.00000000
0.0001000600360216129677806684010,1233.28395700,22766.18320420,30730.61695810,37102.16396122,7,2.001400980686480536375460000,0.9995,395,70,0.9993,1216,273,38695.050712,"{'ZERO': '0.000200140098068648053637546', 'MAKER_A_0.2BP': '0.000160132892608834503986394', 'MAKER_B_0.5BP': '0.000100125084809504146027563', 'STRESS_1BP': '1.20072051636025229660E-7'}",7,0.020014009806864805363754600,2,2026-05-09,404394.00000000,686928.00000000
0.0001000400160064025610244097639,99.17775300,20595.62713760,33543.96009530,43902.62646146,7,2.001000500250125062531270000,0.9997,67,23,0.9995,395,70,46492.293053,"{'ZERO': '0.000200100050025012506253127', 'MAKER_A_0.2BP': '0.000160092846167088664229717', 'MAKER_B_0.5BP': '0.000100085040770472731991214', 'STRESS_1BP': '8.0032016808324170084E-8'}",8,0.020010005002501250625312700,2,2026-05-09,80373.00000000,404394.00000000
0.0001000500250125062531265632816,25051.67818950,44200.18864110,46593.75244755,48508.60349271,2,2.001200720432259355613370000,0.9996,518,76,0.9994,1151,224,48987.316254,"{'ZERO': '0.000200120072043225935561337', 'MAKER_A_0.2BP': '0.000160112867384437382294980', 'MAKER_B_0.5BP': '0.000100105060786584445042307', 'STRESS_1BP': '1.00050031018511116669E-7'}",9,0.020012007204322593556133700,2,2026-05-09,1779693.00000000,922285.00000000
0.0001500975634162205433531795667,12173.84627500,12173.84627500,12173.84627500,12173.84627500,1,3.002401921537229783827060000,0.9995,395,70,0.9992,330,71,12173.846275,"{'ZERO': '0.000300240192153722978382706', 'MAKER_A_0.2BP': '0.000260228982770224499433150', 'MAKER_B_0.5BP': '0.000200215169385646009933290', 'STRESS_1BP': '0.000100200148119695636521216'}",10,0.030024019215372297838270600,3,2026-05-09,404394.00000000,107298.00000000
0.00005002251012955830123555600020,19.85925300,309.99225940,764.31651920,3844.94406684,189,1.000500250125062531265630000,0.9996,2240,301,0.9995,2538,357,20089.486819,"{'ZERO': '0.000100050025012506253126563', 'MAKER_A_0.2BP': '0.000060046823075544492111659', 'MAKER_B_0.5BP': '4.5020260242615683123E-8', 'STRESS_1BP': '-0.0000999499849914958479139580'}",1,0.010005002501250625312656300,1,2026-05-10,10390363.00000000,13496418.00000000
0.00005002751513332332783030666867,18.25874500,200.39296400,373.74426050,3708.55660365,166,1.000600360216129677806680000,0.9995,2538,357,0.9994,2292,271,12934.812209,"{'ZERO': '0.000100060036021612967780668', 'MAKER_A_0.2BP': '0.000060056833684218851144290', 'MAKER_B_0.5BP': '5.5030268298472208669E-8', 'STRESS_1BP': '-0.0000999399759843907544406656'}",2,0.010006003602161296778066800,1,2026-05-10,13496418.00000000,3201918.00000000
0.00005001750612714450057520132046,15.49312600,298.95971450,1819.41843220,4690.49824052,118,1.000400160064025610244100000,0.9997,1912,178,0.9996,2240,301,23032.494881,"{'ZERO': '0.000100040016006402561024410', 'MAKER_A_0.2BP': '0.000060036814469793037112447', 'MAKER_B_0.5BP': '3.5012254989491421787E-8', 'STRESS_1BP': '-0.0000999599919959984793837543'}",3,0.010004001600640256102441000,1,2026-05-10,15993001.00000000,10390363.00000000
0.00005003252113874018111772652224,9.74022000,96.79593120,174.07171400,4600.84301008,102,1.000700490343240268187730000,0.9994,2292,271,0.9993,833,177,7935.524507,"{'ZERO': '0.000100070049034324026818773', 'MAKER_A_0.2BP': '0.000060066846296417411989997', 'MAKER_B_0.5BP': '6.5042279758322701297E-8', 'STRESS_1BP': '-0.0000999299649740819973841703'}",4,0.010007004903432402681877300,1,2026-05-10,3201918.00000000,2541685.00000000
0.00005003752814610958218663997998,9.07839950,192.05695240,356.12278285,1944.54575832,58,1.000800640512409927942350000,0.9993,833,177,0.9992,794,96,3974.373342,"{'ZERO': '0.000100080064051240992794235', 'MAKER_A_0.2BP': '0.000060076860912741713140117', 'MAKER_B_0.5BP': '7.5056295223669561118E-8', 'STRESS_1BP': '-0.0000999199519599681344915949'}",5,0.010008006405124099279423500,1,2026-05-10,2541685.00000000,486598.00000000
0.00005001250312578144536134033508,19.93848800,1971.38917970,7526.47881900,18454.84982929,50,1.000300090027008102430730000,0.9998,142,54,0.9997,1912,178,25474.028034,"{'ZERO': '0.000100030009002700810243073', 'MAKER_A_0.2BP': '0.000060026807866363428958289', 'MAKER_B_0.5BP': '2.5006251938078298646E-8', 'STRESS_1BP': '-0.0000999699969984996098769637'}",6,0.010003000900270081024307300,1,2026-05-10,1901188.00000000,15993001.00000000
0.00005004253615573237251663914327,12.43818700,135.86195090,232.64788510,947.87402454,44,1.000900810729656691021920000,0.9992,794,96,0.9991,165,60,1277.619448,"{'ZERO': '0.000100090081072965669102192', 'MAKER_A_0.2BP': '0.000060086877533793533918132', 'MAKER_B_0.5BP': '8.5072315296256005937E-8', 'STRESS_1BP': '-0.0000999099369414474827164466'}",7,0.010009008107296566910219200,1,2026-05-10,486598.00000000,53250.00000000
0.0001000400160064025610244097639,166.35261700,3764.40154420,4304.77579250,16664.44599412,35,2.001000500250125062531270000,0.9997,1912,178,0.9995,2538,357,22840.259266,"{'ZERO': '0.000200100050025012506253127', 'MAKER_A_0.2BP': '0.000160092846167088664229717', 'MAKER_B_0.5BP': '0.000100085040770472731991214', 'STRESS_1BP': '8.0032016808324170084E-8'}",8,0.020010005002501250625312700,2,2026-05-10,15993001.00000000,13496418.00000000
0.0001000500250125062531265632816,104.26291750,1964.67525800,11353.60270600,18530.27618100,26,2.001200720432259355613370000,0.9996,2240,301,0.9994,2292,271,19892.468159,"{'ZERO': '0.000200120072043225935561337', 'MAKER_A_0.2BP': '0.000160112867384437382294980', 'MAKER_B_0.5BP': '0.000100105060786584445042307', 'STRESS_1BP': '1.00050031018511116669E-7'}",9,0.020012007204322593556133700,2,2026-05-10,10390363.00000000,3201918.00000000
0.0001000800640512409927942353883,15.76297500,164.29496980,171.64396160,3074.06971698,23,2.001801621459313382043840000,0.9993,833,177,0.9991,165,60,3892.517268,"{'ZERO': '0.000200180162145931338204384', 'MAKER_A_0.2BP': '0.000160172955083586747842663', 'MAKER_B_0.5BP': '0.000100165144880580012636842', 'STRESS_1BP': '1.60128116905054565107E-7'}",10,0.020018016214593133820438400,2,2026-05-10,2541685.00000000,53250.00000000
0.00005004253615573237251663914327,45.44782050,236.38864960,390.56061850,6441.35936736,148,1.000900810729656691021920000,0.9992,856,199,0.9991,1664,253,11610.992087,"{'ZERO': '0.000100090081072965669102192', 'MAKER_A_0.2BP': '0.000060086877533793533918132', 'MAKER_B_0.5BP': '8.5072315296256005937E-8', 'STRESS_1BP': '-0.0000999099369414474827164466'}",1,0.010009008107296566910219200,1,2026-05-11,1650529.00000000,10548550.00000000
0.00005002751513332332783030666867,41.29190550,266.92901400,573.10422275,1200.90680030,116,1.000600360216129677806680000,0.9995,1275,157,0.9994,1180,139,5448.421096,"{'ZERO': '0.000100060036021612967780668', 'MAKER_A_0.2BP': '0.000060056833684218851144290', 'MAKER_B_0.5BP': '5.5030268298472208669E-8', 'STRESS_1BP': '-0.0000999399759843907544406656'}",2,0.010006003602161296778066800,1,2026-05-11,3351083.00000000,4255819.00000000
0.00005004754516790951403833641960,26.01391800,195.46488900,479.84689050,4209.36099735,106,1.001001001001001001001000000,0.9991,1664,253,0.999,1386,211,9223.828218,"{'ZERO': '0.000100100100100100100100100', 'MAKER_A_0.2BP': '0.000060096896160174894600206', 'MAKER_B_0.5BP': '9.5090340578066191786E-8', 'STRESS_1BP': '-0.0000998999199179181180981001'}",3,0.010010010010010010010010000,1,2026-05-11,10548550.00000000,5818636.00000000
0.00005005255518294208919365333600,20.16223300,142.68351650,195.73155075,1230.78961232,102,1.001101211332465712283510000,0.999,1386,211,0.9989,1617,166,4125.885197,"{'ZERO': '0.000100110121133246571228351', 'MAKER_A_0.2BP': '0.000060106916792488056535796', 'MAKER_B_0.5BP': '1.05110371671325333523E-7', 'STRESS_1BP': '-0.0000998899008887778756412075'}",4,0.010011012113324657122835100,1,2026-05-11,5818636.00000000,689552.00000000
0.00005005756620113130099614556740,12.46799300,75.99283940,115.00099905,172.37767166,44,1.001201441730076091309570000,0.9989,1617,166,0.9988,351,45,184.69779,"{'ZERO': '0.000100120144173007609130957', 'MAKER_A_0.2BP': '0.000060116939431335522268329', 'MAKER_B_0.5BP': '1.15132409178499825509E-7', 'STRESS_1BP': '-0.0000998798798534243491950364'}",5,0.010012014417300760913095700,1,2026-05-11,689552.00000000,85544.00000000
0.00005003752814610958218663997998,4.83739150,86.83078500,159.93917965,25545.10275158,42,1.000800640512409927942350000,0.9993,983,55,0.9992,856,199,41268.40651,"{'ZERO': '0.000100080064051240992794235', 'MAKER_A_0.2BP': '0.000060076860912741713140117', 'MAKER_B_0.5BP': '7.5056295223669561118E-8', 'STRESS_1BP': '-0.0000999199519599681344915949'}",6,0.010008006405124099279423500,1,2026-05-11,5445042.00000000,1650529.00000000
0.00005002251012955830123555600020,7.07043200,211.92935230,722.15310815,11300.78345282,40,1.000500250125062531265630000,0.9996,362,69,0.9995,1275,157,12742.825793,"{'ZERO': '0.000100050025012506253126563', 'MAKER_A_0.2BP': '0.000060046823075544492111659', 'MAKER_B_0.5BP': '4.5020260242615683123E-8', 'STRESS_1BP': '-0.0000999499849914958479139580'}",7,0.010005002501250625312656300,1,2026-05-11,1810308.00000000,3351083.00000000
0.00005001750612714450057520132046,2.70130000,598.93865700,819.04432300,8011.99171340,21,1.000400160064025610244100000,0.9997,108,27,0.9996,362,69,9810.228561,"{'ZERO': '0.000100040016006402561024410', 'MAKER_A_0.2BP': '0.000060036814469793037112447', 'MAKER_B_0.5BP': '3.5012254989491421787E-8', 'STRESS_1BP': '-0.0000999599919959984793837543'}",8,0.010004001600640256102441000,1,2026-05-11,729298.00000000,1810308.00000000
0.0001001001001001001001001001001,209.09776500,2028.85116640,4759.91549130,8249.53018386,19,2.002202422664931424567020000,0.9991,1664,253,0.9989,1617,166,9121.933857,"{'ZERO': '0.000200220242266493142456702', 'MAKER_A_0.2BP': '0.000160213033600975793077992', 'MAKER_B_0.5BP': '0.000100205220993330151292015', 'STRESS_1BP': '2.00200222244268715585E-7'}",9,0.020022024226649314245670200,2,2026-05-11,10548550.00000000,689552.00000000
0.0001000900810729656691021919728,100.39137600,5731.40632960,7422.56186070,10764.14882574,19,2.002002002002002002002000000,0.9992,856,199,0.999,1386,211,11599.545567,"{'ZERO': '0.000200200200200200200200200', 'MAKER_A_0.2BP': '0.000160192992336349469206812', 'MAKER_B_0.5BP': '0.000100185180931143633008540', 'STRESS_1BP': '1.80162163963783801800E-7'}",10,0.020020020020020020020020000,2,2026-05-11,1650529.00000000,5818636.00000000
0.00005007260527765259626458364629,42.88167200,306.49199620,413.66561925,2242.68638419,120,1.001502253380070105157740000,0.9986,1270,252,0.9985,1271,181,3464.136541,"{'ZERO': '0.000100150225338007010515774', 'MAKER_A_0.2BP': '0.000060147019393112388127801', 'MAKER_B_0.5BP': '1.45210566211799575269E-7', 'STRESS_1BP': '-0.0000998498047040563845468232'}",1,0.010015022533800701051577400,1,2026-05-12,4279344.00000000,3196153.00000000
0.00005006759124818504981725329194,38.36252550,252.70849500,513.02392295,3058.38938613,110,1.001401962747846985780090000,0.9987,1114,179,0.9986,1270,252,24777.951437,"{'ZERO': '0.000100140196274784698578009', 'MAKER_A_0.2BP': '0.000060136990731044581992398', 'MAKER_B_0.5BP': '1.35182505845667059727E-7', 'STRESS_1BP': '-0.0000998598317616666132305255'}",2,0.010014019627478469857800900,1,2026-05-12,8031821.00000000,4279344.00000000
0.00005006257822277847309136420526,46.11300200,459.49615850,3123.30147350,4261.50959278,64,1.001301692199859817763090000,0.9988,614,104,0.9987,1114,179,5844.872209,"{'ZERO': '0.000100130169219985981776309', 'MAKER_A_0.2BP': '0.000060126964077320035655961', 'MAKER_B_0.5BP': '1.25156453702297362352E-7', 'STRESS_1BP': '-0.0000998698568112548913327352'}",3,0.010013016921998598177630900,1,2026-05-12,5282411.00000000,8031821.00000000
0.00005007762031148279833742300566,17.39090200,205.15167880,406.93924500,1668.00145748,57,1.001602564102564102564100000,0.9985,1271,181,0.9984,582,85,2565.014451,"{'ZERO': '0.000100160256410256410256410', 'MAKER_A_0.2BP': '0.000060157050064126922589753', 'MAKER_B_0.5BP': '1.55240635404127229536E-7', 'STRESS_1BP': '-0.0000998397756378208333012853'}",4,0.010016025641025641025641000,1,2026-05-12,3196153.00000000,466563.00000000
0.00005004253615573237251663914327,24.54540800,157.35050440,193.38236205,416.56766993,44,1.000900810729656691021920000,0.9992,177,49,0.9991,621,84,569.2677,"{'ZERO': '0.000100090081072965669102192', 'MAKER_A_0.2BP': '0.000060086877533793533918132', 'MAKER_B_0.5BP': '8.5072315296256005937E-8', 'STRESS_1BP': '-0.0000999099369414474827164466'}",5,0.010009008107296566910219200,1,2026-05-12,1219631.00000000,1094957.00000000
0.00005005756620113130099614556740,42.60061050,424.64777610,5057.41104560,10109.06482065,38,1.001201441730076091309570000,0.9989,275,53,0.9988,614,104,12561.404232,"{'ZERO': '0.000100120144173007609130957', 'MAKER_A_0.2BP': '0.000060116939431335522268329', 'MAKER_B_0.5BP': '1.15132409178499825509E-7', 'STRESS_1BP': '-0.0000998798798534243491950364'}",6,0.010012014417300760913095700,1,2026-05-12,970859.00000000,5282411.00000000
0.00005004754516790951403833641960,43.95907300,172.16443140,243.55780380,303.62071024,33,1.001001001001001001001000000,0.9991,621,84,0.999,383,41,310.365908,"{'ZERO': '0.000100100100100100100100100', 'MAKER_A_0.2BP': '0.000060096896160174894600206', 'MAKER_B_0.5BP': '9.5090340578066191786E-8', 'STRESS_1BP': '-0.0000998999199179181180981001'}",7,0.010010010010010010010010000,1,2026-05-12,1094957.00000000,400200.00000000
0.0001001502253380070105157736605,37.02070450,218.07638350,1917.86640375,2979.30835275,26,2.003205128205128205128210000,0.9986,1270,252,0.9984,582,85,3149.583452,"{'ZERO': '0.000200320512820512820512821', 'MAKER_A_0.2BP': '0.000160313300144253525185907', 'MAKER_B_0.5BP': '0.000100305481520795755084041', 'STRESS_1BP': '3.00450724158353395430E-7'}",8,0.020032051282051282051282100,2,2026-05-12,4279344.00000000,466563.00000000
0.0001001401962747846985780092129,140.39216450,2828.96766870,12699.07929400,22331.48478440,12,2.003004506760140210315470000,0.9987,1114,179,0.9985,1271,181,24739.586157,"{'ZERO': '0.000200300450676014021031547', 'MAKER_A_0.2BP': '0.000160293238802224456262001', 'MAKER_B_0.5BP': '0.000100285421382411099775507', 'STRESS_1BP': '2.80392591687250904354E-7'}",9,0.020030045067601402103154700,2,2026-05-12,8031821.00000000,3196153.00000000
0.0001001301692199859817763092020,159.72693100,3317.81247400,4520.77578750,5483.14643830,11,2.002803925495693971560180000,0.9988,614,104,0.9986,1270,252,5723.739101,"{'ZERO': '0.000200280392549569397156018', 'MAKER_A_0.2BP': '0.000160273181478088843991195', 'MAKER_B_0.5BP': '0.000100265365261678834744423', 'STRESS_1BP': '2.60338476466793536949E-7'}",10,0.020028039254956939715601800,2,2026-05-12,5282411.00000000,4279344.00000000
0.00005007762031148279833742300566,20.69988400,160.35721420,257.27990310,1859.94292880,95,1.001602564102564102564100000,0.9985,1121,200,0.9984,985,142,11000.047715,"{'ZERO': '0.000100160256410256410256410', 'MAKER_A_0.2BP': '0.000060157050064126922589753', 'MAKER_B_0.5BP': '1.55240635404127229536E-7', 'STRESS_1BP': '-0.0000998397756378208333012853'}",1,0.010016025641025641025641000,1,2026-05-13,11073329.00000000,10726206.00000000
0.00005007260527765259626458364629,11.48725800,120.43163740,350.56361400,11186.56582496,89,1.001502253380070105157740000,0.9986,1358,122,0.9985,1121,200,13210.188708,"{'ZERO': '0.000100150225338007010515774', 'MAKER_A_0.2BP': '0.000060147019393112388127801', 'MAKER_B_0.5BP': '1.45210566211799575269E-7', 'STRESS_1BP': '-0.0000998498047040563845468232'}",2,0.010015022533800701051577400,1,2026-05-13,8591499.00000000,11073329.00000000
0.00005009267144216801082001703151,43.60292600,326.43139700,460.91326200,5189.21727460,81,1.001903616872056908125440000,0.9982,1054,152,0.9981,872,157,18653.311721,"{'ZERO': '0.000100190361687205690812544', 'MAKER_A_0.2BP': '0.000060187154136889208914549', 'MAKER_B_0.5BP': '1.85342901976231716417E-7', 'STRESS_1BP': '-0.0000998096763813248972668107'}",3,0.010019036168720569081254400,1,2026-05-13,2486366.00000000,4531261.00000000
0.00005008765339343851740545955422,32.29336700,161.59104190,333.10732720,1954.39382517,72,1.001803245842516529753560000,0.9983,1023,147,0.9982,1054,152,5460.082706,"{'ZERO': '0.000100180324584251652975356', 'MAKER_A_0.2BP': '0.000060177117435411259717102', 'MAKER_B_0.5BP': '1.75306802682306277393E-7', 'STRESS_1BP': '-0.0000998197114770590662833136'}",4,0.010018032458425165297535600,1,2026-05-13,7987155.00000000,2486366.00000000
0.00005009769049646811281999899805,52.50352950,460.33098140,581.98212205,3758.28496645,62,1.002004008016032064128260000,0.9981,872,157,0.998,1387,113,6188.005036,"{'ZERO': '0.000100200400801603206412826', 'MAKER_A_0.2BP': '0.000060197192849730179745102', 'MAKER_B_0.5BP': '1.95381012512500627474E-7', 'STRESS_1BP': '-0.0000997996392745494989579198'}",5,0.010020040080160320641282600,1,2026-05-13,4531261.00000000,2529271.00000000
0.00005010271055664111428428277970,30.53259950,124.62186530,194.38369145,797.00771179,50,1.002104419280489026956610000,0.998,1387,113,0.9979,174,53,1199.546744,"{'ZERO': '0.000100210441928048902695661', 'MAKER_A_0.2BP': '0.000060207233574538850940588', 'MAKER_B_0.5BP': '2.05421134895755462753E-7', 'STRESS_1BP': '-0.0000997896001561282893656721'}",6,0.010021044192804890269566100,1,2026-05-13,2529271.00000000,368283.00000000
0.00005006257822277847309136420526,6.31427700,85.50172120,1430.92295605,3205.74345264,48,1.001301692199859817763090000,0.9988,639,93,0.9987,760,79,3322.990775,"{'ZERO': '0.000100130169219985981776309', 'MAKER_A_0.2BP': '0.000060126964077320035655961', 'MAKER_B_0.5BP': '1.25156453702297362352E-7', 'STRESS_1BP': '-0.0000998698568112548913327352'}",7,0.010013016921998598177630900,1,2026-05-13,13905652.00000000,6752504.00000000
0.00005008263634997746281364251014,21.26354800,674.18710840,1006.41615660,5053.13630100,47,1.001702894921366322748670000,0.9984,985,142,0.9983,1023,147,6340.118942,"{'ZERO': '0.000100170289492136632274867', 'MAKER_A_0.2BP': '0.000060167082744691895704308', 'MAKER_B_0.5BP': '1.65272714026324127047E-7', 'STRESS_1BP': '-0.0000998297445623563457537848'}",8,0.010017028949213663227486700,1,2026-05-13,10726206.00000000,7987155.00000000
0.00005005756620113130099614556740,4.34375700,163.66547800,1201.24384200,4229.43340320,41,1.001201441730076091309570000,0.9989,564,44,0.9988,639,93,4248.766564,"{'ZERO': '0.000100120144173007609130957', 'MAKER_A_0.2BP': '0.000060116939431335522268329', 'MAKER_B_0.5BP': '1.15132409178499825509E-7', 'STRESS_1BP': '-0.0000998798798534243491950364'}",9,0.010012014417300760913095700,1,2026-05-13,3942429.00000000,13905652.00000000
0.00005006759124818504981725329194,47.43811700,1383.14043960,7427.96652180,15335.43529143,30,1.001401962747846985780090000,0.9987,760,79,0.9986,1358,122,16797.634383,"{'ZERO': '0.000100140196274784698578009', 'MAKER_A_0.2BP': '0.000060136990731044581992398', 'MAKER_B_0.5BP': '1.35182505845667059727E-7', 'STRESS_1BP': '-0.0000998598317616666132305255'}",10,0.010014019627478469857800900,1,2026-05-13,6752504.00000000,8591499.00000000
0.00005009267144216801082001703151,57.44862200,464.41142450,768.97111800,2389.07678018,150,1.001903616872056908125440000,0.9982,1331,194,0.9981,1526,204,4377.859198,"{'ZERO': '0.000100190361687205690812544', 'MAKER_A_0.2BP': '0.000060187154136889208914549', 'MAKER_B_0.5BP': '1.85342901976231716417E-7', 'STRESS_1BP': '-0.0000998096763813248972668107'}",1,0.010019036168720569081254400,1,2026-05-14,845580.00000000,1113331.00000000
0.00005009769049646811281999899805,24.11310850,318.98921120,987.21416625,1459.63757111,54,1.002004008016032064128260000,0.9981,1526,204,0.998,209,61,1480.128438,"{'ZERO': '0.000100200400801603206412826', 'MAKER_A_0.2BP': '0.000060197192849730179745102', 'MAKER_B_0.5BP': '1.95381012512500627474E-7', 'STRESS_1BP': '-0.0000997996392745494989579198'}",2,0.010020040080160320641282600,1,2026-05-14,1113331.00000000,129997.00000000
0.00005008765339343851740545955422,56.83188200,283.35228400,873.74577750,20917.40074200,51,1.001803245842516529753560000,0.9983,563,92,0.9982,1331,194,39678.850859,"{'ZERO': '0.000100180324584251652975356', 'MAKER_A_0.2BP': '0.000060177117435411259717102', 'MAKER_B_0.5BP': '1.75306802682306277393E-7', 'STRESS_1BP': '-0.0000998197114770590662833136'}",3,0.010018032458425165297535600,1,2026-05-14,2065244.00000000,845580.00000000
0.00005006759124818504981725329194,139.92108350,606.42490720,978.00377805,3188.87310714,48,1.001401962747846985780090000,0.9987,449,53,0.9986,1478,101,4964.572934,"{'ZERO': '0.000100140196274784698578009', 'MAKER_A_0.2BP': '0.000060136990731044581992398', 'MAKER_B_0.5BP': '1.35182505845667059727E-7', 'STRESS_1BP': '-0.0000998598317616666132305255'}",4,0.010014019627478469857800900,1,2026-05-14,1041272.00000000,2116746.00000000
0.00005007260527765259626458364629,12.40896600,194.06998300,391.84561000,31838.25728200,41,1.001502253380070105157740000,0.9986,1478,101,0.9985,527,70,52746.558284,"{'ZERO': '0.000100150225338007010515774', 'MAKER_A_0.2BP': '0.000060147019393112388127801', 'MAKER_B_0.5BP': '1.45210566211799575269E-7', 'STRESS_1BP': '-0.0000998498047040563845468232'}",5,0.010015022533800701051577400,1,2026-05-14,2116746.00000000,1076331.00000000
0.00005008263634997746281364251014,64.60043850,331.11231130,2841.08402175,33505.46488914,34,1.001702894921366322748670000,0.9984,898,69,0.9983,563,92,46666.869126,"{'ZERO': '0.000100170289492136632274867', 'MAKER_A_0.2BP': '0.000060167082744691895704308', 'MAKER_B_0.5BP': '1.65272714026324127047E-7', 'STRESS_1BP': '-0.0000998297445623563457537848'}",6,0.010017028949213663227486700,1,2026-05-14,2310590.00000000,2065244.00000000
0.00005007762031148279833742300566,33.83809450,1005.53426870,1728.55217070,35672.74254960,30,1.001602564102564102564100000,0.9985,527,70,0.9984,898,69,49443.340773,"{'ZERO': '0.000100160256410256410256410', 'MAKER_A_0.2BP': '0.000060157050064126922589753', 'MAKER_B_0.5BP': '1.55240635404127229536E-7', 'STRESS_1BP': '-0.0000998397756378208333012853'}",7,0.010016025641025641025641000,1,2026-05-14,1076331.00000000,2310590.00000000
0.0001001903616872056908125438333,179.15247900,2270.68388920,4014.52446660,4768.91698372,17,2.004008016032064128256510000,0.9982,1331,194,0.998,209,61,4957.515113,"{'ZERO': '0.000200400801603206412825651', 'MAKER_A_0.2BP': '0.000160393585715460039496605', 'MAKER_B_0.5BP': '0.000100385762275012501879916', 'STRESS_1BP': '3.80723450701022082161E-7'}",8,0.020040080160320641282565100,2,2026-05-14,845580.00000000,129997.00000000
0.0001001803245842516529753556402,235.23940400,1619.66634050,11406.41842175,33913.10161475,16,2.003807233744113816250880000,0.9983,563,92,0.9981,1526,204,39539.772413,"{'ZERO': '0.000200380723374411381625088', 'MAKER_A_0.2BP': '0.000160373508289778097835498', 'MAKER_B_0.5BP': '0.000100365686053939964057804', 'STRESS_1BP': '3.60649237150225464379E-7'}",9,0.020038072337441138162508800,2,2026-05-14,2065244.00000000,1113331.00000000
0.0001001301692199859817763092020,68.46612050,369.85901900,1876.64781225,5370.33391605,16,2.002803925495693971560180000,0.9988,46,21,0.9986,1478,101,6243.755442,"{'ZERO': '0.000200280392549569397156018', 'MAKER_A_0.2BP': '0.000160273181478088843991195', 'MAKER_B_0.5BP': '0.000100265365261678834744423', 'STRESS_1BP': '2.60338476466793536949E-7'}",10,0.020028039254956939715601800,2,2026-05-14,21332.00000000,2116746.00000000
0.00005008263634997746281364251014,58.23211100,302.53666710,442.84560085,951.05991772,114,1.001702894921366322748670000,0.9984,932,159,0.9983,1002,140,1867.833043,"{'ZERO': '0.000100170289492136632274867', 'MAKER_A_0.2BP': '0.000060167082744691895704308', 'MAKER_B_0.5BP': '1.65272714026324127047E-7', 'STRESS_1BP': '-0.0000998297445623563457537848'}",1,0.010017028949213663227486700,1,2026-05-15,810597.00000000,646351.00000000
0.00005010271055664111428428277970,44.99588300,400.28384310,634.88265265,2288.87595255,62,1.002104419280489026956610000,0.998,559,116,0.9979,401,82,4296.955293,"{'ZERO': '0.000100210441928048902695661', 'MAKER_A_0.2BP': '0.000060207233574538850940588', 'MAKER_B_0.5BP': '2.05421134895755462753E-7', 'STRESS_1BP': '-0.0000997896001561282893656721'}",2,0.010021044192804890269566100,1,2026-05-15,1662150.00000000,582987.00000000
0.00005009769049646811281999899805,22.97679200,245.62803500,432.79500320,1339.25353418,55,1.002004008016032064128260000,0.9981,1167,69,0.998,559,116,2071.857026,"{'ZERO': '0.000100200400801603206412826', 'MAKER_A_0.2BP': '0.000060197192849730179745102', 'MAKER_B_0.5BP': '1.95381012512500627474E-7', 'STRESS_1BP': '-0.0000997996392745494989579198'}",3,0.010020040080160320641282600,1,2026-05-15,784574.00000000,1662150.00000000
0.00005007762031148279833742300566,60.00485200,465.42416540,1622.20465260,10433.24921122,43,1.001602564102564102564100000,0.9985,973,77,0.9984,932,159,15516.282436,"{'ZERO': '0.000100160256410256410256410', 'MAKER_A_0.2BP': '0.000060157050064126922589753', 'MAKER_B_0.5BP': '1.55240635404127229536E-7', 'STRESS_1BP': '-0.0000998397756378208333012853'}",4,0.010016025641025641025641000,1,2026-05-15,2606100.00000000,810597.00000000
0.00005007260527765259626458364629,149.89845800,652.62174650,899.52064200,2961.13183405,36,1.001502253380070105157740000,0.9986,88,39,0.9985,973,77,3966.09272,"{'ZERO': '0.000100150225338007010515774', 'MAKER_A_0.2BP': '0.000060147019393112388127801', 'MAKER_B_0.5BP': '1.45210566211799575269E-7', 'STRESS_1BP': '-0.0000998498047040563845468232'}",5,0.010015022533800701051577400,1,2026-05-15,573193.00000000,2606100.00000000
0.00005008765339343851740545955422,5.49701000,46.03616900,55.99014600,98.77663560,21,1.001803245842516529753560000,0.9983,1002,140,0.9982,155,33,109.473258,"{'ZERO': '0.000100180324584251652975356', 'MAKER_A_0.2BP': '0.000060177117435411259717102', 'MAKER_B_0.5BP': '1.75306802682306277393E-7', 'STRESS_1BP': '-0.0000998197114770590662833136'}",6,0.010018032458425165297535600,1,2026-05-15,646351.00000000,280956.00000000
0.0001002004008016032064128256513,13.31182750,175.17721130,481.92015400,1692.64533000,18,2.004208838560978053913220000,0.9981,1167,69,0.9979,401,82,1995.326624,"{'ZERO': '0.000200420883856097805391322', 'MAKER_A_0.2BP': '0.000160413667165077381887576', 'MAKER_B_0.5BP': '0.000100405842519779011550475', 'STRESS_1BP': '4.00801687543441266656E-7'}",7,0.020042088385609780539132200,2,2026-05-15,784574.00000000,582987.00000000
0.00005010773162298942726862754923,99.25037300,1810.55849200,2286.71223450,2667.63522850,11,1.002204850671477249949890000,0.9979,401,82,0.9978,52,16,2762.865977,"{'ZERO': '0.000100220485067147724994989', 'MAKER_A_0.2BP': '0.000060217276311920143637616', 'MAKER_B_0.5BP': '2.15463269730881064686E-7', 'STRESS_1BP': '-0.0000997795590254564441330972'}",8,0.010022048506714772499498900,1,2026-05-15,582987.00000000,27960.00000000
0.00005009267144216801082001703151,6.95502050,207.09802230,1020.50436165,1671.22943313,10,1.001903616872056908125440000,0.9982,155,33,0.9981,1167,69,1833.910701,"{'ZERO': '0.000100190361687205690812544', 'MAKER_A_0.2BP': '0.000060187154136889208914549', 'MAKER_B_0.5BP': '1.85342901976231716417E-7', 'STRESS_1BP': '-0.0000998096763813248972668107'}",9,0.010019036168720569081254400,1,2026-05-15,280956.00000000,784574.00000000
0.0001001502253380070105157736605,314.25281150,2741.64605640,3456.02699920,4027.53175344,8,2.003205128205128205128210000,0.9986,88,39,0.9984,932,159,4170.407942,"{'ZERO': '0.000200320512820512820512821', 'MAKER_A_0.2BP': '0.000160313300144253525185907', 'MAKER_B_0.5BP': '0.000100305481520795755084041', 'STRESS_1BP': '3.00450724158353395430E-7'}",10,0.020032051282051282051282100,2,2026-05-15,573193.00000000,810597.00000000
0.00005010773162298942726862754923,38.99861350,291.42250220,584.78336505,1207.68428437,188,1.002204850671477249949890000,0.9979,1932,246,0.9978,1001,206,2456.353247,"{'ZERO': '0.000100220485067147724994989', 'MAKER_A_0.2BP': '0.000060217276311920143637616', 'MAKER_B_0.5BP': '2.15463269730881064686E-7', 'STRESS_1BP': '-0.0000997795590254564441330972'}",1,0.010022048506714772499498900,1,2026-05-16,4791443.00000000,1270980.00000000
0.00005010271055664111428428277970,189.99016150,2835.54760050,6142.42579575,21447.58230850,46,1.002104419280489026956610000,0.998,641,59,0.9979,1932,246,28616.494468,"{'ZERO': '0.000100210441928048902695661', 'MAKER_A_0.2BP': '0.000060207233574538850940588', 'MAKER_B_0.5BP': '2.05421134895755462753E-7', 'STRESS_1BP': '-0.0000997896001561282893656721'}",2,0.010021044192804890269566100,1,2026-05-16,1046697.00000000,4791443.00000000
0.00005011275369581558506639939865,12.79911950,514.37568310,962.90900575,2081.61030762,22,1.002305302195048611807160000,0.9978,1001,206,0.9977,105,35,2373.013758,"{'ZERO': '0.000100230530219504861180716', 'MAKER_A_0.2BP': '0.000060227321062479221499062', 'MAKER_B_0.5BP': '2.25507417623004787417E-7', 'STRESS_1BP': '-0.0000997695158819288964157608'}",3,0.010023053021950486118071600,1,2026-05-16,1270980.00000000,171746.00000000
0.0001002204850671477249949889757,98.34831800,515.57066500,902.58682575,1196.19021955,20,2.004610604390097223614310000,0.9979,1932,246,0.9977,105,35,1269.591068,"{'ZERO': '0.000200461060439009722361431', 'MAKER_A_0.2BP': '0.000160453842140958123004524', 'MAKER_B_0.5BP': '0.000100446015085233510199803', 'STRESS_1BP': '4.40970235942227166479E-7'}",4,0.020046106043900972236143100,2,2026-05-16,4791443.00000000,171746.00000000
0.00005009769049646811281999899805,348.65184800,12157.79762750,24675.53557100,33103.13841260,16,1.002004008016032064128260000,0.9981,178,28,0.998,641,59,35210.039123,"{'ZERO': '0.000100200400801603206412826', 'MAKER_A_0.2BP': '0.000060197192849730179745102', 'MAKER_B_0.5BP': '1.95381012512500627474E-7', 'STRESS_1BP': '-0.0000997996392745494989579198'}",5,0.010020040080160320641282600,1,2026-05-16,1993770.00000000,1046697.00000000
0.0001002004008016032064128256513,1169.15488650,22339.54231840,28751.57215120,33881.19601744,10,2.004208838560978053913220000,0.9981,178,28,0.9979,1932,246,35163.601984,"{'ZERO': '0.000200420883856097805391322', 'MAKER_A_0.2BP': '0.000160413667165077381887576', 'MAKER_B_0.5BP': '0.000100405842519779011550475', 'STRESS_1BP': '4.00801687543441266656E-7'}",6,0.020042088385609780539132200,2,2026-05-16,1993770.00000000,4791443.00000000
0.0001002104419280489026956608879,1926.99823100,15849.68630860,22177.39748380,27239.56642396,9,2.004409701342954499899780000,0.998,641,59,0.9978,1001,206,28505.108659,"{'ZERO': '0.000200440970134295449989978', 'MAKER_A_0.2BP': '0.000160433752639839967281633', 'MAKER_B_0.5BP': '0.000100425926789449262754341', 'STRESS_1BP': '4.20883948887131731806E-7'}",7,0.020044097013429544998997800,2,2026-05-16,1046697.00000000,1270980.00000000
0.00005009267144216801082001703151,15.10288250,21310.87006240,45068.75923420,64075.07057164,8,1.001903616872056908125440000,0.9982,115,8,0.9981,178,28,68826.648406,"{'ZERO': '0.000100190361687205690812544', 'MAKER_A_0.2BP': '0.000060187154136889208914549', 'MAKER_B_0.5BP': '1.85342901976231716417E-7', 'STRESS_1BP': '-0.0000998096763813248972668107'}",8,0.010019036168720569081254400,1,2026-05-16,431310.00000000,1993770.00000000
0.0001503081316699233428528483391,20383.33170700,32079.37033660,33541.37516530,34710.97902826,3,3.006614552014431749849670000,0.9981,178,28,0.9978,1001,206,35003.379994,"{'ZERO': '0.000300661455201443174984967', 'MAKER_A_0.2BP': '0.000260650228967759790925649', 'MAKER_B_0.5BP': '0.000200636390309167644443995', 'STRESS_1BP': '0.000100621326923230707596709'}",9,0.030066145520144317498496700,3,2026-05-16,1993770.00000000,1270980.00000000
0.0001503231948689682818058826477,28504.78765400,28504.78765400,28504.78765400,28504.78765400,1,3.006915906585145835421470000,0.998,641,59,0.9977,105,35,28504.787654,"{'ZERO': '0.000300691590658514583542147', 'MAKER_A_0.2BP': '0.000260680363219437024509986', 'MAKER_B_0.5BP': '0.000200666522752844015612189', 'STRESS_1BP': '0.000100651456353813350748718'}",10,0.030069159065851458354214700,3,2026-05-16,1046697.00000000,171746.00000000
0.00005009769049646811281999899805,187.47857200,661.59767800,906.09717500,2931.16566364,85,1.002004008016032064128260000,0.9981,782,116,0.998,979,133,5316.012817,"{'ZERO': '0.000100200400801603206412826', 'MAKER_A_0.2BP': '0.000060197192849730179745102', 'MAKER_B_0.5BP': '1.95381012512500627474E-7', 'STRESS_1BP': '-0.0000997996392745494989579198'}",1,0.010020040080160320641282600,1,2026-05-17,6784261.00000000,4306591.00000000
0.00005010773162298942726862754923,47.75305250,700.65332250,1015.65472850,1850.12538595,66,1.002204850671477249949890000,0.9979,465,141,0.9978,850,116,2143.217014,"{'ZERO': '0.000100220485067147724994989', 'MAKER_A_0.2BP': '0.000060217276311920143637616', 'MAKER_B_0.5BP': '2.15463269730881064686E-7', 'STRESS_1BP': '-0.0000997795590254564441330972'}",2,0.010022048506714772499498900,1,2026-05-17,599315.00000000,982686.00000000
0.00005010271055664111428428277970,67.21472600,922.86225730,1293.14153410,2161.03797013,62,1.002104419280489026956610000,0.998,979,133,0.9979,465,141,2444.52203,"{'ZERO': '0.000100210441928048902695661', 'MAKER_A_0.2BP': '0.000060207233574538850940588', 'MAKER_B_0.5BP': '2.05421134895755462753E-7', 'STRESS_1BP': '-0.0000997896001561282893656721'}",3,0.010021044192804890269566100,1,2026-05-17,4306591.00000000,599315.00000000
0.00005011275369581558506639939865,0.77984200,20.95841380,54.26990460,114.35986568,49,1.002305302195048611807160000,0.9978,850,116,0.9977,548,53,158.359166,"{'ZERO': '0.000100230530219504861180716', 'MAKER_A_0.2BP': '0.000060227321062479221499062', 'MAKER_B_0.5BP': '2.25507417623004787417E-7', 'STRESS_1BP': '-0.0000997695158819288964157608'}",4,0.010023053021950486118071600,1,2026-05-17,982686.00000000,443331.00000000
0.0001002004008016032064128256513,185.22194450,1156.30236960,1990.75694385,3825.47704560,28,2.004208838560978053913220000,0.9981,782,116,0.9979,465,141,4420.117113,"{'ZERO': '0.000200420883856097805391322', 'MAKER_A_0.2BP': '0.000160413667165077381887576', 'MAKER_B_0.5BP': '0.000100405842519779011550475', 'STRESS_1BP': '4.00801687543441266656E-7'}",5,0.020042088385609780539132200,2,2026-05-17,6784261.00000000,599315.00000000
0.00005009267144216801082001703151,62.66456700,7247.46443400,15595.84837970,23888.90996154,15,1.001903616872056908125440000,0.9982,345,30,0.9981,782,116,25962.175357,"{'ZERO': '0.000100190361687205690812544', 'MAKER_A_0.2BP': '0.000060187154136889208914549', 'MAKER_B_0.5BP': '1.85342901976231716417E-7', 'STRESS_1BP': '-0.0000998096763813248972668107'}",6,0.010019036168720569081254400,1,2026-05-17,8874119.00000000,6784261.00000000
0.00005008765339343851740545955422,37.64642550,313.33853750,448.79661610,586.70775362,14,1.001803245842516529753560000,0.9983,84,25,0.9982,345,30,621.185538,"{'ZERO': '0.000100180324584251652975356', 'MAKER_A_0.2BP': '0.000060177117435411259717102', 'MAKER_B_0.5BP': '1.75306802682306277393E-7', 'STRESS_1BP': '-0.0000998197114770590662833136'}",7,0.010018032458425165297535600,1,2026-05-17,1203486.00000000,8874119.00000000
0.00005008263634997746281364251014,0.00867800,0.01405000,66.50341950,119.69491510,11,1.001702894921366322748670000,0.9984,206,20,0.9983,84,25,132.992789,"{'ZERO': '0.000100170289492136632274867', 'MAKER_A_0.2BP': '0.000060167082744691895704308', 'MAKER_B_0.5BP': '1.65272714026324127047E-7', 'STRESS_1BP': '-0.0000998297445623563457537848'}",8,0.010017028949213663227486700,1,2026-05-17,476714.00000000,1203486.00000000
0.00005007762031148279833742300566,13.53804150,106.17443230,124.58135065,139.30688533,10,1.001602564102564102564100000,0.9985,113,16,0.9984,206,20,142.988269,"{'ZERO': '0.000100160256410256410256410', 'MAKER_A_0.2BP': '0.000060157050064126922589753', 'MAKER_B_0.5BP': '1.55240635404127229536E-7', 'STRESS_1BP': '-0.0000998397756378208333012853'}",9,0.010016025641025641025641000,1,2026-05-17,1510857.00000000,476714.00000000
0.00005007260527765259626458364629,9.18891700,98.68107600,132.49876100,159.55290900,6,1.001502253380070105157740000,0.9986,43,6,0.9985,113,16,166.316446,"{'ZERO': '0.000100150225338007010515774', 'MAKER_A_0.2BP': '0.000060147019393112388127801', 'MAKER_B_0.5BP': '1.45210566211799575269E-7', 'STRESS_1BP': '-0.0000998498047040563845468232'}",10,0.010015022533800701051577400,1,2026-05-17,92307.00000000,1510857.00000000
0.00005011777677542224226933293239,17.83420100,293.60064500,456.59731325,906.30665180,106,1.002405773857257417802730000,0.9977,2201,197,0.9976,454,126,1712.304061,"{'ZERO': '0.000100240577385725741780273', 'MAKER_A_0.2BP': '0.000060237367826821490835620', 'MAKER_B_0.5BP': '2.35553579177496618353E-7', 'STRESS_1BP': '-0.0000997594707249403367602293'}",1,0.010024057738572574178027300,1,2026-05-18,5654783.00000000,612452.00000000
0.00005010271055664111428428277970,21.32876450,211.84662020,354.01644110,4536.07718537,102,1.002104419280489026956610000,0.998,505,109,0.9979,799,142,26547.23512,"{'ZERO': '0.000100210441928048902695661', 'MAKER_A_0.2BP': '0.000060207233574538850940588', 'MAKER_B_0.5BP': '2.05421134895755462753E-7', 'STRESS_1BP': '-0.0000997896001561282893656721'}",2,0.010021044192804890269566100,1,2026-05-18,962452.00000000,803252.00000000
0.00005011275369581558506639939865,51.99556750,447.06825320,772.83123535,5684.69149029,100,1.002305302195048611807160000,0.9978,1296,162,0.9977,2201,197,15597.733977,"{'ZERO': '0.000100230530219504861180716', 'MAKER_A_0.2BP': '0.000060227321062479221499062', 'MAKER_B_0.5BP': '2.25507417623004787417E-7', 'STRESS_1BP': '-0.0000997695158819288964157608'}",3,0.010023053021950486118071600,1,2026-05-18,3241522.00000000,5654783.00000000
0.00005010773162298942726862754923,50.56375300,922.75619840,3343.97384280,25478.05660708,45,1.002204850671477249949890000,0.9979,799,142,0.9978,1296,162,25862.678963,"{'ZERO': '0.000100220485067147724994989', 'MAKER_A_0.2BP': '0.000060217276311920143637616', 'MAKER_B_0.5BP': '2.15463269730881064686E-7', 'STRESS_1BP': '-0.0000997795590254564441330972'}",4,0.010022048506714772499498900,1,2026-05-18,803252.00000000,3241522.00000000
0.0001002305302195048611807156460,77.54384600,2835.50124200,5062.53396650,10719.38929471,28,2.004811547714514835605450000,0.9978,1296,162,0.9976,454,126,12559.95808,"{'ZERO': '0.000200481154771451483560545', 'MAKER_A_0.2BP': '0.000160473935669642661677641', 'MAKER_B_0.5BP': '0.000100466107408342493861674', 'STRESS_1BP': '4.61060549919346477542E-7'}",5,0.020048115477145148356054500,2,2026-05-18,3241522.00000000,612452.00000000
0.0001002104419280489026956608879,42.55166350,4029.47526000,15952.18349685,27209.29920977,12,2.004409701342954499899780000,0.998,505,109,0.9978,1296,162,30023.578138,"{'ZERO': '0.000200440970134295449989978', 'MAKER_A_0.2BP': '0.000160433752639839967281633', 'MAKER_B_0.5BP': '0.000100425926789449262754341', 'STRESS_1BP': '4.20883948887131731806E-7'}",6,0.020044097013429544998997800,2,2026-05-18,962452.00000000,3241522.00000000
0.00005012280086211217482832940705,30.59742100,164.55124360,191.49476480,213.04958176,9,1.002506265664160401002510000,0.9976,454,126,0.9975,18,10,218.438286,"{'ZERO': '0.000100250626566416040100251', 'MAKER_A_0.2BP': '0.000060247416605552600727434', 'MAKER_B_0.5BP': '2.45601754999969299781E-7', 'STRESS_1BP': '-0.0000997494235538852129824612'}",7,0.010025062656641604010025100,1,2026-05-18,612452.00000000,21862.00000000
0.0001002405773857257417802726544,290.05115000,1086.53777470,1245.71371435,1373.05446607,4,2.005012531328320802005010000,0.9977,2201,197,0.9975,18,10,1404.889654,"{'ZERO': '0.000200501253132832080200501', 'MAKER_A_0.2BP': '0.000160494033227104881461268', 'MAKER_B_0.5BP': '0.000100486203759987439224530', 'STRESS_1BP': '4.81154892029594033078E-7'}",8,0.020050125313283208020050100,2,2026-05-18,5654783.00000000,21862.00000000
0.0001002204850671477249949889757,16101.08650000,25412.01599240,25515.57904970,25598.42949554,4,2.004610604390097223614310000,0.9979,799,142,0.9977,2201,197,25619.142107,"{'ZERO': '0.000200461060439009722361431', 'MAKER_A_0.2BP': '0.000160453842140958123004524', 'MAKER_B_0.5BP': '0.000100446015085233510199803', 'STRESS_1BP': '4.40970235942227166479E-7'}",9,0.020046106043900972236143100,2,2026-05-18,803252.00000000,5654783.00000000
0.0001503533303262667268079987972,2022.06419900,3114.88485340,3251.48743520,3360.76950064,3,3.007518796992481203007520000,0.9978,1296,162,0.9975,18,10,3388.090017,"{'ZERO': '0.000300751879699248120300752', 'MAKER_A_0.2BP': '0.000260740649848657162195102', 'MAKER_B_0.5BP': '0.000200726805764974909149279', 'STRESS_1BP': '0.000100711733337944401048617'}",10,0.030075187969924812030075200,3,2026-05-18,3241522.00000000,21862.00000000
0.00005010271055664111428428277970,94.20410700,617.9739080,1004.78136890,8173.53044522,135,1.002104419280489026956610000,0.998,663,189,0.9979,1159,228,12881.394673,"{'ZERO': '0.000100210441928048902695661', 'MAKER_A_0.2BP': '0.000060207233574538850940588', 'MAKER_B_0.5BP': '2.05421134895755462753E-7', 'STRESS_1BP': '-0.0000997896001561282893656721'}",1,0.010021044192804890269566100,1,2026-05-19,2404344.00000000,2369343.00000000
0.00005010773162298942726862754923,105.34934100,577.85694090,998.36383090,1296.24075034,104,1.002204850671477249949890000,0.9979,1159,228,0.9978,552,114,2054.793237,"{'ZERO': '0.000100220485067147724994989', 'MAKER_A_0.2BP': '0.000060217276311920143637616', 'MAKER_B_0.5BP': '2.15463269730881064686E-7', 'STRESS_1BP': '-0.0000997795590254564441330972'}",2,0.010022048506714772499498900,1,2026-05-19,2369343.00000000,326075.00000000
0.00005009769049646811281999899805,38.61810300,184.21536960,310.68989100,14345.40650132,45,1.002004008016032064128260000,0.9981,628,78,0.998,663,189,17565.355749,"{'ZERO': '0.000100200400801603206412826', 'MAKER_A_0.2BP': '0.000060197192849730179745102', 'MAKER_B_0.5BP': '1.95381012512500627474E-7', 'STRESS_1BP': '-0.0000997996392745494989579198'}",3,0.010020040080160320641282600,1,2026-05-19,3663090.00000000,2404344.00000000
0.00005009267144216801082001703151,46.44831100,336.87027420,491.49262080,7378.61393428,33,1.001903616872056908125440000,0.9982,332,45,0.9981,628,78,10527.082469,"{'ZERO': '0.000100190361687205690812544', 'MAKER_A_0.2BP': '0.000060187154136889208914549', 'MAKER_B_0.5BP': '1.85342901976231716417E-7', 'STRESS_1BP': '-0.0000998096763813248972668107'}",4,0.010019036168720569081254400,1,2026-05-19,678909.00000000,3663090.00000000
0.0001002104419280489026956608879,153.20403850,1568.41620690,9937.24138060,12598.63585419,24,2.004409701342954499899780000,0.998,663,189,0.9978,552,114,12953.504774,"{'ZERO': '0.000200440970134295449989978', 'MAKER_A_0.2BP': '0.000160433752639839967281633', 'MAKER_B_0.5BP': '0.000100425926789449262754341', 'STRESS_1BP': '4.20883948887131731806E-7'}",5,0.020044097013429544998997800,2,2026-05-19,2404344.00000000,326075.00000000
0.00005008765339343851740545955422,30.69088900,1938.02031200,6290.91141940,11157.07058788,13,1.001803245842516529753560000,0.9983,58,18,0.9982,332,45,12373.61038,"{'ZERO': '0.000100180324584251652975356', 'MAKER_A_0.2BP': '0.000060177117435411259717102', 'MAKER_B_0.5BP': '1.75306802682306277393E-7', 'STRESS_1BP': '-0.0000998197114770590662833136'}",6,0.010018032458425165297535600,1,2026-05-19,110615.00000000,678909.00000000
0.0001001903616872056908125438333,346.35921900,14023.28734550,15821.13317675,17259.40984175,6,2.004008016032064128256510000,0.9982,332,45,0.998,663,189,17618.979008,"{'ZERO': '0.000200400801603206412825651', 'MAKER_A_0.2BP': '0.000160393585715460039496605', 'MAKER_B_0.5BP': '0.000100385762275012501879916', 'STRESS_1BP': '3.80723450701022082161E-7'}",7,0.020040080160320641282565100,2,2026-05-19,678909.00000000,2404344.00000000
0.00005008263634997746281364251014,81.47813450,478.42012050,609.66624875,714.66315135,6,1.001702894921366322748670000,0.9984,6,6,0.9983,58,18,740.912377,"{'ZERO': '0.000100170289492136632274867', 'MAKER_A_0.2BP': '0.000060167082744691895704308', 'MAKER_B_0.5BP': '1.65272714026324127047E-7', 'STRESS_1BP': '-0.0000998297445623563457537848'}",8,0.010017028949213663227486700,1,2026-05-19,625.00000000,110615.00000000
0.0001002004008016032064128256513,5102.96146200,24353.27312260,27400.01177230,29837.40269206,4,2.004208838560978053913220000,0.9981,628,78,0.9979,1159,228,30446.750422,"{'ZERO': '0.000200420883856097805391322', 'MAKER_A_0.2BP': '0.000160413667165077381887576', 'MAKER_B_0.5BP': '0.000100405842519779011550475', 'STRESS_1BP': '4.00801687543441266656E-7'}",9,0.020042088385609780539132200,2,2026-05-19,3663090.00000000,2369343.00000000
0.0001001803245842516529753556402,2222.09722000,10386.20635520,11406.71999710,12223.13091062,3,2.003807233744113816250880000,0.9983,58,18,0.9981,628,78,12427.233639,"{'ZERO': '0.000200380723374411381625088', 'MAKER_A_0.2BP': '0.000160373508289778097835498', 'MAKER_B_0.5BP': '0.000100365686053939964057804', 'STRESS_1BP': '3.60649237150225464379E-7'}",10,0.020038072337441138162508800,2,2026-05-19,110615.00000000,3663090.00000000
0.00005009267144216801082001703151,27.11411800,336.63201660,812.64309180,3858.21561278,164,1.001903616872056908125440000,0.9982,2446,253,0.9981,1153,214,24634.829909,"{'ZERO': '0.000100190361687205690812544', 'MAKER_A_0.2BP': '0.000060187154136889208914549', 'MAKER_B_0.5BP': '1.85342901976231716417E-7', 'STRESS_1BP': '-0.0000998096763813248972668107'}",1,0.010019036168720569081254400,1,2026-05-20,5864000.00000000,5812739.00000000
0.00005010271055664111428428277970,40.78285050,452.32435150,1067.47341500,1421.78712865,116,1.002104419280489026956610000,0.998,835,167,0.9979,1589,142,6737.139773,"{'ZERO': '0.000100210441928048902695661', 'MAKER_A_0.2BP': '0.000060207233574538850940588', 'MAKER_B_0.5BP': '2.05421134895755462753E-7', 'STRESS_1BP': '-0.0000997896001561282893656721'}",2,0.010021044192804890269566100,1,2026-05-20,4982810.00000000,4262281.00000000
0.00005008765339343851740545955422,8.35865850,508.79918150,2590.66084965,14796.27148401,90,1.001803245842516529753560000,0.9983,1054,128,0.9982,2446,253,32337.431441,"{'ZERO': '0.000100180324584251652975356', 'MAKER_A_0.2BP': '0.000060177117435411259717102', 'MAKER_B_0.5BP': '1.75306802682306277393E-7', 'STRESS_1BP': '-0.0000998197114770590662833136'}",3,0.010018032458425165297535600,1,2026-05-20,1669276.00000000,5864000.00000000
0.00005009769049646811281999899805,78.54991100,1529.28027670,1717.65917890,13851.67351511,42,1.002004008016032064128260000,0.9981,1153,214,0.998,835,167,21799.946688,"{'ZERO': '0.000100200400801603206412826', 'MAKER_A_0.2BP': '0.000060197192849730179745102', 'MAKER_B_0.5BP': '1.95381012512500627474E-7', 'STRESS_1BP': '-0.0000997996392745494989579198'}",4,0.010020040080160320641282600,1,2026-05-20,5812739.00000000,4982810.00000000
0.0001001803245842516529753556402,44.57632150,3394.82188670,11633.85597840,25758.18261028,34,2.003807233744113816250880000,0.9983,1054,128,0.9981,1153,214,32331.162007,"{'ZERO': '0.000200380723374411381625088', 'MAKER_A_0.2BP': '0.000160373508289778097835498', 'MAKER_B_0.5BP': '0.000100365686053939964057804', 'STRESS_1BP': '3.60649237150225464379E-7'}",5,0.020038072337441138162508800,2,2026-05-20,1669276.00000000,5812739.00000000
0.00005008263634997746281364251014,45.08114550,842.60288350,3928.73368615,36463.36190486,32,1.001702894921366322748670000,0.9984,260,42,0.9983,1054,128,49497.957261,"{'ZERO': '0.000100170289492136632274867', 'MAKER_A_0.2BP': '0.000060167082744691895704308', 'MAKER_B_0.5BP': '1.65272714026324127047E-7', 'STRESS_1BP': '-0.0000998297445623563457537848'}",6,0.010017028949213663227486700,1,2026-05-20,3168237.00000000,1669276.00000000
0.00005010773162298942726862754923,33.95484750,613.23554150,1214.12548575,1669.86069600,26,1.002204850671477249949890000,0.9979,1589,142,0.9978,182,43,1771.483479,"{'ZERO': '0.000100220485067147724994989', 'MAKER_A_0.2BP': '0.000060217276311920143637616', 'MAKER_B_0.5BP': '2.15463269730881064686E-7', 'STRESS_1BP': '-0.0000997795590254564441330972'}",7,0.010022048506714772499498900,1,2026-05-20,4262281.00000000,1151556.00000000
0.0001002104419280489026956608879,34.18391400,985.85004240,2402.35123320,5816.46529464,17,2.004409701342954499899780000,0.998,835,167,0.9978,182,43,6669.99381,"{'ZERO': '0.000200440970134295449989978', 'MAKER_A_0.2BP': '0.000160433752639839967281633', 'MAKER_B_0.5BP': '0.000100425926789449262754341', 'STRESS_1BP': '4.20883948887131731806E-7'}",8,0.020044097013429544998997800,2,2026-05-20,4982810.00000000,1151556.00000000
0.0001002004008016032064128256513,111.07363500,2260.62906280,8396.79261960,19115.61031912,15,2.004208838560978053913220000,0.9981,1153,214,0.9979,1589,142,21795.314744,"{'ZERO': '0.000200420883856097805391322', 'MAKER_A_0.2BP': '0.000160413667165077381887576', 'MAKER_B_0.5BP': '0.000100405842519779011550475', 'STRESS_1BP': '4.00801687543441266656E-7'}",9,0.020042088385609780539132200,2,2026-05-20,5812739.00000000,4262281.00000000
0.0001001903616872056908125438333,628.09491200,5026.93654000,14801.28495650,22620.76368970,11,2.004008016032064128256510000,0.9982,2446,253,0.998,835,167,24575.633373,"{'ZERO': '0.000200400801603206412825651', 'MAKER_A_0.2BP': '0.000160393585715460039496605', 'MAKER_B_0.5BP': '0.000100385762275012501879916', 'STRESS_1BP': '3.80723450701022082161E-7'}",10,0.020040080160320641282565100,2,2026-05-20,5864000.00000000,4982810.00000000
0.00005006759124818504981725329194,0.01853100,29.80272760,92.38950130,6266.36671572,203,1.001401962747846985780090000,0.9987,287,206,0.9986,2172,349,16430.862032,"{'ZERO': '0.000100140196274784698578009', 'MAKER_A_0.2BP': '0.000060136990731044581992398', 'MAKER_B_0.5BP': '1.35182505845667059727E-7', 'STRESS_1BP': '-0.0000998598317616666132305255'}",1,0.010014019627478469857800900,1,2026-05-21,425225.00000000,10123272.00000000
0.00005007260527765259626458364629,0.00845900,17.34899120,194.63303340,10086.35505812,149,1.001502253380070105157740000,0.9986,2172,349,0.9985,870,229,13599.573209,"{'ZERO': '0.000100150225338007010515774', 'MAKER_A_0.2BP': '0.000060147019393112388127801', 'MAKER_B_0.5BP': '1.45210566211799575269E-7', 'STRESS_1BP': '-0.0000998498047040563845468232'}",2,0.010015022533800701051577400,1,2026-05-21,10123272.00000000,12635246.00000000
0.00005008263634997746281364251014,53.99557850,372.18447000,719.98209200,5329.62434930,136,1.001702894921366322748670000,0.9984,1130,223,0.9983,1615,262,10263.280147,"{'ZERO': '0.000100170289492136632274867', 'MAKER_A_0.2BP': '0.000060167082744691895704308', 'MAKER_B_0.5BP': '1.65272714026324127047E-7', 'STRESS_1BP': '-0.0000998297445623563457537848'}",3,0.010017028949213663227486700,1,2026-05-21,11494551.00000000,8519223.00000000
0.00005008765339343851740545955422,69.05084400,515.78046700,760.53742250,1378.52489420,131,1.001803245842516529753560000,0.9983,1615,262,0.9982,859,175,5504.287398,"{'ZERO': '0.000100180324584251652975356', 'MAKER_A_0.2BP': '0.000060177117435411259717102', 'MAKER_B_0.5BP': '1.75306802682306277393E-7', 'STRESS_1BP': '-0.0000998197114770590662833136'}",4,0.010018032458425165297535600,1,2026-05-21,8519223.00000000,611350.00000000
0.0001001401962747846985780092129,0.01459350,52.03466150,320.97082625,14007.98881580,96,2.003004506760140210315470000,0.9987,287,206,0.9985,870,229,16416.426684,"{'ZERO': '0.000200300450676014021031547', 'MAKER_A_0.2BP': '0.000160293238802224456262001', 'MAKER_B_0.5BP': '0.000100285421382411099775507', 'STRESS_1BP': '2.80392591687250904354E-7'}",5,0.020030045067601402103154700,2,2026-05-21,425225.00000000,12635246.00000000
0.00005007762031148279833742300566,34.75219950,1310.66860640,2305.56950945,12129.45027989,82,1.001602564102564102564100000,0.9985,870,229,0.9984,1130,223,13499.137868,"{'ZERO': '0.000100160256410256410256410', 'MAKER_A_0.2BP': '0.000060157050064126922589753', 'MAKER_B_0.5BP': '1.55240635404127229536E-7', 'STRESS_1BP': '-0.0000998397756378208333012853'}",6,0.010016025641025641025641000,1,2026-05-21,12635246.00000000,11494551.00000000
0.00005009267144216801082001703151,16.54149100,146.90834370,238.78021500,2344.75460468,42,1.001903616872056908125440000,0.9982,859,175,0.9981,152,48,3026.31993,"{'ZERO': '0.000100190361687205690812544', 'MAKER_A_0.2BP': '0.000060187154136889208914549', 'MAKER_B_0.5BP': '1.85342901976231716417E-7', 'STRESS_1BP': '-0.0000998096763813248972668107'}",7,0.010019036168720569081254400,1,2026-05-21,611350.00000000,36591.00000000
0.0001001702894921366322748672744,122.10709800,3335.04942840,6243.86867710,9396.12101968,23,2.003606491685033059507110000,0.9984,1130,223,0.9982,859,175,10215.281462,"{'ZERO': '0.000200360649168503305950711', 'MAKER_A_0.2BP': '0.000160353434886822199440603', 'MAKER_B_0.5BP': '0.000100345613855352113179755', 'STRESS_1BP': '3.40579045681887431373E-7'}",8,0.020036064916850330595071100,2,2026-05-21,11494551.00000000,611350.00000000
0.0001001502253380070105157736605,66.86325850,13538.51546260,13692.45109440,15941.38242208,20,2.003205128205128205128210000,0.9986,2172,349,0.9984,1130,223,16503.615254,"{'ZERO': '0.000200320512820512820512821', 'MAKER_A_0.2BP': '0.000160313300144253525185907', 'MAKER_B_0.5BP': '0.000100305481520795755084041', 'STRESS_1BP': '3.00450724158353395430E-7'}",9,0.020032051282051282051282100,2,2026-05-21,10123272.00000000,11494551.00000000
0.0001001602564102564102564102564,1154.06989400,6905.33729380,13570.20477590,15165.25515518,19,2.003405789842732645497350000,0.9985,870,229,0.9983,1615,262,15564.01775,"{'ZERO': '0.000200340578984273264549735', 'MAKER_A_0.2BP': '0.000160333365505383471415015', 'MAKER_B_0.5BP': '0.000100325545678040148879063', 'STRESS_1BP': '3.20512875087328490431E-7'}",10,0.020034057898427326454973500,2,2026-05-21,12635246.00000000,8519223.00000000
0.00005009267144216801082001703151,73.73711600,417.86492390,468.94081475,544.85655306,104,1.001903616872056908125440000,0.9982,438,152,0.9981,703,114,808.809783,"{'ZERO': '0.000100190361687205690812544', 'MAKER_A_0.2BP': '0.000060187154136889208914549', 'MAKER_B_0.5BP': '1.85342901976231716417E-7', 'STRESS_1BP': '-0.0000998096763813248972668107'}",1,0.010019036168720569081254400,1,2026-05-22,480420.00000000,475075.00000000
0.00005008263634997746281364251014,130.79393600,976.47042720,1873.97682785,2646.75018146,54,1.001702894921366322748670000,0.9984,125,58,0.9983,1011,96,2741.739759,"{'ZERO': '0.000100170289492136632274867', 'MAKER_A_0.2BP': '0.000060167082744691895704308', 'MAKER_B_0.5BP': '1.65272714026324127047E-7', 'STRESS_1BP': '-0.0000998297445623563457537848'}",2,0.010017028949213663227486700,1,2026-05-22,190999.00000000,736491.00000000
0.00005012782595618828011429144318,33.35945650,151.88117030,218.38597940,463.10940486,48,1.002606777621816723481050000,0.9975,268,66,0.9974,160,50,480.690489,"{'ZERO': '0.000100260677762181672348105', 'MAKER_A_0.2BP': '0.000060257467399278443145795', 'MAKER_B_0.5BP': '2.55651945696278450565E-7', 'STRESS_1BP': '-0.0000997393743681577300461251'}",3,0.010026067776218167234810500,1,2026-05-22,420264.00000000,88387.00000000
0.00005008765339343851740545955422,42.99071700,158.75000360,912.04079110,9161.03910458,43,1.001803245842516529753560000,0.9983,1011,96,0.9982,438,152,14659.003787,"{'ZERO': '0.000100180324584251652975356', 'MAKER_A_0.2BP': '0.000060177117435411259717102', 'MAKER_B_0.5BP': '1.75306802682306277393E-7', 'STRESS_1BP': '-0.0000998197114770590662833136'}",4,0.010018032458425165297535600,1,2026-05-22,736491.00000000,480420.00000000
0.00005010773162298942726862754923,46.26530300,353.86216900,482.47468600,682.71391740,41,1.002204850671477249949890000,0.9979,602,99,0.9978,282,53,799.189117,"{'ZERO': '0.000100220485067147724994989', 'MAKER_A_0.2BP': '0.000060217276311920143637616', 'MAKER_B_0.5BP': '2.15463269730881064686E-7', 'STRESS_1BP': '-0.0000997795590254564441330972'}",5,0.010022048506714772499498900,1,2026-05-22,684166.00000000,565931.00000000
0.0001002204850671477249949889757,4.36399800,238.27644450,314.78043075,407.30199898,38,2.004610604390097223614310000,0.9979,602,99,0.9977,272,65,445.808989,"{'ZERO': '0.000200461060439009722361431', 'MAKER_A_0.2BP': '0.000160453842140958123004524', 'MAKER_B_0.5BP': '0.000100446015085233510199803', 'STRESS_1BP': '4.40970235942227166479E-7'}",6,0.020046106043900972236143100,2,2026-05-22,684166.00000000,275803.00000000
0.00005010271055664111428428277970,22.71508350,150.71213500,425.86048860,933.20849149,32,1.002104419280489026956610000,0.998,134,42,0.9979,602,99,1018.772218,"{'ZERO': '0.000100210441928048902695661', 'MAKER_A_0.2BP': '0.000060207233574538850940588', 'MAKER_B_0.5BP': '2.05421134895755462753E-7', 'STRESS_1BP': '-0.0000997896001561282893656721'}",7,0.010021044192804890269566100,1,2026-05-22,148161.00000000,684166.00000000
0.00005011275369581558506639939865,1.85721550,147.88777970,718.14960930,1614.33116607,22,1.002305302195048611807160000,0.9978,282,53,0.9977,272,65,1844.724378,"{'ZERO': '0.000100230530219504861180716', 'MAKER_A_0.2BP': '0.000060227321062479221499062', 'MAKER_B_0.5BP': '2.25507417623004787417E-7', 'STRESS_1BP': '-0.0000997695158819288964157608'}",8,0.010023053021950486118071600,1,2026-05-22,565931.00000000,275803.00000000
0.00005012280086211217482832940705,21.86175900,66.39368580,877.11408155,4536.51537951,18,1.002506265664160401002510000,0.9976,173,35,0.9975,268,66,5451.365704,"{'ZERO': '0.000100250626566416040100251', 'MAKER_A_0.2BP': '0.000060247416605552600727434', 'MAKER_B_0.5BP': '2.45601754999969299781E-7', 'STRESS_1BP': '-0.0000997494235538852129824612'}",9,0.010025062656641604010025100,1,2026-05-22,208960.00000000,420264.00000000
0.00005011777677542224226933293239,17.08359750,81.59124950,96.17044000,98.87152240,16,1.002405773857257417802730000,0.9977,272,65,0.9976,173,35,99.546793,"{'ZERO': '0.000100240577385725741780273', 'MAKER_A_0.2BP': '0.000060237367826821490835620', 'MAKER_B_0.5BP': '2.35553579177496618353E-7', 'STRESS_1BP': '-0.0000997594707249403367602293'}",10,0.010024057738572574178027300,1,2026-05-22,275803.00000000,208960.00000000
0.00005013285205795357697899433499,6.69093200,165.48300780,605.56653260,3436.90656512,129,1.002707309736287977539360000,0.9974,1052,248,0.9973,1243,220,28980.955934,"{'ZERO': '0.000100270730973628797753936', 'MAKER_A_0.2BP': '0.000060267520208605153074919', 'MAKER_B_0.5BP': '2.65704151872522687914E-7', 'STRESS_1BP': '-0.0000997293231671518499408457'}",1,0.010027073097362879775393600,1,2026-05-23,1235870.00000000,886207.00000000
0.00005012782595618828011429144318,63.97017700,608.66858000,740.54355275,2531.93605210,116,1.002606777621816723481050000,0.9975,509,121,0.9974,1052,248,47980.489618,"{'ZERO': '0.000100260677762181672348105', 'MAKER_A_0.2BP': '0.000060257467399278443145795', 'MAKER_B_0.5BP': '2.55651945696278450565E-7', 'STRESS_1BP': '-0.0000997393743681577300461251'}",2,0.010026067776218167234810500,1,2026-05-23,629403.00000000,1235870.00000000
0.00005013787916771120581599398345,47.51172900,512.98312300,1217.74254700,5746.90203500,81,1.002807862013638186923390000,0.9973,1243,220,0.9972,1481,141,5815.513687,"{'ZERO': '0.000100280786201363818692339', 'MAKER_A_0.2BP': '0.000060277575034139108633792', 'MAKER_B_0.5BP': '2.75758374135043749216E-7', 'STRESS_1BP': '-0.0000997192699502612915603746'}",3,0.010028078620136381869233900,1,2026-05-23,886207.00000000,1224856.00000000
0.00005014290728576442862157147871,28.68598400,625.16227340,905.14628880,1630.00345934,63,1.002908434459933808043330000,0.9972,1481,141,0.9971,214,74,1866.771907,"{'ZERO': '0.000100290843445993380804333', 'MAKER_A_0.2BP': '0.000060287631876486931198093', 'MAKER_B_0.5BP': '2.85814613090426613962E-7', 'STRESS_1BP': '-0.0000997092147168795305806898'}",4,0.010029084344599338080433300,1,2026-05-23,1224856.00000000,107054.00000000
0.0001002807862013638186923385479,255.16073000,1667.40528800,2452.53225200,5509.65176320,21,2.005816868919867616086650000,0.9973,1243,220,0.9971,214,74,6273.931641,"{'ZERO': '0.000200581686891986761608665', 'MAKER_A_0.2BP': '0.000160574463768973542402585', 'MAKER_B_0.5BP': '0.000100566629476168353852892', 'STRESS_1BP': '5.61572566040958836621E-7'}",5,0.020058168689198676160866500,2,2026-05-23,886207.00000000,107054.00000000
0.0001002707309736287977539356262,90.71181400,2564.64281000,3097.74418400,23403.70539360,21,2.005615724027276373846770000,0.9974,1052,248,0.9972,1481,141,28480.195696,"{'ZERO': '0.000200561572402727637384677', 'MAKER_A_0.2BP': '0.000160554350084277897273984', 'MAKER_B_0.5BP': '0.000100546516998257588123402', 'STRESS_1BP': '5.41462099277436877251E-7'}",6,0.020056157240272763738467700,2,2026-05-23,1235870.00000000,1224856.00000000
0.0001002606777621816723481050732,318.73137000,2491.17605960,20774.59403180,42539.13957836,13,2.005414619472575955078710000,0.9975,509,121,0.9973,1243,220,47980.275965,"{'ZERO': '0.000200541461947257595507871', 'MAKER_A_0.2BP': '0.000160534240433209986156238', 'MAKER_B_0.5BP': '0.000100526408553732546000796', 'STRESS_1BP': '5.21355665496320116309E-7'}",7,0.020054146194725759550787100,2,2026-05-23,629403.00000000,886207.00000000
0.0001504136375031336174479819504,13562.85334600,23462.81980680,24700.31561440,25690.31226048,2,3.008725303379801424129980000,0.9974,1052,248,0.9971,214,74,25937.811422,"{'ZERO': '0.000300872530337980142412998', 'MAKER_A_0.2BP': '0.000260861295661460153607077', 'MAKER_B_0.5BP': '0.000200847444339246281091822', 'STRESS_1BP': '0.000100832359848961448253931'}",8,0.030087253033798014241299800,3,2026-05-23,1235870.00000000,107054.00000000
0.0001503985561738607309369830050,23978.73967900,42991.10174140,45367.64699920,47268.88320544,2,3.008423586040914560770160000,0.9975,509,121,0.9972,1481,141,47744.192257,"{'ZERO': '0.000300842358604091456077016', 'MAKER_A_0.2BP': '0.000260831125134416685914176', 'MAKER_B_0.5BP': '0.000200817275622380132497587', 'STRESS_1BP': '0.000100802194148816165314876'}",9,0.030084235860409145607701600,3,2026-05-23,629403.00000000,1224856.00000000
0.00005011777677542224226933293239,19.80844700,260.10805300,481.09812500,2491.32407960,121,1.002405773857257417802730000,0.9977,1613,149,0.9976,999,173,7744.57166,"{'ZERO': '0.000100240577385725741780273', 'MAKER_A_0.2BP': '0.000060237367826821490835620', 'MAKER_B_0.5BP': '2.35553579177496618353E-7', 'STRESS_1BP': '-0.0000997594707249403367602293'}",1,0.010024057738572574178027300,1,2026-05-24,5067716.00000000,3981637.00000000
0.00005012782595618828011429144318,56.50027050,802.66170620,1025.73776655,1580.45648749,72,1.002606777621816723481050000,0.9975,764,126,0.9974,462,80,2112.612195,"{'ZERO': '0.000100260677762181672348105', 'MAKER_A_0.2BP': '0.000060257467399278443145795', 'MAKER_B_0.5BP': '2.55651945696278450565E-7', 'STRESS_1BP': '-0.0000997393743681577300461251'}",2,0.010026067776218167234810500,1,2026-05-24,1849794.00000000,292624.00000000
0.00005012280086211217482832940705,20.26293500,407.15266010,2599.29080180,12984.28661041,48,1.002506265664160401002510000,0.9976,999,173,0.9975,764,126,20199.671431,"{'ZERO': '0.000100250626566416040100251', 'MAKER_A_0.2BP': '0.000060247416605552600727434', 'MAKER_B_0.5BP': '2.45601754999969299781E-7', 'STRESS_1BP': '-0.0000997494235538852129824612'}",3,0.010025062656641604010025100,1,2026-05-24,3981637.00000000,1849794.00000000
0.00005011275369581558506639939865,25.52199050,4190.89602410,5315.99469475,12298.36459963,24,1.002305302195048611807160000,0.9978,286,41,0.9977,1613,149,14349.175957,"{'ZERO': '0.000100230530219504861180716', 'MAKER_A_0.2BP': '0.000060227321062479221499062', 'MAKER_B_0.5BP': '2.25507417623004787417E-7', 'STRESS_1BP': '-0.0000997695158819288964157608'}",4,0.010023053021950486118071600,1,2026-05-24,3633291.00000000,5067716.00000000
0.00005010773162298942726862754923,4.11021900,7840.26116150,16168.58527175,17467.58264075,16,1.002204850671477249949890000,0.9979,31,17,0.9978,286,41,17792.331983,"{'ZERO': '0.000100220485067147724994989', 'MAKER_A_0.2BP': '0.000060217276311920143637616', 'MAKER_B_0.5BP': '2.15463269730881064686E-7', 'STRESS_1BP': '-0.0000997795590254564441330972'}",5,0.010022048506714772499498900,1,2026-05-24,161024.00000000,3633291.00000000
0.0001002405773857257417802726544,396.27871600,5573.93468080,11468.82491000,18496.25816440,14,2.005012531328320802005010000,0.9977,1613,149,0.9975,764,126,20253.116478,"{'ZERO': '0.000200501253132832080200501', 'MAKER_A_0.2BP': '0.000160494033227104881461268', 'MAKER_B_0.5BP': '0.000100486203759987439224530', 'STRESS_1BP': '4.81154892029594033078E-7'}",6,0.020050125313283208020050100,2,2026-05-24,5067716.00000000,1849794.00000000
0.0001002506265664160401002506266,404.30607700,4337.92865920,11700.00009250,18498.46075930,12,2.005213555243633446962100000,0.9976,999,173,0.9974,462,80,20198.075926,"{'ZERO': '0.000200521355524363344696210', 'MAKER_A_0.2BP': '0.000160514134814556566297990', 'MAKER_B_0.5BP': '0.000100506304141380057526099', 'STRESS_1BP': '5.01253263484559905750E-7'}",7,0.020052135552436334469621000,2,2026-05-24,3981637.00000000,292624.00000000
0.0001002606777621816723481050732,499.90629700,1205.43178040,1205.97167720,1206.40359464,9,2.005414619472575955078710000,0.9975,764,126,0.9973,77,10,1206.511574,"{'ZERO': '0.000200541461947257595507871', 'MAKER_A_0.2BP': '0.000160534240433209986156238', 'MAKER_B_0.5BP': '0.000100526408553732546000796', 'STRESS_1BP': '5.21355665496320116309E-7'}",8,0.020054146194725759550787100,2,2026-05-24,1849794.00000000,6981.00000000
0.0001002305302195048611807156460,1045.44814600,6466.21090960,10327.82677480,13417.11946696,9,2.004811547714514835605450000,0.9978,286,41,0.9976,999,173,14189.44264,"{'ZERO': '0.000200481154771451483560545', 'MAKER_A_0.2BP': '0.000160473935669642661677641', 'MAKER_B_0.5BP': '0.000100466107408342493861674', 'STRESS_1BP': '4.61060549919346477542E-7'}",9,0.020048115477145148356054500,2,2026-05-24,3633291.00000000,3981637.00000000
0.0001503533303262667268079987972,13639.67303100,18935.50985820,19597.48946160,20127.07314432,3,3.007518796992481203007520000,0.9978,286,41,0.9975,764,126,20259.469065,"{'ZERO': '0.000300751879699248120300752', 'MAKER_A_0.2BP': '0.000260740649848657162195102', 'MAKER_B_0.5BP': '0.000200726805764974909149279', 'STRESS_1BP': '0.000100711733337944401048617'}",10,0.030075187969924812030075200,3,2026-05-24,3633291.00000000,1849794.00000000
0.00005009769049646811281999899805,90.61053500,473.08689140,756.22740100,3309.71506622,158,1.002004008016032064128260000,0.9981,403,169,0.998,2482,240,12328.144041,"{'ZERO': '0.000100200400801603206412826', 'MAKER_A_0.2BP': '0.000060197192849730179745102', 'MAKER_B_0.5BP': '1.95381012512500627474E-7', 'STRESS_1BP': '-0.0000997996392745494989579198'}",1,0.010020040080160320641282600,1,2026-05-25,829802.00000000,3443917.00000000
0.00005010271055664111428428277970,6.67067400,190.23697750,619.81035680,13104.90267775,90,1.002104419280489026956610000,0.998,2482,240,0.9979,350,114,20330.183114,"{'ZERO': '0.000100210441928048902695661', 'MAKER_A_0.2BP': '0.000060207233574538850940588', 'MAKER_B_0.5BP': '2.05421134895755462753E-7', 'STRESS_1BP': '-0.0000997896001561282893656721'}",2,0.010021044192804890269566100,1,2026-05-25,3443917.00000000,5405443.00000000
0.00005011777677542224226933293239,47.68778850,283.96164950,792.27775375,4730.41690090,56,1.002405773857257417802730000,0.9977,939,84,0.9976,433,80,4788.865468,"{'ZERO': '0.000100240577385725741780273', 'MAKER_A_0.2BP': '0.000060237367826821490835620', 'MAKER_B_0.5BP': '2.35553579177496618353E-7', 'STRESS_1BP': '-0.0000997594707249403367602293'}",3,0.010024057738572574178027300,1,2026-05-25,2148615.00000000,1463390.00000000
0.00005012782595618828011429144318,38.21773800,468.73559090,586.81592305,847.87027337,32,1.002606777621816723481050000,0.9975,271,56,0.9974,77,34,942.509917,"{'ZERO': '0.000100260677762181672348105', 'MAKER_A_0.2BP': '0.000060257467399278443145795', 'MAKER_B_0.5BP': '2.55651945696278450565E-7', 'STRESS_1BP': '-0.0000997393743681577300461251'}",4,0.010026067776218167234810500,1,2026-05-25,440106.00000000,39892.00000000
0.00005011275369581558506639939865,91.97322550,1265.22139210,3094.50561705,15573.61645436,28,1.002305302195048611807160000,0.9978,159,40,0.9977,939,84,19904.854268,"{'ZERO': '0.000100230530219504861180716', 'MAKER_A_0.2BP': '0.000060227321062479221499062', 'MAKER_B_0.5BP': '2.25507417623004787417E-7', 'STRESS_1BP': '-0.0000997695158819288964157608'}",5,0.010023053021950486118071600,1,2026-05-25,2119328.00000000,2148615.00000000
0.0001002004008016032064128256513,234.36759800,2725.10304000,10422.55115625,18329.67334575,26,2.004208838560978053913220000,0.9981,403,169,0.9979,350,114,20330.183114,"{'ZERO': '0.000200420883856097805391322', 'MAKER_A_0.2BP': '0.000160413667165077381887576', 'MAKER_B_0.5BP': '0.000100405842519779011550475', 'STRESS_1BP': '4.00801687543441266656E-7'}",6,0.020042088385609780539132200,2,2026-05-25,829802.00000000,5405443.00000000
0.00005012280086211217482832940705,120.52679400,368.82085620,473.96325620,6780.18474476,25,1.002506265664160401002510000,0.9976,433,80,0.9975,271,56,8765.727791,"{'ZERO': '0.000100250626566416040100251', 'MAKER_A_0.2BP': '0.000060247416605552600727434', 'MAKER_B_0.5BP': '2.45601754999969299781E-7', 'STRESS_1BP': '-0.0000997494235538852129824612'}",7,0.010025062656641604010025100,1,2026-05-25,1463390.00000000,440106.00000000
0.00005010773162298942726862754923,12.69394250,8353.17630870,14781.47922135,19079.99783067,14,1.002204850671477249949890000,0.9979,350,114,0.9978,159,40,20154.627483,"{'ZERO': '0.000100220485067147724994989', 'MAKER_A_0.2BP': '0.000060217276311920143637616', 'MAKER_B_0.5BP': '2.15463269730881064686E-7', 'STRESS_1BP': '-0.0000997795590254564441330972'}",8,0.010022048506714772499498900,1,2026-05-25,5405443.00000000,2119328.00000000
0.0001002104419280489026956608879,2.64078900,15542.90267160,17988.88360830,19945.66835766,7,2.004409701342954499899780000,0.998,2482,240,0.9978,159,40,20434.864545,"{'ZERO': '0.000200440970134295449989978', 'MAKER_A_0.2BP': '0.000160433752639839967281633', 'MAKER_B_0.5BP': '0.000100425926789449262754341', 'STRESS_1BP': '4.20883948887131731806E-7'}",9,0.020044097013429544998997800,2,2026-05-25,3443917.00000000,2119328.00000000
0.0001002405773857257417802726544,2084.52150700,6647.34600350,7770.65012225,8669.29341725,6,2.005012531328320802005010000,0.9977,939,84,0.9975,271,56,8893.954241,"{'ZERO': '0.000200501253132832080200501', 'MAKER_A_0.2BP': '0.000160494033227104881461268', 'MAKER_B_0.5BP': '0.000100486203759987439224530', 'STRESS_1BP': '4.81154892029594033078E-7'}",10,0.020050125313283208020050100,2,2026-05-25,2148615.00000000,440106.00000000
0.00005011275369581558506639939865,41.49725600,372.85533340,810.07862860,2097.28545928,83,1.002305302195048611807160000,0.9978,1118,141,0.9977,1008,131,5051.734714,"{'ZERO': '0.000100230530219504861180716', 'MAKER_A_0.2BP': '0.000060227321062479221499062', 'MAKER_B_0.5BP': '2.25507417623004787417E-7', 'STRESS_1BP': '-0.0000997695158819288964157608'}",1,0.010023053021950486118071600,1,2026-05-26,3530049.00000000,1542415.00000000
0.00005010271055664111428428277970,50.06154800,335.11237820,1301.93508180,13953.23835864,65,1.002104419280489026956610000,0.998,902,92,0.9979,1015,128,15391.19047,"{'ZERO': '0.000100210441928048902695661', 'MAKER_A_0.2BP': '0.000060207233574538850940588', 'MAKER_B_0.5BP': '2.05421134895755462753E-7', 'STRESS_1BP': '-0.0000997896001561282893656721'}",2,0.010021044192804890269566100,1,2026-05-26,4505750.00000000,2518719.00000000
0.00005010773162298942726862754923,56.72109800,393.92418240,3190.69949200,5682.85851346,59,1.002204850671477249949890000,0.9979,1015,128,0.9978,1118,141,5824.789741,"{'ZERO': '0.000100220485067147724994989', 'MAKER_A_0.2BP': '0.000060217276311920143637616', 'MAKER_B_0.5BP': '2.15463269730881064686E-7', 'STRESS_1BP': '-0.0000997795590254564441330972'}",3,0.010022048506714772499498900,1,2026-05-26,2518719.00000000,3530049.00000000
0.00005011777677542224226933293239,51.56842400,297.07858800,468.04568700,1350.94786950,51,1.002405773857257417802730000,0.9977,1008,131,0.9976,819,70,2147.651323,"{'ZERO': '0.000100240577385725741780273', 'MAKER_A_0.2BP': '0.000060237367826821490835620', 'MAKER_B_0.5BP': '2.35553579177496618353E-7', 'STRESS_1BP': '-0.0000997594707249403367602293'}",4,0.010024057738572574178027300,1,2026-05-26,1542415.00000000,1068091.00000000
0.00005013787916771120581599398345,41.48426650,181.53471400,209.37726925,543.81767985,46,1.002807862013638186923390000,0.9973,478,81,0.9972,112,48,609.677316,"{'ZERO': '0.000100280786201363818692339', 'MAKER_A_0.2BP': '0.000060277575034139108633792', 'MAKER_B_0.5BP': '2.75758374135043749216E-7', 'STRESS_1BP': '-0.0000997192699502612915603746'}",5,0.010028078620136381869233900,1,2026-05-26,612954.00000000,98221.00000000
0.00005007260527765259626458364629,3.16690200,28.84243450,39.88707950,75.74397390,36,1.001502253380070105157740000,0.9986,838,38,0.9985,3563,58,92.782207,"{'ZERO': '0.000100150225338007010515774', 'MAKER_A_0.2BP': '0.000060147019393112388127801', 'MAKER_B_0.5BP': '1.45210566211799575269E-7', 'STRESS_1BP': '-0.0000998498047040563845468232'}",6,0.010015022533800701051577400,1,2026-05-26,505434.00000000,2641239.00000000
0.00005013285205795357697899433499,36.26886400,208.85526480,1275.99313125,4958.37888046,34,1.002707309736287977539360000,0.9974,511,64,0.9973,478,81,6305.233732,"{'ZERO': '0.000100270730973628797753936', 'MAKER_A_0.2BP': '0.000060267520208605153074919', 'MAKER_B_0.5BP': '2.65704151872522687914E-7', 'STRESS_1BP': '-0.0000997293231671518499408457'}",7,0.010027073097362879775393600,1,2026-05-26,503527.00000000,612954.00000000
0.00005012782595618828011429144318,19.38681400,212.06412010,887.01094265,5404.33050069,30,1.002606777621816723481050000,0.9975,290,47,0.9974,511,64,7107.791875,"{'ZERO': '0.000100260677762181672348105', 'MAKER_A_0.2BP': '0.000060257467399278443145795', 'MAKER_B_0.5BP': '2.55651945696278450565E-7', 'STRESS_1BP': '-0.0000997393743681577300461251'}",8,0.010026067776218167234810500,1,2026-05-26,534329.00000000,503527.00000000
0.00005009769049646811281999899805,102.86149400,1432.82380980,5756.80551900,11916.56031372,29,1.002004008016032064128260000,0.9981,239,57,0.998,902,92,13253.609391,"{'ZERO': '0.000100200400801603206412826', 'MAKER_A_0.2BP': '0.000060197192849730179745102', 'MAKER_B_0.5BP': '1.95381012512500627474E-7', 'STRESS_1BP': '-0.0000997996392745494989579198'}",9,0.010020040080160320641282600,1,2026-05-26,4042492.00000000,4505750.00000000
0.00005007762031148279833742300566,0.00875900,6.77359760,7.97388520,101.36337556,23,1.001602564102564102564100000,0.9985,3563,58,0.9984,1911,31,127.689808,"{'ZERO': '0.000100160256410256410256410', 'MAKER_A_0.2BP': '0.000060157050064126922589753', 'MAKER_B_0.5BP': '1.55240635404127229536E-7', 'STRESS_1BP': '-0.0000998397756378208333012853'}",10,0.010016025641025641025641000,1,2026-05-26,2641239.00000000,2353422.00000000
0.00005014793641241662905571435735,20.65942400,204.13740400,388.24842300,1189.8376500,141,1.003009027081243731193580000,0.9971,1796,186,0.997,880,165,10152.435195,"{'ZERO': '0.000100300902708124373119358', 'MAKER_A_0.2BP': '0.000060297690736255485522185', 'MAKER_B_0.5BP': '2.95872869345499625721E-7', 'STRESS_1BP': '-0.0000996991574663997993380201'}",1,0.010030090270812437311935800,1,2026-05-27,2314082.00000000,1332443.00000000
0.00005013285205795357697899433499,16.34571900,598.77527550,788.44949400,2382.56798210,86,1.002707309736287977539360000,0.9974,2595,107,0.9973,708,133,4510.256884,"{'ZERO': '0.000100270730973628797753936', 'MAKER_A_0.2BP': '0.000060267520208605153074919', 'MAKER_B_0.5BP': '2.65704151872522687914E-7', 'STRESS_1BP': '-0.0000997293231671518499408457'}",2,0.010027073097362879775393600,1,2026-05-27,2173419.00000000,1692009.00000000
0.00005013787916771120581599398345,103.62649500,872.99702180,1985.32362740,3515.39766616,49,1.002807862013638186923390000,0.9973,708,133,0.9972,360,114,4271.707426,"{'ZERO': '0.000100280786201363818692339', 'MAKER_A_0.2BP': '0.000060277575034139108633792', 'MAKER_B_0.5BP': '2.75758374135043749216E-7', 'STRESS_1BP': '-0.0000997192699502612915603746'}",3,0.010028078620136381869233900,1,2026-05-27,1692009.00000000,560531.00000000
0.00005014290728576442862157147871,96.97723450,773.71180980,2893.29607360,11481.01727435,48,1.002908434459933808043330000,0.9972,360,114,0.9971,1796,186,18380.465509,"{'ZERO': '0.000100290843445993380804333', 'MAKER_A_0.2BP': '0.000060287631876486931198093', 'MAKER_B_0.5BP': '2.85814613090426613962E-7', 'STRESS_1BP': '-0.0000997092147168795305806898'}",4,0.010029084344599338080433300,1,2026-05-27,560531.00000000,2314082.00000000
0.00005015296654797131250313456041,55.28318800,437.09824060,669.46448710,4337.34797464,23,1.003109639883639281773500000,0.997,880,165,0.9969,275,42,5364.697042,"{'ZERO': '0.000100310963988363928177350', 'MAKER_A_0.2BP': '0.000060307751614051879861189', 'MAKER_B_0.5BP': '3.05933143507334614210E-7', 'STRESS_1BP': '-0.0000996890981982150867067973'}",5,0.010031096398836392817735000,1,2026-05-27,1332443.00000000,425208.00000000
0.0001002707309736287977539356262,485.55511000,1520.03898560,3085.14109630,4179.30658006,19,2.005615724027276373846770000,0.9974,2595,107,0.9972,360,114,4452.847951,"{'ZERO': '0.000200561572402727637384677', 'MAKER_A_0.2BP': '0.000160554350084277897273984', 'MAKER_B_0.5BP': '0.000100546516998257588123402', 'STRESS_1BP': '5.41462099277436877251E-7'}",6,0.020056157240272763738467700,2,2026-05-27,2173419.00000000,560531.00000000
0.0001002908434459933808043325644,120.14627500,3485.29796600,6618.14067900,16109.52482300,17,2.006018054162487462387160000,0.9972,360,114,0.997,880,165,18482.370859,"{'ZERO': '0.000200601805416248746238716', 'MAKER_A_0.2BP': '0.000160594581488510651050770', 'MAKER_B_0.5BP': '0.000100586745988678499876410', 'STRESS_1BP': '5.81687067000421321960E-7'}",7,0.020060180541624874623871600,2,2026-05-27,560531.00000000,1332443.00000000
0.00005015799769273210613432311782,104.10428850,310.44087750,463.38638050,699.71593450,16,1.003210272873194221508830000,0.9969,275,42,0.9968,1074,18,758.798323,"{'ZERO': '0.000100321027287319422150883', 'MAKER_A_0.2BP': '0.000060317814510483466093118', 'MAKER_B_0.5BP': '3.15995436183247017424E-7', 'STRESS_1BP': '-0.0000996790369117181379775345'}",8,0.010032102728731942215088300,1,2026-05-27,425208.00000000,507284.00000000
0.00005012782595618828011429144318,79.37680700,1811.62789800,2233.96740700,2571.83901420,11,1.002606777621816723481050000,0.9975,40,17,0.9974,2595,107,2656.306916,"{'ZERO': '0.000100260677762181672348105', 'MAKER_A_0.2BP': '0.000060257467399278443145795', 'MAKER_B_0.5BP': '2.55651945696278450565E-7', 'STRESS_1BP': '-0.0000997393743681577300461251'}",9,0.010026067776218167234810500,1,2026-05-27,638101.00000000,2173419.00000000
0.0001003009027081243731193580742,167.86741300,1907.75829060,5768.89303680,8857.80083376,10,2.006219279767278563547000000,0.9971,1796,186,0.9969,275,42,9630.027783,"{'ZERO': '0.000200621927976727856354700', 'MAKER_A_0.2BP': '0.000160614703244103439728778', 'MAKER_B_0.5BP': '0.000100606866537002169853389', 'STRESS_1BP': '6.01805603369846584406E-7'}",10,0.020062192797672785635470000,2,2026-05-27,2314082.00000000,425208.00000000
0.00005015296654797131250313456041,35.21283700,252.97068840,393.00053960,2499.36642956,63,1.003109639883639281773500000,0.997,1768,103,0.9969,318,76,5231.846278,"{'ZERO': '0.000100310963988363928177350', 'MAKER_A_0.2BP': '0.000060307751614051879861189', 'MAKER_B_0.5BP': '3.05933143507334614210E-7', 'STRESS_1BP': '-0.0000996890981982150867067973'}",1,0.010031096398836392817735000,1,2026-05-28,4888294.00000000,429818.00000000
0.00005012280086211217482832940705,47.96943000,334.19712440,437.79890600,1228.60144356,45,1.002506265664160401002510000,0.9976,383,74,0.9975,268,58,1281.373911,"{'ZERO': '0.000100250626566416040100251', 'MAKER_A_0.2BP': '0.000060247416605552600727434', 'MAKER_B_0.5BP': '2.45601754999969299781E-7', 'STRESS_1BP': '-0.0000997494235538852129824612'}",2,0.010025062656641604010025100,1,2026-05-28,1131195.00000000,295131.00000000
0.00005014793641241662905571435735,55.96147950,1214.65238250,3278.13797265,5109.10096457,44,1.003009027081243731193580000,0.9971,422,66,0.997,1768,103,6362.108194,"{'ZERO': '0.000100300902708124373119358', 'MAKER_A_0.2BP': '0.000060297690736255485522185', 'MAKER_B_0.5BP': '2.95872869345499625721E-7', 'STRESS_1BP': '-0.0000996991574663997993380201'}",3,0.010030090270812437311935800,1,2026-05-28,1135693.00000000,4888294.00000000
0.00005008765339343851740545955422,37.11772200,473.85725900,662.19303500,10363.65254980,41,1.001803245842516529753560000,0.9983,404,51,0.9982,1001,80,11594.646643,"{'ZERO': '0.000100180324584251652975356', 'MAKER_A_0.2BP': '0.000060177117435411259717102', 'MAKER_B_0.5BP': '1.75306802682306277393E-7', 'STRESS_1BP': '-0.0000998197114770590662833136'}",4,0.010018032458425165297535600,1,2026-05-28,767882.00000000,710193.00000000
0.00005009267144216801082001703151,89.30535600,983.62265290,1376.92880965,6066.44536186,40,1.001903616872056908125440000,0.9982,1001,80,0.9981,873,77,8994.751987,"{'ZERO': '0.000100190361687205690812544', 'MAKER_A_0.2BP': '0.000060187154136889208914549', 'MAKER_B_0.5BP': '1.85342901976231716417E-7', 'STRESS_1BP': '-0.0000998096763813248972668107'}",5,0.010019036168720569081254400,1,2026-05-28,710193.00000000,939445.00000000
0.00005011777677542224226933293239,90.89473200,530.46458520,2906.01270020,4785.30417644,33,1.002405773857257417802730000,0.9977,2775,38,0.9976,383,74,4985.685779,"{'ZERO': '0.000100240577385725741780273', 'MAKER_A_0.2BP': '0.000060237367826821490835620', 'MAKER_B_0.5BP': '2.35553579177496618353E-7', 'STRESS_1BP': '-0.0000997594707249403367602293'}",6,0.010024057738572574178027300,1,2026-05-28,1132739.00000000,1131195.00000000
0.00005016806301108714192545025837,1.02596400,26.87486870,51.30415095,188.12937505,32,1.003411599438089504314670000,0.9967,375,54,0.9966,584,35,236.780355,"{'ZERO': '0.000100341159943808950431467', 'MAKER_A_0.2BP': '0.000060337946361682840595646', 'MAKER_B_0.5BP': '3.36126079507784594716E-7', 'STRESS_1BP': '-0.0000996589082813572947341027'}",7,0.010034115994380895043146700,1,2026-05-28,561316.00000000,780614.00000000
0.00005009769049646811281999899805,29.51106650,476.77913660,676.65671530,792.82263103,30,1.002004008016032064128260000,0.9981,873,77,0.998,1270,44,803.958136,"{'ZERO': '0.000100200400801603206412826', 'MAKER_A_0.2BP': '0.000060197192849730179745102', 'MAKER_B_0.5BP': '1.95381012512500627474E-7', 'STRESS_1BP': '-0.0000997996392745494989579198'}",8,0.010020040080160320641282600,1,2026-05-28,939445.00000000,2019848.00000000
0.00005016302984700275896664158515,35.78207650,126.34112000,233.45938250,302.80840900,26,1.003310926055984749673920000,0.9968,128,40,0.9967,375,54,315.882266,"{'ZERO': '0.000100331092605598474967392', 'MAKER_A_0.2BP': '0.000060327879426157839841096', 'MAKER_B_0.5BP': '3.26059747980796003844E-7', 'STRESS_1BP': '-0.0000996689736063014547346309'}",9,0.010033109260559847496739200,1,2026-05-28,223258.00000000,561316.00000000
0.00005014290728576442862157147871,16.10308550,4675.28370270,6875.99533255,10674.99671353,24,1.002908434459933808043330000,0.9972,64,25,0.9971,422,66,11795.508319,"{'ZERO': '0.000100290843445993380804333', 'MAKER_A_0.2BP': '0.000060287631876486931198093', 'MAKER_B_0.5BP': '2.85814613090426613962E-7', 'STRESS_1BP': '-0.0000997092147168795305806898'}",10,0.010029084344599338080433300,1,2026-05-28,166284.00000000,1135693.00000000
0.00005008263634997746281364251014,79.43509700,606.01311620,969.63186310,5511.01462802,83,1.001702894921366322748670000,0.9984,951,160,0.9983,423,123,19124.129983,"{'ZERO': '0.000100170289492136632274867', 'MAKER_A_0.2BP': '0.000060167082744691895704308', 'MAKER_B_0.5BP': '1.65272714026324127047E-7', 'STRESS_1BP': '-0.0000998297445623563457537848'}",1,0.010017028949213663227486700,1,2026-05-29,1674224.00000000,761877.00000000
0.00005007762031148279833742300566,61.62749400,876.42647600,1562.91440100,13169.01667080,81,1.001602564102564102564100000,0.9985,647,116,0.9984,951,160,25974.984318,"{'ZERO': '0.000100160256410256410256410', 'MAKER_A_0.2BP': '0.000060157050064126922589753', 'MAKER_B_0.5BP': '1.55240635404127229536E-7', 'STRESS_1BP': '-0.0000998397756378208333012853'}",2,0.010016025641025641025641000,1,2026-05-29,1310806.00000000,1674224.00000000
0.00005008765339343851740545955422,146.46703200,1112.80195460,1901.57673480,2967.31126168,33,1.001803245842516529753560000,0.9983,423,123,0.9982,434,57,3220.175126,"{'ZERO': '0.000100180324584251652975356', 'MAKER_A_0.2BP': '0.000060177117435411259717102', 'MAKER_B_0.5BP': '1.75306802682306277393E-7', 'STRESS_1BP': '-0.0000998197114770590662833136'}",3,0.010018032458425165297535600,1,2026-05-29,761877.00000000,1727755.00000000
0.00005007260527765259626458364629,93.05442750,1083.27384240,6825.45476980,42837.72674729,30,1.001502253380070105157740000,0.9986,286,39,0.9985,647,116,55687.103007,"{'ZERO': '0.000100150225338007010515774', 'MAKER_A_0.2BP': '0.000060147019393112388127801', 'MAKER_B_0.5BP': '1.45210566211799575269E-7', 'STRESS_1BP': '-0.0000998498047040563845468232'}",4,0.010015022533800701051577400,1,2026-05-29,548197.00000000,1310806.00000000
0.00005009267144216801082001703151,24.80490200,446.94849250,472.28817075,1593.22523350,26,1.001903616872056908125440000,0.9982,434,57,0.9981,158,27,1966.822054,"{'ZERO': '0.000100190361687205690812544', 'MAKER_A_0.2BP': '0.000060187154136889208914549', 'MAKER_B_0.5BP': '1.85342901976231716417E-7', 'STRESS_1BP': '-0.0000998096763813248972668107'}",5,0.010019036168720569081254400,1,2026-05-29,1727755.00000000,34642.00000000
0.00005006257822277847309136420526,34.00607950,360.15657880,480.13261890,487.30022160,22,1.001301692199859817763090000,0.9988,147,22,0.9987,118,28,487.574616,"{'ZERO': '0.000100130169219985981776309', 'MAKER_A_0.2BP': '0.000060126964077320035655961', 'MAKER_B_0.5BP': '1.25156453702297362352E-7', 'STRESS_1BP': '-0.0000998698568112548913327352'}",6,0.010013016921998598177630900,1,2026-05-29,119173.00000000,307723.00000000
0.0001001602564102564102564102564,492.26923100,5017.40518580,11469.21524890,23141.98225618,19,2.003405789842732645497350000,0.9985,647,116,0.9983,423,123,26060.174008,"{'ZERO': '0.000200340578984273264549735', 'MAKER_A_0.2BP': '0.000160333365505383471415015', 'MAKER_B_0.5BP': '0.000100325545678040148879063', 'STRESS_1BP': '3.20512875087328490431E-7'}",7,0.020034057898427326454973500,2,2026-05-29,1310806.00000000,761877.00000000
0.0001001502253380070105157736605,87.37224800,20309.44806120,38191.04001360,52496.31357552,9,2.003205128205128205128210000,0.9986,286,39,0.9984,951,160,56072.631966,"{'ZERO': '0.000200320512820512820512821', 'MAKER_A_0.2BP': '0.000160313300144253525185907', 'MAKER_B_0.5BP': '0.000100305481520795755084041', 'STRESS_1BP': '3.00450724158353395430E-7'}",8,0.020032051282051282051282100,2,2026-05-29,548197.00000000,1674224.00000000
0.00005006759124818504981725329194,0.09488900,10159.02766550,15046.02446125,18955.62189785,6,1.001401962747846985780090000,0.9987,118,28,0.9986,286,39,19933.021257,"{'ZERO': '0.000100140196274784698578009', 'MAKER_A_0.2BP': '0.000060136990731044581992398', 'MAKER_B_0.5BP': '1.35182505845667059727E-7', 'STRESS_1BP': '-0.0000998598317616666132305255'}",9,0.010014019627478469857800900,1,2026-05-29,307723.00000000,548197.00000000
0.0001001803245842516529753556402,1760.84787400,2889.80029650,2985.10878825,3061.35558165,4,2.003807233744113816250880000,0.9983,423,123,0.9981,158,27,3080.41728,"{'ZERO': '0.000200380723374411381625088', 'MAKER_A_0.2BP': '0.000160373508289778097835498', 'MAKER_B_0.5BP': '0.000100365686053939964057804', 'STRESS_1BP': '3.60649237150225464379E-7'}",10,0.020038072337441138162508800,2,2026-05-29,761877.00000000,34642.00000000
0.00005007762031148279833742300566,34.59444400,227.76203220,560.99325300,924.56693450,123,1.001602564102564102564100000,0.9985,1498,241,0.9984,783,129,1053.345458,"{'ZERO': '0.000100160256410256410256410', 'MAKER_A_0.2BP': '0.000060157050064126922589753', 'MAKER_B_0.5BP': '1.55240635404127229536E-7', 'STRESS_1BP': '-0.0000998397756378208333012853'}",1,0.010016025641025641025641000,1,2026-05-30,1547232.00000000,674077.00000000
0.00005007260527765259626458364629,76.79642100,649.35214360,1204.18373330,6241.19055342,115,1.001502253380070105157740000,0.9986,1026,189,0.9985,1498,241,12295.053074,"{'ZERO': '0.000100150225338007010515774', 'MAKER_A_0.2BP': '0.000060147019393112388127801', 'MAKER_B_0.5BP': '1.45210566211799575269E-7', 'STRESS_1BP': '-0.0000998498047040563845468232'}",2,0.010015022533800701051577400,1,2026-05-30,1238523.00000000,1547232.00000000
0.00005006759124818504981725329194,85.51763300,299.87787660,472.00208460,5107.82414548,85,1.001401962747846985780090000,0.9987,466,108,0.9986,1026,189,14062.63831,"{'ZERO': '0.000100140196274784698578009', 'MAKER_A_0.2BP': '0.000060136990731044581992398', 'MAKER_B_0.5BP': '1.35182505845667059727E-7', 'STRESS_1BP': '-0.0000998598317616666132305255'}",3,0.010014019627478469857800900,1,2026-05-30,1170158.00000000,1238523.00000000
0.0001001401962747846985780092129,60.45315900,5155.21341660,12607.92589980,13193.65111836,19,2.003004506760140210315470000,0.9987,466,108,0.9985,1498,241,13340.082423,"{'ZERO': '0.000200300450676014021031547', 'MAKER_A_0.2BP': '0.000160293238802224456262001', 'MAKER_B_0.5BP': '0.000100285421382411099775507', 'STRESS_1BP': '2.80392591687250904354E-7'}",4,0.020030045067601402103154700,2,2026-05-30,1170158.00000000,1547232.00000000
0.00005006257822277847309136420526,8.92194800,5601.89249420,12124.67488520,22804.88296904,17,1.001301692199859817763090000,0.9988,202,25,0.9987,466,108,25474.93499,"{'ZERO': '0.000100130169219985981776309', 'MAKER_A_0.2BP': '0.000060126964077320035655961', 'MAKER_B_0.5BP': '1.25156453702297362352E-7', 'STRESS_1BP': '-0.0000998698568112548913327352'}",5,0.010013016921998598177630900,1,2026-05-30,326138.00000000,1170158.00000000
0.0001001502253380070105157736605,585.16168200,6146.58044500,9207.55346350,11656.33187830,11,2.003205128205128205128210000,0.9986,1026,189,0.9984,783,129,12268.526482,"{'ZERO': '0.000200320512820512820512821', 'MAKER_A_0.2BP': '0.000160313300144253525185907', 'MAKER_B_0.5BP': '0.000100305481520795755084041', 'STRESS_1BP': '3.00450724158353395430E-7'}",6,0.020032051282051282051282100,2,2026-05-30,1238523.00000000,674077.00000000
0.00005005756620113130099614556740,10.00572000,14675.35521980,21104.87706190,26248.49453558,8,1.001201441730076091309570000,0.9989,10,8,0.9988,202,25,27534.398904,"{'ZERO': '0.000100120144173007609130957', 'MAKER_A_0.2BP': '0.000060116939431335522268329', 'MAKER_B_0.5BP': '1.15132409178499825509E-7', 'STRESS_1BP': '-0.0000998798798534243491950364'}",7,0.010012014417300760913095700,1,2026-05-30,57572.00000000,326138.00000000
0.0001001602564102564102564102564,113.35129500,532.19844940,545.73575320,556.56559624,7,2.003405789842732645497350000,0.9985,1498,241,0.9983,21,10,559.273057,"{'ZERO': '0.000200340578984273264549735', 'MAKER_A_0.2BP': '0.000160333365505383471415015', 'MAKER_B_0.5BP': '0.000100325545678040148879063', 'STRESS_1BP': '3.20512875087328490431E-7'}",8,0.020034057898427326454973500,2,2026-05-30,1547232.00000000,3982.00000000
0.00005008263634997746281364251014,3.34791100,979.92427800,1121.97055650,1235.60757930,7,1.001702894921366322748670000,0.9984,783,129,0.9983,21,10,1264.016835,"{'ZERO': '0.000100170289492136632274867', 'MAKER_A_0.2BP': '0.000060167082744691895704308', 'MAKER_B_0.5BP': '1.65272714026324127047E-7', 'STRESS_1BP': '-0.0000998297445623563457537848'}",9,0.010017028949213663227486700,1,2026-05-30,674077.00000000,3982.00000000
0.0001001301692199859817763092020,6127.36713100,20406.99950460,22948.89984630,24982.42011966,4,2.002803925495693971560180000,0.9988,202,25,0.9986,1026,189,25490.800188,"{'ZERO': '0.000200280392549569397156018', 'MAKER_A_0.2BP': '0.000160273181478088843991195', 'MAKER_B_0.5BP': '0.000100265365261678834744423', 'STRESS_1BP': '2.60338476466793536949E-7'}",10,0.020028039254956939715601800,2,2026-05-30,326138.00000000,1238523.00000000
0.00005007762031148279833742300566,42.26561900,281.10252800,590.67380400,4212.01002400,141,1.001602564102564102564100000,0.9985,1179,207,0.9984,1276,224,7062.473963,"{'ZERO': '0.000100160256410256410256410', 'MAKER_A_0.2BP': '0.000060157050064126922589753', 'MAKER_B_0.5BP': '1.55240635404127229536E-7', 'STRESS_1BP': '-0.0000998397756378208333012853'}",1,0.010016025641025641025641000,1,2026-05-31,1182484.00000000,1383429.00000000
0.00005008263634997746281364251014,63.61194350,515.44332710,837.53654395,1449.16904205,78,1.001702894921366322748670000,0.9984,1276,224,0.9983,771,127,2519.888719,"{'ZERO': '0.000100170289492136632274867', 'MAKER_A_0.2BP': '0.000060167082744691895704308', 'MAKER_B_0.5BP': '1.65272714026324127047E-7', 'STRESS_1BP': '-0.0000998297445623563457537848'}",2,0.010017028949213663227486700,1,2026-05-31,1383429.00000000,414690.00000000
0.00005007260527765259626458364629,75.45964150,486.15328720,821.55554785,6201.20920870,50,1.001502253380070105157740000,0.9986,269,57,0.9985,1179,207,8800.887583,"{'ZERO': '0.000100150225338007010515774', 'MAKER_A_0.2BP': '0.000060147019393112388127801', 'MAKER_B_0.5BP': '1.45210566211799575269E-7', 'STRESS_1BP': '-0.0000998498047040563845468232'}",3,0.010015022533800701051577400,1,2026-05-31,205067.00000000,1182484.00000000
0.00005008765339343851740545955422,70.06333450,333.62228640,506.30709340,3305.75182855,38,1.001803245842516529753560000,0.9983,771,127,0.9982,125,52,4921.141261,"{'ZERO': '0.000100180324584251652975356', 'MAKER_A_0.2BP': '0.000060177117435411259717102', 'MAKER_B_0.5BP': '1.75306802682306277393E-7', 'STRESS_1BP': '-0.0000998197114770590662833136'}",4,0.010018032458425165297535600,1,2026-05-31,414690.00000000,79638.00000000
0.0001001602564102564102564102564,236.40585800,602.33173800,6300.96246500,6934.38003860,21,2.003405789842732645497350000,0.9985,1179,207,0.9983,771,127,7092.734432,"{'ZERO': '0.000200340578984273264549735', 'MAKER_A_0.2BP': '0.000160333365505383471415015', 'MAKER_B_0.5BP': '0.000100325545678040148879063', 'STRESS_1BP': '3.20512875087328490431E-7'}",5,0.020034057898427326454973500,2,2026-05-31,1182484.00000000,414690.00000000
0.0001001702894921366322748672744,329.81572400,650.02243660,699.42161320,742.15760104,13,2.003606491685033059507110000,0.9984,1276,224,0.9982,125,52,752.841598,"{'ZERO': '0.000200360649168503305950711', 'MAKER_A_0.2BP': '0.000160353434886822199440603', 'MAKER_B_0.5BP': '0.000100345613855352113179755', 'STRESS_1BP': '3.40579045681887431373E-7'}",6,0.020036064916850330595071100,2,2026-05-31,1383429.00000000,79638.00000000
0.00005006759124818504981725329194,141.67129800,1056.49278100,1386.44137150,1650.40024390,6,1.001401962747846985780090000,0.9987,35,7,0.9986,269,57,1716.389962,"{'ZERO': '0.000100140196274784698578009', 'MAKER_A_0.2BP': '0.000060136990731044581992398', 'MAKER_B_0.5BP': '1.35182505845667059727E-7', 'STRESS_1BP': '-0.0000998598317616666132305255'}",7,0.010014019627478469857800900,1,2026-05-31,140599.00000000,205067.00000000
0.0001001502253380070105157736605,3101.67622500,7059.76855460,7554.53009580,7950.33932876,3,2.003205128205128205128210000,0.9986,269,57,0.9984,1276,224,8049.291637,"{'ZERO': '0.000200320512820512820512821', 'MAKER_A_0.2BP': '0.000160313300144253525185907', 'MAKER_B_0.5BP': '0.000100305481520795755084041', 'STRESS_1BP': '3.00450724158353395430E-7'}",8,0.020032051282051282051282100,2,2026-05-31,205067.00000000,1383429.00000000
0.00005009267144216801082001703151,30.94170350,31.32824870,31.37656685,31.41522137,2,1.001903616872056908125440000,0.9982,125,52,0.9981,2,2,31.424885,"{'ZERO': '0.000100190361687205690812544', 'MAKER_A_0.2BP': '0.000060187154136889208914549', 'MAKER_B_0.5BP': '1.85342901976231716417E-7', 'STRESS_1BP': '-0.0000998096763813248972668107'}",9,0.010019036168720569081254400,1,2026-05-31,79638.00000000,207.00000000
0.0001502178158329577887937509389,971.33171800,971.33171800,971.33171800,971.33171800,1,3.004807692307692307692310000,0.9987,35,7,0.9984,1276,224,971.331718,"{'ZERO': '0.000300480769230769230769231', 'MAKER_A_0.2BP': '0.000260469550224380127782060', 'MAKER_B_0.5BP': '0.000200455722406187382938545', 'STRESS_1BP': '0.000100440677086137540092145'}",10,0.030048076923076923076923100,3,2026-05-31,140599.00000000,1383429.00000000
0.00005008765339343851740545955422,48.73881800,321.90402410,575.08321830,1625.60454442,108,1.001803245842516529753560000,0.9983,1880,190,0.9982,664,140,21391.265804,"{'ZERO': '0.000100180324584251652975356', 'MAKER_A_0.2BP': '0.000060177117435411259717102', 'MAKER_B_0.5BP': '1.75306802682306277393E-7', 'STRESS_1BP': '-0.0000998197114770590662833136'}",1,0.010018032458425165297535600,1,2026-06-01,2838880.00000000,712423.00000000
0.00005008263634997746281364251014,40.78535600,373.61422300,1042.58377920,11199.70430104,80,1.001702894921366322748670000,0.9984,936,151,0.9983,1880,190,27908.198474,"{'ZERO': '0.000100170289492136632274867', 'MAKER_A_0.2BP': '0.000060167082744691895704308', 'MAKER_B_0.5BP': '1.65272714026324127047E-7', 'STRESS_1BP': '-0.0000998297445623563457537848'}",2,0.010017028949213663227486700,1,2026-06-01,1475421.00000000,2838880.00000000
0.00005007762031148279833742300566,31.30422500,561.04151700,810.12703500,9719.58320020,71,1.001602564102564102564100000,0.9985,745,102,0.9984,936,151,11329.901486,"{'ZERO': '0.000100160256410256410256410', 'MAKER_A_0.2BP': '0.000060157050064126922589753', 'MAKER_B_0.5BP': '1.55240635404127229536E-7', 'STRESS_1BP': '-0.0000998397756378208333012853'}",3,0.010016025641025641025641000,1,2026-06-01,1352073.00000000,1475421.00000000
0.00005007260527765259626458364629,51.02026600,1053.51065160,3326.81588810,12055.60278590,38,1.001502253380070105157740000,0.9986,403,61,0.9985,745,102,13119.280166,"{'ZERO': '0.000100150225338007010515774', 'MAKER_A_0.2BP': '0.000060147019393112388127801', 'MAKER_B_0.5BP': '1.45210566211799575269E-7', 'STRESS_1BP': '-0.0000998498047040563845468232'}",4,0.010015022533800701051577400,1,2026-06-01,1452320.00000000,1352073.00000000
0.00005011275369581558506639939865,21.27434050,293.02252800,1930.49315895,5186.88693629,34,1.002305302195048611807160000,0.9978,308,49,0.9977,572,65,5408.74811,"{'ZERO': '0.000100230530219504861180716', 'MAKER_A_0.2BP': '0.000060227321062479221499062', 'MAKER_B_0.5BP': '2.25507417623004787417E-7', 'STRESS_1BP': '-0.0000997695158819288964157608'}",5,0.010023053021950486118071600,1,2026-06-01,347336.00000000,702679.00000000
0.00005009267144216801082001703151,63.41920800,894.68969400,1549.65225900,14404.74320412,29,1.001903616872056908125440000,0.9982,664,140,0.9981,233,35,19244.623248,"{'ZERO': '0.000100190361687205690812544', 'MAKER_A_0.2BP': '0.000060187154136889208914549', 'MAKER_B_0.5BP': '1.85342901976231716417E-7', 'STRESS_1BP': '-0.0000998096763813248972668107'}",6,0.010019036168720569081254400,1,2026-06-01,712423.00000000,228220.00000000
0.00005006759124818504981725329194,2.44834450,103.59198140,1293.14718805,18280.21421201,28,1.001401962747846985780090000,0.9987,764,49,0.9986,403,61,24326.772017,"{'ZERO': '0.000100140196274784698578009', 'MAKER_A_0.2BP': '0.000060136990731044581992398', 'MAKER_B_0.5BP': '1.35182505845667059727E-7', 'STRESS_1BP': '-0.0000998598317616666132305255'}",7,0.010014019627478469857800900,1,2026-06-01,1577911.00000000,1452320.00000000
0.00005011777677542224226933293239,62.55980400,226.79258500,282.66861700,3230.01300490,27,1.002405773857257417802730000,0.9977,572,65,0.9976,237,48,4264.286566,"{'ZERO': '0.000100240577385725741780273', 'MAKER_A_0.2BP': '0.000060237367826821490835620', 'MAKER_B_0.5BP': '2.35553579177496618353E-7', 'STRESS_1BP': '-0.0000997594707249403367602293'}",8,0.010024057738572574178027300,1,2026-06-01,702679.00000000,362476.00000000
0.00005012280086211217482832940705,55.40914600,888.12284900,988.42143760,1009.57415568,23,1.002506265664160401002510000,0.9976,237,48,0.9975,196,38,1014.292068,"{'ZERO': '0.000100250626566416040100251', 'MAKER_A_0.2BP': '0.000060247416605552600727434', 'MAKER_B_0.5BP': '2.45601754999969299781E-7', 'STRESS_1BP': '-0.0000997494235538852129824612'}",9,0.010025062656641604010025100,1,2026-06-01,362476.00000000,222558.00000000
0.00005006257822277847309136420526,0.42802850,496.94127640,5812.59641070,20653.24603174,20,1.001301692199859817763090000,0.9988,246,27,0.9987,764,49,24363.408437,"{'ZERO': '0.000100130169219985981776309', 'MAKER_A_0.2BP': '0.000060126964077320035655961', 'MAKER_B_0.5BP': '1.25156453702297362352E-7', 'STRESS_1BP': '-0.0000998698568112548913327352'}",10,0.010013016921998598177630900,1,2026-06-01,1565909.00000000,1577911.00000000
0.00005012782595618828011429144318,11.98665250,96.62676040,211.94191460,702.79045978,108,1.002606777621816723481050000,0.9975,1656,194,0.9974,1629,139,749.296044,"{'ZERO': '0.000100260677762181672348105', 'MAKER_A_0.2BP': '0.000060257467399278443145795', 'MAKER_B_0.5BP': '2.55651945696278450565E-7', 'STRESS_1BP': '-0.0000997393743681577300461251'}",1,0.010026067776218167234810500,1,2026-06-02,2740467.00000000,1536481.00000000
0.00005008765339343851740545955422,21.75243400,178.29476340,259.59425060,2337.41924566,90,1.001803245842516529753560000,0.9983,935,176,0.9982,1001,157,14526.531286,"{'ZERO': '0.000100180324584251652975356', 'MAKER_A_0.2BP': '0.000060177117435411259717102', 'MAKER_B_0.5BP': '1.75306802682306277393E-7', 'STRESS_1BP': '-0.0000998197114770590662833136'}",2,0.010018032458425165297535600,1,2026-06-02,6645394.00000000,1392351.00000000
0.00005007762031148279833742300566,0.00812700,1.94372640,6.52373500,2096.51118048,87,1.001602564102564102564100000,0.9985,1468,146,0.9984,574,171,3900.698371,"{'ZERO': '0.000100160256410256410256410', 'MAKER_A_0.2BP': '0.000060157050064126922589753', 'MAKER_B_0.5BP': '1.55240635404127229536E-7', 'STRESS_1BP': '-0.0000998397756378208333012853'}",3,0.010016025641025641025641000,1,2026-06-02,3089784.00000000,7773452.00000000
0.00005008263634997746281364251014,28.53491100,196.80588800,470.86823480,3982.34296360,85,1.001702894921366322748670000,0.9984,574,171,0.9983,935,176,8394.847306,"{'ZERO': '0.000100170289492136632274867', 'MAKER_A_0.2BP': '0.000060167082744691895704308', 'MAKER_B_0.5BP': '1.65272714026324127047E-7', 'STRESS_1BP': '-0.0000998297445623563457537848'}",4,0.010017028949213663227486700,1,2026-06-02,7773452.00000000,6645394.00000000
0.00005012280086211217482832940705,10.24792900,217.66804100,977.98066510,1676.97540962,83,1.002506265664160401002510000,0.9976,826,156,0.9975,1656,194,1877.962665,"{'ZERO': '0.000100250626566416040100251', 'MAKER_A_0.2BP': '0.000060247416605552600727434', 'MAKER_B_0.5BP': '2.45601754999969299781E-7', 'STRESS_1BP': '-0.0000997494235538852129824612'}",5,0.010025062656641604010025100,1,2026-06-02,925521.00000000,2740467.00000000
0.00005009769049646811281999899805,56.66664300,492.08913360,1336.76436470,9423.67976736,79,1.002004008016032064128260000,0.9981,1360,132,0.998,997,150,22085.394135,"{'ZERO': '0.000100200400801603206412826', 'MAKER_A_0.2BP': '0.000060197192849730179745102', 'MAKER_B_0.5BP': '1.95381012512500627474E-7', 'STRESS_1BP': '-0.0000997996392745494989579198'}",6,0.010020040080160320641282600,1,2026-06-02,2711993.00000000,1116164.00000000
0.00005010773162298942726862754923,17.36015800,184.44413300,306.12668400,8173.46164556,63,1.002204850671477249949890000,0.9979,1007,123,0.9978,642,126,20074.201476,"{'ZERO': '0.000100220485067147724994989', 'MAKER_A_0.2BP': '0.000060217276311920143637616', 'MAKER_B_0.5BP': '2.15463269730881064686E-7', 'STRESS_1BP': '-0.0000997795590254564441330972'}",7,0.010022048506714772499498900,1,2026-06-02,1328005.00000000,1597239.00000000
0.00005009267144216801082001703151,126.63853800,540.57737800,1493.15292300,15418.77226140,61,1.001903616872056908125440000,0.9982,1001,157,0.9981,1360,132,23080.779576,"{'ZERO': '0.000100190361687205690812544', 'MAKER_A_0.2BP': '0.000060187154136889208914549', 'MAKER_B_0.5BP': '1.85342901976231716417E-7', 'STRESS_1BP': '-0.0000998096763813248972668107'}",8,0.010019036168720569081254400,1,2026-06-02,1392351.00000000,2711993.00000000
0.00005010271055664111428428277970,32.31220300,274.46764560,1043.01342020,10336.14895583,60,1.002104419280489026956610000,0.998,997,150,0.9979,1007,123,21968.153278,"{'ZERO': '0.000100210441928048902695661', 'MAKER_A_0.2BP': '0.000060207233574538850940588', 'MAKER_B_0.5BP': '2.05421134895755462753E-7', 'STRESS_1BP': '-0.0000997896001561282893656721'}",9,0.010021044192804890269566100,1,2026-06-02,1116164.00000000,1328005.00000000
0.00005007260527765259626458364629,0.89130400,22.45982870,44.78060160,1799.58054005,58,1.001502253380070105157740000,0.9986,529,77,0.9985,1468,146,4115.347604,"{'ZERO': '0.000100150225338007010515774', 'MAKER_A_0.2BP': '0.000060147019393112388127801', 'MAKER_B_0.5BP': '1.45210566211799575269E-7', 'STRESS_1BP': '-0.0000998498047040563845468232'}",10,0.010015022533800701051577400,1,2026-06-02,3608304.00000000,3089784.00000000
0.00005010773162298942726862754923,42.03136200,304.61619280,682.53880415,1695.98873765,172,1.002204850671477249949890000,0.9979,1946,271,0.9978,1046,278,32151.151933,"{'ZERO': '0.000100220485067147724994989', 'MAKER_A_0.2BP': '0.000060217276311920143637616', 'MAKER_B_0.5BP': '2.15463269730881064686E-7', 'STRESS_1BP': '-0.0000997795590254564441330972'}",1,0.010022048506714772499498900,1,2026-06-03,2728678.00000000,1196345.00000000
0.00005011777677542224226933293239,24.53542350,182.32167390,437.52244915,1869.39708181,142,1.002405773857257417802730000,0.9977,1328,233,0.9976,1433,200,3859.491206,"{'ZERO': '0.000100240577385725741780273', 'MAKER_A_0.2BP': '0.000060237367826821490835620', 'MAKER_B_0.5BP': '2.35553579177496618353E-7', 'STRESS_1BP': '-0.0000997594707249403367602293'}",2,0.010024057738572574178027300,1,2026-06-03,1098053.00000000,3692587.00000000
0.00005010271055664111428428277970,65.32458900,439.25648330,787.55974020,2351.67688436,120,1.002104419280489026956610000,0.998,299,149,0.9979,1946,271,8602.314747,"{'ZERO': '0.000100210441928048902695661', 'MAKER_A_0.2BP': '0.000060207233574538850940588', 'MAKER_B_0.5BP': '2.05421134895755462753E-7', 'STRESS_1BP': '-0.0000997896001561282893656721'}",3,0.010021044192804890269566100,1,2026-06-03,216715.00000000,2728678.00000000
0.00005011275369581558506639939865,44.53077200,273.95589660,1775.23164475,8094.80123704,78,1.002305302195048611807160000,0.9978,1046,278,0.9977,1328,233,11763.973088,"{'ZERO': '0.000100230530219504861180716', 'MAKER_A_0.2BP': '0.000060227321062479221499062', 'MAKER_B_0.5BP': '2.25507417623004787417E-7', 'STRESS_1BP': '-0.0000997695158819288964157608'}",4,0.010023053021950486118071600,1,2026-06-03,1196345.00000000,1098053.00000000
0.0001002104419280489026956608879,123.92233000,506.17190100,1320.45862800,4815.76124780,61,2.004409701342954499899780000,0.998,299,149,0.9978,1046,278,8379.792314,"{'ZERO': '0.000200440970134295449989978', 'MAKER_A_0.2BP': '0.000160433752639839967281633', 'MAKER_B_0.5BP': '0.000100425926789449262754341', 'STRESS_1BP': '4.20883948887131731806E-7'}",5,0.020044097013429544998997800,2,2026-06-03,216715.00000000,1196345.00000000
0.00005012280086211217482832940705,14.70086350,261.91979160,382.79869185,1069.20224941,48,1.002506265664160401002510000,0.9976,1433,200,0.9975,258,61,1451.414238,"{'ZERO': '0.000100250626566416040100251', 'MAKER_A_0.2BP': '0.000060247416605552600727434', 'MAKER_B_0.5BP': '2.45601754999969299781E-7', 'STRESS_1BP': '-0.0000997494235538852129824612'}",6,0.010025062656641604010025100,1,2026-06-03,3692587.00000000,409327.00000000
0.0001002305302195048611807156460,139.67774700,2089.20759220,5679.40250490,10965.62243744,27,2.004811547714514835605450000,0.9978,1046,278,0.9976,1433,200,12302.974819,"{'ZERO': '0.000200481154771451483560545', 'MAKER_A_0.2BP': '0.000160473935669642661677641', 'MAKER_B_0.5BP': '0.000100466107408342493861674', 'STRESS_1BP': '4.61060549919346477542E-7'}",7,0.020048115477145148356054500,2,2026-06-03,1196345.00000000,3692587.00000000
0.0001002204850671477249949889757,82.85121700,501.49287770,2760.14403825,25475.03388180,24,2.004610604390097223614310000,0.9979,1946,271,0.9977,1328,233,32145.317412,"{'ZERO': '0.000200461060439009722361431', 'MAKER_A_0.2BP': '0.000160453842140958123004524', 'MAKER_B_0.5BP': '0.000100446015085233510199803', 'STRESS_1BP': '4.40970235942227166479E-7'}",8,0.020046106043900972236143100,2,2026-06-03,2728678.00000000,1098053.00000000
0.0001002405773857257417802726544,25.17612800,731.06396900,1601.57478500,2964.77303860,21,2.005012531328320802005010000,0.9977,1328,233,0.9975,258,61,3305.572602,"{'ZERO': '0.000200501253132832080200501', 'MAKER_A_0.2BP': '0.000160494033227104881461268', 'MAKER_B_0.5BP': '0.000100486203759987439224530', 'STRESS_1BP': '4.81154892029594033078E-7'}",9,0.020050125313283208020050100,2,2026-06-03,1098053.00000000,409327.00000000
0.00005012782595618828011429144318,1.07432200,205.86333320,295.59287210,367.37650322,7,1.002606777621816723481050000,0.9975,258,61,0.9974,8,8,385.322411,"{'ZERO': '0.000100260677762181672348105', 'MAKER_A_0.2BP': '0.000060257467399278443145795', 'MAKER_B_0.5BP': '2.55651945696278450565E-7', 'STRESS_1BP': '-0.0000997393743681577300461251'}",10,0.010026067776218167234810500,1,2026-06-03,409327.00000000,2354.00000000
0.00005011777677542224226933293239,28.21287600,201.31428560,534.64310380,4531.97704874,199,1.002405773857257417802730000,0.9977,2162,311,0.9976,2605,408,14847.522666,"{'ZERO': '0.000100240577385725741780273', 'MAKER_A_0.2BP': '0.000060237367826821490835620', 'MAKER_B_0.5BP': '2.35553579177496618353E-7', 'STRESS_1BP': '-0.0000997594707249403367602293'}",1,0.010024057738572574178027300,1,2026-06-04,4879378.00000000,2849319.00000000
0.00005012280086211217482832940705,27.33244300,246.50367500,453.98794600,2608.98601900,181,1.002506265664160401002510000,0.9976,2605,408,0.9975,2211,328,7558.907113,"{'ZERO': '0.000100250626566416040100251', 'MAKER_A_0.2BP': '0.000060247416605552600727434', 'MAKER_B_0.5BP': '2.45601754999969299781E-7', 'STRESS_1BP': '-0.0000997494235538852129824612'}",2,0.010025062656641604010025100,1,2026-06-04,2849319.00000000,2482225.00000000
0.00005012782595618828011429144318,26.76078150,374.33793690,516.41687085,922.13779552,124,1.002606777621816723481050000,0.9975,2211,328,0.9974,1279,198,1113.901198,"{'ZERO': '0.000100260677762181672348105', 'MAKER_A_0.2BP': '0.000060257467399278443145795', 'MAKER_B_0.5BP': '2.55651945696278450565E-7', 'STRESS_1BP': '-0.0000997393743681577300461251'}",3,0.010026067776218167234810500,1,2026-06-04,2482225.00000000,1210117.00000000
0.00005011275369581558506639939865,41.62149900,658.13774240,2550.13380405,11564.27317299,102,1.002305302195048611807160000,0.9978,631,181,0.9977,2162,311,22493.582019,"{'ZERO': '0.000100230530219504861180716', 'MAKER_A_0.2BP': '0.000060227321062479221499062', 'MAKER_B_0.5BP': '2.25507417623004787417E-7', 'STRESS_1BP': '-0.0000997695158819288964157608'}",4,0.010023053021950486118071600,1,2026-06-04,397001.00000000,4879378.00000000
0.00005013285205795357697899433499,18.29385000,231.57125960,317.60484510,1146.17338460,64,1.002707309736287977539360000,0.9974,1279,198,0.9973,423,88,2383.392698,"{'ZERO': '0.000100270730973628797753936', 'MAKER_A_0.2BP': '0.000060267520208605153074919', 'MAKER_B_0.5BP': '2.65704151872522687914E-7', 'STRESS_1BP': '-0.0000997293231671518499408457'}",5,0.010027073097362879775393600,1,2026-06-04,1210117.00000000,270745.00000000
0.00005010773162298942726862754923,30.69342950,263.22054450,840.43147635,3798.87461778,60,1.002204850671477249949890000,0.9979,511,84,0.9978,631,181,7143.918887,"{'ZERO': '0.000100220485067147724994989', 'MAKER_A_0.2BP': '0.000060217276311920143637616', 'MAKER_B_0.5BP': '2.15463269730881064686E-7', 'STRESS_1BP': '-0.0000997795590254564441330972'}",6,0.010022048506714772499498900,1,2026-06-04,437843.00000000,397001.00000000
0.0001002506265664160401002506266,59.89602200,590.65853050,1573.60279925,6722.53919855,46,2.005213555243633446962100000,0.9976,2605,408,0.9974,1279,198,7553.83949,"{'ZERO': '0.000200521355524363344696210', 'MAKER_A_0.2BP': '0.000160514134814556566297990', 'MAKER_B_0.5BP': '0.000100506304141380057526099', 'STRESS_1BP': '5.01253263484559905750E-7'}",7,0.020052135552436334469621000,2,2026-06-04,2849319.00000000,1210117.00000000
0.0001002405773857257417802726544,39.89300300,2641.00719900,4347.09405100,12702.26244380,41,2.005012531328320802005010000,0.9977,2162,311,0.9975,2211,328,14575.641845,"{'ZERO': '0.000200501253132832080200501', 'MAKER_A_0.2BP': '0.000160494033227104881461268', 'MAKER_B_0.5BP': '0.000100486203759987439224530', 'STRESS_1BP': '4.81154892029594033078E-7'}",8,0.020050125313283208020050100,2,2026-06-04,4879378.00000000,2482225.00000000
0.0001002606777621816723481050732,113.29693850,560.98803970,693.54128665,823.62858100,38,2.005414619472575955078710000,0.9975,2211,328,0.9973,423,88,856.485876,"{'ZERO': '0.000200541461947257595507871', 'MAKER_A_0.2BP': '0.000160534240433209986156238', 'MAKER_B_0.5BP': '0.000100526408553732546000796', 'STRESS_1BP': '5.21355665496320116309E-7'}",9,0.020054146194725759550787100,2,2026-06-04,2482225.00000000,270745.00000000
0.0001002305302195048611807156460,63.41913900,3847.70027260,8669.62173570,18785.42695538,35,2.004811547714514835605450000,0.9978,631,181,0.9976,2605,408,22457.476763,"{'ZERO': '0.000200481154771451483560545', 'MAKER_A_0.2BP': '0.000160473935669642661677641', 'MAKER_B_0.5BP': '0.000100466107408342493861674', 'STRESS_1BP': '4.61060549919346477542E-7'}",10,0.020048115477145148356054500,2,2026-06-04,397001.00000000,2849319.00000000
0.00005011275369581558506639939865,14.69820400,337.94627980,539.95242810,10927.84660766,155,1.002305302195048611807160000,0.9978,2361,309,0.9977,2334,320,27408.161444,"{'ZERO': '0.000100230530219504861180716', 'MAKER_A_0.2BP': '0.000060227321062479221499062', 'MAKER_B_0.5BP': '2.25507417623004787417E-7', 'STRESS_1BP': '-0.0000997695158819288964157608'}",1,0.010023053021950486118071600,1,2026-06-05,2523392.00000000,4522415.00000000
0.00005012280086211217482832940705,17.64454200,210.48793100,734.25637360,4752.59978620,153,1.002506265664160401002510000,0.9976,2182,350,0.9975,2433,290,7686.280103,"{'ZERO': '0.000100250626566416040100251', 'MAKER_A_0.2BP': '0.000060247416605552600727434', 'MAKER_B_0.5BP': '2.45601754999969299781E-7', 'STRESS_1BP': '-0.0000997494235538852129824612'}",2,0.010025062656641604010025100,1,2026-06-05,2808592.00000000,3388422.00000000
0.00005011777677542224226933293239,27.62475100,350.63429200,1221.36920800,7415.83247808,153,1.002405773857257417802730000,0.9977,2334,320,0.9976,2182,350,12737.525186,"{'ZERO': '0.000100240577385725741780273', 'MAKER_A_0.2BP': '0.000060237367826821490835620', 'MAKER_B_0.5BP': '2.35553579177496618353E-7', 'STRESS_1BP': '-0.0000997594707249403367602293'}",3,0.010024057738572574178027300,1,2026-06-05,4522415.00000000,2808592.00000000
0.00005010773162298942726862754923,20.12373300,175.69356480,441.59009880,19133.99391380,145,1.002204850671477249949890000,0.9979,851,180,0.9978,2361,309,31446.843451,"{'ZERO': '0.000100220485067147724994989', 'MAKER_A_0.2BP': '0.000060217276311920143637616', 'MAKER_B_0.5BP': '2.15463269730881064686E-7', 'STRESS_1BP': '-0.0000997795590254564441330972'}",4,0.010022048506714772499498900,1,2026-06-05,1267584.00000000,2523392.00000000
0.00005012782595618828011429144318,13.11747100,195.59787000,510.66543100,3702.64470660,141,1.002606777621816723481050000,0.9975,2433,290,0.9974,2008,268,7640.799507,"{'ZERO': '0.000100260677762181672348105', 'MAKER_A_0.2BP': '0.000060257467399278443145795', 'MAKER_B_0.5BP': '2.55651945696278450565E-7', 'STRESS_1BP': '-0.0000997393743681577300461251'}",5,0.010026067776218167234810500,1,2026-06-05,3388422.00000000,2486716.00000000
0.00005013285205795357697899433499,5.41271800,65.28423220,134.47992280,3571.25086072,93,1.002707309736287977539360000,0.9974,2008,268,0.9973,917,150,6718.392389,"{'ZERO': '0.000100270730973628797753936', 'MAKER_A_0.2BP': '0.000060267520208605153074919', 'MAKER_B_0.5BP': '2.65704151872522687914E-7', 'STRESS_1BP': '-0.0000997293231671518499408457'}",6,0.010027073097362879775393600,1,2026-06-05,2486716.00000000,864165.00000000
0.00005013787916771120581599398345,21.76635100,220.97313650,441.73923425,2000.40239945,56,1.002807862013638186923390000,0.9973,917,150,0.9972,559,83,3131.684376,"{'ZERO': '0.000100280786201363818692339', 'MAKER_A_0.2BP': '0.000060277575034139108633792', 'MAKER_B_0.5BP': '2.75758374135043749216E-7', 'STRESS_1BP': '-0.0000997192699502612915603746'}",7,0.010028078620136381869233900,1,2026-06-05,864165.00000000,675239.00000000
0.0001002305302195048611807156460,54.56031350,858.61670080,2929.19441425,23425.06674105,48,2.004811547714514835605450000,0.9978,2361,309,0.9976,2182,350,27291.582458,"{'ZERO': '0.000200481154771451483560545', 'MAKER_A_0.2BP': '0.000160473935669642661677641', 'MAKER_B_0.5BP': '0.000100466107408342493861674', 'STRESS_1BP': '4.61060549919346477542E-7'}",8,0.020048115477145148356054500,2,2026-06-05,2523392.00000000,2808592.00000000
0.0001002506265664160401002506266,36.31567250,1047.77702750,2909.16202875,6987.84358670,46,2.005213555243633446962100000,0.9976,2182,350,0.9974,2008,268,7649.362466,"{'ZERO': '0.000200521355524363344696210', 'MAKER_A_0.2BP': '0.000160514134814556566297990', 'MAKER_B_0.5BP': '0.000100506304141380057526099', 'STRESS_1BP': '5.01253263484559905750E-7'}",9,0.020052135552436334469621000,2,2026-06-05,2808592.00000000,2486716.00000000
0.0001002204850671477249949889757,26.1125700,1594.62299720,16120.70563775,29427.86587999,34,2.004610604390097223614310000,0.9979,851,180,0.9977,2334,320,31371.896935,"{'ZERO': '0.000200461060439009722361431', 'MAKER_A_0.2BP': '0.000160453842140958123004524', 'MAKER_B_0.5BP': '0.000100446015085233510199803', 'STRESS_1BP': '4.40970235942227166479E-7'}",10,0.020046106043900972236143100,2,2026-06-05,1267584.00000000,4522415.00000000
0.00005011777677542224226933293239,31.68352500,322.64357460,607.07643660,2199.54583396,173,1.002405773857257417802730000,0.9977,1385,254,0.9976,1481,295,32495.154934,"{'ZERO': '0.000100240577385725741780273', 'MAKER_A_0.2BP': '0.000060237367826821490835620', 'MAKER_B_0.5BP': '2.35553579177496618353E-7', 'STRESS_1BP': '-0.0000997594707249403367602293'}",1,0.010024057738572574178027300,1,2026-06-06,1710579.00000000,2734872.00000000
0.00005012782595618828011429144318,39.99452200,164.53272550,244.24614225,1977.56440245,136,1.002606777621816723481050000,0.9975,1189,255,0.9974,602,145,2856.491466,"{'ZERO': '0.000100260677762181672348105', 'MAKER_A_0.2BP': '0.000060257467399278443145795', 'MAKER_B_0.5BP': '2.55651945696278450565E-7', 'STRESS_1BP': '-0.0000997393743681577300461251'}",2,0.010026067776218167234810500,1,2026-06-06,1360466.00000000,440517.00000000
0.00005012280086211217482832940705,23.95597100,322.47397400,852.19084850,4034.61453430,111,1.002506265664160401002510000,0.9976,1481,295,0.9975,1189,255,12481.354369,"{'ZERO': '0.000100250626566416040100251', 'MAKER_A_0.2BP': '0.000060247416605552600727434', 'MAKER_B_0.5BP': '2.45601754999969299781E-7', 'STRESS_1BP': '-0.0000997494235538852129824612'}",3,0.010025062656641604010025100,1,2026-06-06,2734872.00000000,1360466.00000000
0.00005011275369581558506639939865,45.89776650,539.22320710,1300.87408625,7998.77996937,82,1.002305302195048611807160000,0.9978,408,102,0.9977,1385,254,9291.883104,"{'ZERO': '0.000100230530219504861180716', 'MAKER_A_0.2BP': '0.000060227321062479221499062', 'MAKER_B_0.5BP': '2.25507417623004787417E-7', 'STRESS_1BP': '-0.0000997695158819288964157608'}",4,0.010023053021950486118071600,1,2026-06-06,912388.00000000,1710579.00000000
0.0001002305302195048611807156460,172.40777400,6479.63780300,8474.96383450,25647.23485110,31,2.004811547714514835605450000,0.9978,408,102,0.9976,1481,295,32663.616702,"{'ZERO': '0.000200481154771451483560545', 'MAKER_A_0.2BP': '0.000160473935669642661677641', 'MAKER_B_0.5BP': '0.000100466107408342493861674', 'STRESS_1BP': '4.61060549919346477542E-7'}",5,0.020048115477145148356054500,2,2026-06-06,912388.00000000,2734872.00000000
0.0001002405773857257417802726544,61.48322600,1986.90156720,3869.87118800,23954.20696560,29,2.005012531328320802005010000,0.9977,1385,254,0.9975,1189,255,31534.983296,"{'ZERO': '0.000200501253132832080200501', 'MAKER_A_0.2BP': '0.000160494033227104881461268', 'MAKER_B_0.5BP': '0.000100486203759987439224530', 'STRESS_1BP': '4.81154892029594033078E-7'}",6,0.020050125313283208020050100,2,2026-06-06,1710579.00000000,1360466.00000000
0.0001002506265664160401002506266,247.68856400,2688.65080000,4100.86565400,10824.79266280,21,2.005213555243633446962100000,0.9976,1481,295,0.9974,602,145,12505.774415,"{'ZERO': '0.000200521355524363344696210', 'MAKER_A_0.2BP': '0.000160514134814556566297990', 'MAKER_B_0.5BP': '0.000100506304141380057526099', 'STRESS_1BP': '5.01253263484559905750E-7'}",7,0.020052135552436334469621000,2,2026-06-06,2734872.00000000,440517.00000000
0.0001002606777621816723481050732,46.62235450,183.16288730,453.37221065,669.53966933,10,2.005414619472575955078710000,0.9975,1189,255,0.9973,15,10,723.581534,"{'ZERO': '0.000200541461947257595507871', 'MAKER_A_0.2BP': '0.000160534240433209986156238', 'MAKER_B_0.5BP': '0.000100526408553732546000796', 'STRESS_1BP': '5.21355665496320116309E-7'}",8,0.020054146194725759550787100,2,2026-06-06,1360466.00000000,1669.00000000
0.00005010773162298942726862754923,31.61068300,26645.97701900,45873.29208400,61255.14413600,8,1.002204850671477249949890000,0.9979,167,17,0.9978,408,102,65100.607149,"{'ZERO': '0.000100220485067147724994989', 'MAKER_A_0.2BP': '0.000060217276311920143637616', 'MAKER_B_0.5BP': '2.15463269730881064686E-7', 'STRESS_1BP': '-0.0000997795590254564441330972'}",9,0.010022048506714772499498900,1,2026-06-06,1269618.00000000,912388.00000000
0.00005010271055664111428428277970,101.9673100,32644.79355940,48890.53782370,61887.13323514,7,1.002104419280489026956610000,0.998,46,8,0.9979,167,17,65136.282088,"{'ZERO': '0.000100210441928048902695661', 'MAKER_A_0.2BP': '0.000060207233574538850940588', 'MAKER_B_0.5BP': '2.05421134895755462753E-7', 'STRESS_1BP': '-0.0000997896001561282893656721'}",10,0.010021044192804890269566100,1,2026-06-06,214755.00000000,1269618.00000000
0.00005011777677542224226933293239,127.31214800,523.56730850,842.41459150,1996.28136250,136,1.002405773857257417802730000,0.9977,771,240,0.9976,1542,164,2034.999382,"{'ZERO': '0.000100240577385725741780273', 'MAKER_A_0.2BP': '0.000060237367826821490835620', 'MAKER_B_0.5BP': '2.35553579177496618353E-7', 'STRESS_1BP': '-0.0000997594707249403367602293'}",1,0.010024057738572574178027300,1,2026-06-07,1503711.00000000,987937.00000000
0.00005011275369581558506639939865,42.71764100,270.22207200,414.61717600,17750.05799870,91,1.002305302195048611807160000,0.9978,1272,190,0.9977,771,240,29727.575273,"{'ZERO': '0.000100230530219504861180716', 'MAKER_A_0.2BP': '0.000060227321062479221499062', 'MAKER_B_0.5BP': '2.25507417623004787417E-7', 'STRESS_1BP': '-0.0000997695158819288964157608'}",2,0.010023053021950486118071600,1,2026-06-07,1796068.00000000,1503711.00000000
0.00005010773162298942726862754923,14.62503400,522.92823760,680.89138385,9571.18107037,88,1.002204850671477249949890000,0.9979,1033,170,0.9978,1272,190,34181.496556,"{'ZERO': '0.000100220485067147724994989', 'MAKER_A_0.2BP': '0.000060217276311920143637616', 'MAKER_B_0.5BP': '2.15463269730881064686E-7', 'STRESS_1BP': '-0.0000997795590254564441330972'}",3,0.010022048506714772499498900,1,2026-06-07,1232844.00000000,1796068.00000000
0.00005010271055664111428428277970,62.33329450,312.43239770,559.23418590,3069.04516346,84,1.002104419280489026956610000,0.998,296,91,0.9979,1033,170,5520.146581,"{'ZERO': '0.000100210441928048902695661', 'MAKER_A_0.2BP': '0.000060207233574538850940588', 'MAKER_B_0.5BP': '2.05421134895755462753E-7', 'STRESS_1BP': '-0.0000997896001561282893656721'}",4,0.010021044192804890269566100,1,2026-06-07,134995.00000000,1232844.00000000
0.00005012280086211217482832940705,59.14543300,522.87757270,852.30360425,1226.50513857,24,1.002506265664160401002510000,0.9976,1542,164,0.9975,194,34,1322.792785,"{'ZERO': '0.000100250626566416040100251', 'MAKER_A_0.2BP': '0.000060247416605552600727434', 'MAKER_B_0.5BP': '2.45601754999969299781E-7', 'STRESS_1BP': '-0.0000997494235538852129824612'}",5,0.010025062656641604010025100,1,2026-06-07,987937.00000000,101266.00000000
0.0001002405773857257417802726544,94.53932900,555.70752180,839.85522630,1489.72930926,19,2.005012531328320802005010000,0.9977,771,240,0.9975,194,34,1652.19783,"{'ZERO': '0.000200501253132832080200501', 'MAKER_A_0.2BP': '0.000160494033227104881461268', 'MAKER_B_0.5BP': '0.000100486203759987439224530', 'STRESS_1BP': '4.81154892029594033078E-7'}",6,0.020050125313283208020050100,2,2026-06-07,1503711.00000000,101266.00000000
0.0001002305302195048611807156460,79.07305500,10167.29658480,20240.20745210,27728.10417442,15,2.004811547714514835605450000,0.9978,1272,190,0.9976,1542,164,29600.078355,"{'ZERO': '0.000200481154771451483560545', 'MAKER_A_0.2BP': '0.000160473935669642661677641', 'MAKER_B_0.5BP': '0.000100466107408342493861674', 'STRESS_1BP': '4.61060549919346477542E-7'}",7,0.020048115477145148356054500,2,2026-06-07,1796068.00000000,987937.00000000
0.0001002104419280489026956608879,91.77700500,6108.28213000,7284.53604000,8225.53916800,9,2.004409701342954499899780000,0.998,296,91,0.9978,1272,190,8460.78995,"{'ZERO': '0.000200440970134295449989978', 'MAKER_A_0.2BP': '0.000160433752639839967281633', 'MAKER_B_0.5BP': '0.000100425926789449262754341', 'STRESS_1BP': '4.20883948887131731806E-7'}",8,0.020044097013429544998997800,2,2026-06-07,134995.00000000,1796068.00000000
0.0001002204850671477249949889757,567.26066700,25524.38585320,29271.00227010,32268.29540362,8,2.004610604390097223614310000,0.9979,1033,170,0.9977,771,240,33017.618687,"{'ZERO': '0.000200461060439009722361431', 'MAKER_A_0.2BP': '0.000160453842140958123004524', 'MAKER_B_0.5BP': '0.000100446015085233510199803', 'STRESS_1BP': '4.40970235942227166479E-7'}",9,0.020046106043900972236143100,2,2026-06-07,1232844.00000000,1503711.00000000
0.00005009769049646811281999899805,0.01923350,7821.68319440,9497.75232770,10838.60763434,4,1.002004008016032064128260000,0.9981,19,4,0.998,296,91,11173.821461,"{'ZERO': '0.000100200400801603206412826', 'MAKER_A_0.2BP': '0.000060197192849730179745102', 'MAKER_B_0.5BP': '1.95381012512500627474E-7', 'STRESS_1BP': '-0.0000997996392745494989579198'}",10,0.010020040080160320641282600,1,2026-06-07,6002.00000000,134995.00000000
0.00005009769049646811281999899805,39.63078100,457.14405240,726.09537700,12913.49884740,77,1.002004008016032064128260000,0.9981,698,128,0.998,868,162,19738.03827,"{'ZERO': '0.000100200400801603206412826', 'MAKER_A_0.2BP': '0.000060197192849730179745102', 'MAKER_B_0.5BP': '1.95381012512500627474E-7', 'STRESS_1BP': '-0.0000997996392745494989579198'}",1,0.010020040080160320641282600,1,2026-06-08,836814.00000000,1525641.00000000
0.00005010271055664111428428277970,166.43858100,810.68374940,1182.57555070,3728.11925593,72,1.002104419280489026956610000,0.998,868,162,0.9979,1174,119,4201.182683,"{'ZERO': '0.000100210441928048902695661', 'MAKER_A_0.2BP': '0.000060207233574538850940588', 'MAKER_B_0.5BP': '2.05421134895755462753E-7', 'STRESS_1BP': '-0.0000997896001561282893656721'}",2,0.010021044192804890269566100,1,2026-06-08,1525641.00000000,2815891.00000000
0.00005008765339343851740545955422,93.43276700,421.89802200,503.04427860,2818.52067904,57,1.001803245842516529753560000,0.9983,388,75,0.9982,673,100,4584.665376,"{'ZERO': '0.000100180324584251652975356', 'MAKER_A_0.2BP': '0.000060177117435411259717102', 'MAKER_B_0.5BP': '1.75306802682306277393E-7', 'STRESS_1BP': '-0.0000998197114770590662833136'}",3,0.010018032458425165297535600,1,2026-06-08,381925.00000000,1140405.00000000
0.00005010773162298942726862754923,56.99516800,798.09119860,1038.83156135,1869.19684134,54,1.002204850671477249949890000,0.9979,1174,119,0.9978,629,74,2513.847036,"{'ZERO': '0.000100220485067147724994989', 'MAKER_A_0.2BP': '0.000060217276311920143637616', 'MAKER_B_0.5BP': '2.15463269730881064686E-7', 'STRESS_1BP': '-0.0000997795590254564441330972'}",4,0.010022048506714772499498900,1,2026-06-08,2815891.00000000,668835.00000000
0.00005009267144216801082001703151,87.96166300,395.14429080,736.42085940,21480.84321792,45,1.001903616872056908125440000,0.9982,673,100,0.9981,698,128,36818.231683,"{'ZERO': '0.000100190361687205690812544', 'MAKER_A_0.2BP': '0.000060187154136889208914549', 'MAKER_B_0.5BP': '1.85342901976231716417E-7', 'STRESS_1BP': '-0.0000998096763813248972668107'}",5,0.010019036168720569081254400,1,2026-06-08,1140405.00000000,836814.00000000
0.0001002104419280489026956608879,250.67757800,1291.71055000,2507.52176100,3967.70518960,31,2.004409701342954499899780000,0.998,868,162,0.9978,629,74,4171.994782,"{'ZERO': '0.000200440970134295449989978', 'MAKER_A_0.2BP': '0.000160433752639839967281633', 'MAKER_B_0.5BP': '0.000100425926789449262754341', 'STRESS_1BP': '4.20883948887131731806E-7'}",6,0.020044097013429544998997800,2,2026-06-08,1525641.00000000,668835.00000000
0.00005008263634997746281364251014,46.43514500,792.40582080,4124.94420560,13609.92371472,17,1.001702894921366322748670000,0.9984,284,20,0.9983,388,75,15981.168592,"{'ZERO': '0.000100170289492136632274867', 'MAKER_A_0.2BP': '0.000060167082744691895704308', 'MAKER_B_0.5BP': '1.65272714026324127047E-7', 'STRESS_1BP': '-0.0000998297445623563457537848'}",7,0.010017028949213663227486700,1,2026-06-08,271547.00000000,381925.00000000
0.0001002004008016032064128256513,274.76159400,15436.49593370,17582.69045435,19299.64607087,10,2.004208838560978053913220000,0.9981,698,128,0.9979,1174,119,19728.884975,"{'ZERO': '0.000200420883856097805391322', 'MAKER_A_0.2BP': '0.000160413667165077381887576', 'MAKER_B_0.5BP': '0.000100405842519779011550475', 'STRESS_1BP': '4.00801687543441266656E-7'}",8,0.020042088385609780539132200,2,2026-06-08,836814.00000000,2815891.00000000
0.0001001803245842516529753556402,2624.31701700,28131.08928360,33190.07826330,37237.26944706,4,2.003807233744113816250880000,0.9983,388,75,0.9981,698,128,38249.067243,"{'ZERO': '0.000200380723374411381625088', 'MAKER_A_0.2BP': '0.000160373508289778097835498', 'MAKER_B_0.5BP': '0.000100365686053939964057804', 'STRESS_1BP': '3.60649237150225464379E-7'}",9,0.020038072337441138162508800,2,2026-06-08,381925.00000000,836814.00000000
0.0001001702894921366322748672744,1339.33810800,11964.33446760,13972.75106730,15579.48434706,4,2.003606491685033059507110000,0.9984,284,20,0.9982,673,100,15981.167667,"{'ZERO': '0.000200360649168503305950711', 'MAKER_A_0.2BP': '0.000160353434886822199440603', 'MAKER_B_0.5BP': '0.000100345613855352113179755', 'STRESS_1BP': '3.40579045681887431373E-7'}",10,0.020036064916850330595071100,2,2026-06-08,271547.00000000,1140405.00000000
0.00005011275369581558506639939865,42.77328500,279.07115100,327.88043775,941.19628625,126,1.002305302195048611807160000,0.9978,1137,183,0.9977,1860,157,2075.499482,"{'ZERO': '0.000100230530219504861180716', 'MAKER_A_0.2BP': '0.000060227321062479221499062', 'MAKER_B_0.5BP': '2.25507417623004787417E-7', 'STRESS_1BP': '-0.0000997695158819288964157608'}",1,0.010023053021950486118071600,1,2026-06-09,2177621.00000000,2047278.00000000
0.00005010773162298942726862754923,57.75242100,1095.25933890,1947.61812265,9949.87791380,48,1.002204850671477249949890000,0.9979,749,72,0.9978,1137,183,10063.444512,"{'ZERO': '0.000100220485067147724994989', 'MAKER_A_0.2BP': '0.000060217276311920143637616', 'MAKER_B_0.5BP': '2.15463269730881064686E-7', 'STRESS_1BP': '-0.0000997795590254564441330972'}",2,0.010022048506714772499498900,1,2026-06-09,2588812.00000000,2177621.00000000
0.00005012280086211217482832940705,121.26375800,749.96990700,1030.61729280,1387.36107424,33,1.002506265664160401002510000,0.9976,556,75,0.9975,227,38,1488.88616,"{'ZERO': '0.000100250626566416040100251', 'MAKER_A_0.2BP': '0.000060247416605552600727434', 'MAKER_B_0.5BP': '2.45601754999969299781E-7', 'STRESS_1BP': '-0.0000997494235538852129824612'}",3,0.010025062656641604010025100,1,2026-06-09,931545.00000000,381542.00000000
0.00005011777677542224226933293239,93.75906150,1178.04224980,1812.92440235,9771.12421836,30,1.002405773857257417802730000,0.9977,1860,157,0.9976,556,75,12993.476449,"{'ZERO': '0.000100240577385725741780273', 'MAKER_A_0.2BP': '0.000060237367826821490835620', 'MAKER_B_0.5BP': '2.35553579177496618353E-7', 'STRESS_1BP': '-0.0000997594707249403367602293'}",4,0.010024057738572574178027300,1,2026-06-09,2047278.00000000,931545.00000000
0.00005009769049646811281999899805,34.10832100,158.74806860,299.91345060,10151.40813156,25,1.002004008016032064128260000,0.9981,212,39,0.998,273,49,13252.418589,"{'ZERO': '0.000100200400801603206412826', 'MAKER_A_0.2BP': '0.000060197192849730179745102', 'MAKER_B_0.5BP': '1.95381012512500627474E-7', 'STRESS_1BP': '-0.0000997996392745494989579198'}",5,0.010020040080160320641282600,1,2026-06-09,1093176.00000000,1582265.00000000
0.00005010271055664111428428277970,115.03837800,606.76412460,878.78681970,5287.14419972,23,1.002104419280489026956610000,0.998,273,49,0.9979,749,72,6522.229188,"{'ZERO': '0.000100210441928048902695661', 'MAKER_A_0.2BP': '0.000060207233574538850940588', 'MAKER_B_0.5BP': '2.05421134895755462753E-7', 'STRESS_1BP': '-0.0000997896001561282893656721'}",6,0.010021044192804890269566100,1,2026-06-09,1582265.00000000,2588812.00000000
0.0001002305302195048611807156460,19.09210900,325.00284420,1086.61247980,1954.84171036,13,2.004811547714514835605450000,0.9978,1137,183,0.9976,556,75,2171.899018,"{'ZERO': '0.000200481154771451483560545', 'MAKER_A_0.2BP': '0.000160473935669642661677641', 'MAKER_B_0.5BP': '0.000100466107408342493861674', 'STRESS_1BP': '4.61060549919346477542E-7'}",7,0.020048115477145148356054500,2,2026-06-09,2177621.00000000,931545.00000000
0.00005009267144216801082001703151,51.69326700,619.74108700,6596.55922080,13687.97474256,13,1.001903616872056908125440000,0.9982,26,13,0.9981,212,39,15460.828623,"{'ZERO': '0.000100190361687205690812544', 'MAKER_A_0.2BP': '0.000060187154136889208914549', 'MAKER_B_0.5BP': '1.85342901976231716417E-7', 'STRESS_1BP': '-0.0000998096763813248972668107'}",8,0.010019036168720569081254400,1,2026-06-09,3334.00000000,1093176.00000000
0.0001002405773857257417802726544,171.34155200,3332.07725340,8023.37687020,11776.41656364,9,2.005012531328320802005010000,0.9977,1860,157,0.9975,227,38,12714.676487,"{'ZERO': '0.000200501253132832080200501', 'MAKER_A_0.2BP': '0.000160494033227104881461268', 'MAKER_B_0.5BP': '0.000100486203759987439224530', 'STRESS_1BP': '4.81154892029594033078E-7'}",9,0.020050125313283208020050100,2,2026-06-09,2047278.00000000,381542.00000000
0.0001002506265664160401002506266,108.93389900,825.03652550,1119.15391375,1354.44782435,8,2.005213555243633446962100000,0.9976,556,75,0.9974,35,11,1413.271302,"{'ZERO': '0.000200521355524363344696210', 'MAKER_A_0.2BP': '0.000160514134814556566297990', 'MAKER_B_0.5BP': '0.000100506304141380057526099', 'STRESS_1BP': '5.01253263484559905750E-7'}",10,0.020052135552436334469621000,2,2026-06-09,931545.00000000,2448.00000000
0.00005011777677542224226933293239,85.35483100,585.39078300,877.60484600,3788.59096450,126,1.002405773857257417802730000,0.9977,640,160,0.9976,1646,253,11250.37924,"{'ZERO': '0.000100240577385725741780273', 'MAKER_A_0.2BP': '0.000060237367826821490835620', 'MAKER_B_0.5BP': '2.35553579177496618353E-7', 'STRESS_1BP': '-0.0000997594707249403367602293'}",1,0.010024057738572574178027300,1,2026-06-10,1639122.00000000,1830270.00000000
0.00005012280086211217482832940705,50.12879100,432.89030160,905.31740900,1863.9259828,105,1.002506265664160401002510000,0.9976,1646,253,0.9975,1275,174,2308.961895,"{'ZERO': '0.000100250626566416040100251', 'MAKER_A_0.2BP': '0.000060247416605552600727434', 'MAKER_B_0.5BP': '2.45601754999969299781E-7', 'STRESS_1BP': '-0.0000997494235538852129824612'}",2,0.010025062656641604010025100,1,2026-06-10,1830270.00000000,905209.00000000
0.00005012782595618828011429144318,7.42361050,251.49541190,464.83484660,1643.12565732,52,1.002606777621816723481050000,0.9975,1275,174,0.9974,288,84,2270.434362,"{'ZERO': '0.000100260677762181672348105', 'MAKER_A_0.2BP': '0.000060257467399278443145795', 'MAKER_B_0.5BP': '2.55651945696278450565E-7', 'STRESS_1BP': '-0.0000997393743681577300461251'}",3,0.010026067776218167234810500,1,2026-06-10,905209.00000000,469519.00000000
0.0001002506265664160401002506266,20.20751900,183.90056580,410.44819940,1355.59872252,35,2.005213555243633446962100000,0.9976,1646,253,0.9974,288,84,1655.270038,"{'ZERO': '0.000200521355524363344696210', 'MAKER_A_0.2BP': '0.000160514134814556566297990', 'MAKER_B_0.5BP': '0.000100506304141380057526099', 'STRESS_1BP': '5.01253263484559905750E-7'}",4,0.020052135552436334469621000,2,2026-06-10,1830270.00000000,469519.00000000
0.0001002405773857257417802726544,73.45126200,997.00857390,2899.15069100,9080.68143355,32,2.005012531328320802005010000,0.9977,640,160,0.9975,1275,174,10999.027462,"{'ZERO': '0.000200501253132832080200501', 'MAKER_A_0.2BP': '0.000160494033227104881461268', 'MAKER_B_0.5BP': '0.000100486203759987439224530', 'STRESS_1BP': '4.81154892029594033078E-7'}",5,0.020050125313283208020050100,2,2026-06-10,1639122.00000000,905209.00000000
0.00005011275369581558506639939865,70.49751100,421.75784040,1165.94696820,2459.77487364,15,1.002305302195048611807160000,0.9978,490,22,0.9977,640,160,2783.23185,"{'ZERO': '0.000100230530219504861180716', 'MAKER_A_0.2BP': '0.000060227321062479221499062', 'MAKER_B_0.5BP': '2.25507417623004787417E-7', 'STRESS_1BP': '-0.0000997695158819288964157608'}",6,0.010023053021950486118071600,1,2026-06-10,3638242.00000000,1639122.00000000
0.00005010271055664111428428277970,9.51685100,831.04860900,1502.04095900,2038.83483900,8,1.002104419280489026956610000,0.998,310,11,0.9979,384,15,2173.033309,"{'ZERO': '0.000100210441928048902695661', 'MAKER_A_0.2BP': '0.000060207233574538850940588', 'MAKER_B_0.5BP': '2.05421134895755462753E-7', 'STRESS_1BP': '-0.0000997896001561282893656721'}",7,0.010021044192804890269566100,1,2026-06-10,959415.00000000,2412538.00000000
0.00005010773162298942726862754923,40.10695000,1953.14304100,1963.63104250,1972.02144370,7,1.002204850671477249949890000,0.9979,384,15,0.9978,490,22,1974.119044,"{'ZERO': '0.000100220485067147724994989', 'MAKER_A_0.2BP': '0.000060217276311920143637616', 'MAKER_B_0.5BP': '2.15463269730881064686E-7', 'STRESS_1BP': '-0.0000997795590254564441330972'}",8,0.010022048506714772499498900,1,2026-06-10,2412538.00000000,3638242.00000000
0.00005013285205795357697899433499,0.02826500,0.10907360,0.11653680,0.12250736,5,1.002707309736287977539360000,0.9974,288,84,0.9973,27,5,0.124,"{'ZERO': '0.000100270730973628797753936', 'MAKER_A_0.2BP': '0.000060267520208605153074919', 'MAKER_B_0.5BP': '2.65704151872522687914E-7', 'STRESS_1BP': '-0.0000997293231671518499408457'}",9,0.010027073097362879775393600,1,2026-06-10,469519.00000000,63601.00000000
0.0001002305302195048611807156460,341.79509350,1234.43697710,1395.46643855,1524.29000771,4,2.004811547714514835605450000,0.9978,490,22,0.9976,1646,253,1556.4959,"{'ZERO': '0.000200481154771451483560545', 'MAKER_A_0.2BP': '0.000160473935669642661677641', 'MAKER_B_0.5BP': '0.000100466107408342493861674', 'STRESS_1BP': '4.61060549919346477542E-7'}",10,0.020048115477145148356054500,2,2026-06-10,3638242.00000000,1830270.00000000
0.00005013285205795357697899433499,90.97029450,462.36750990,1003.25336550,2237.79872553,80,1.002707309736287977539360000,0.9974,734,135,0.9973,687,124,2570.589459,"{'ZERO': '0.000100270730973628797753936', 'MAKER_A_0.2BP': '0.000060267520208605153074919', 'MAKER_B_0.5BP': '2.65704151872522687914E-7', 'STRESS_1BP': '-0.0000997293231671518499408457'}",1,0.010027073097362879775393600,1,2026-06-11,1675355.00000000,761916.00000000
0.00005011777677542224226933293239,114.75599600,434.26901440,861.66019400,7955.45072032,73,1.002405773857257417802730000,0.9977,594,118,0.9976,543,106,10296.001984,"{'ZERO': '0.000100240577385725741780273', 'MAKER_A_0.2BP': '0.000060237367826821490835620', 'MAKER_B_0.5BP': '2.35553579177496618353E-7', 'STRESS_1BP': '-0.0000997594707249403367602293'}",2,0.010024057738572574178027300,1,2026-06-11,1583053.00000000,906043.00000000
0.00005012782595618828011429144318,49.63804250,770.43745650,1438.78238330,7649.25964565,64,1.002606777621816723481050000,0.9975,698,110,0.9974,734,135,17031.952049,"{'ZERO': '0.000100260677762181672348105', 'MAKER_A_0.2BP': '0.000060257467399278443145795', 'MAKER_B_0.5BP': '2.55651945696278450565E-7', 'STRESS_1BP': '-0.0000997393743681577300461251'}",3,0.010026067776218167234810500,1,2026-06-11,1792622.00000000,1675355.00000000
0.00005011275369581558506639939865,108.62419600,608.2768350,952.98971150,11859.29960605,46,1.002305302195048611807160000,0.9978,995,69,0.9977,594,118,19204.301932,"{'ZERO': '0.000100230530219504861180716', 'MAKER_A_0.2BP': '0.000060227321062479221499062', 'MAKER_B_0.5BP': '2.25507417623004787417E-7', 'STRESS_1BP': '-0.0000997695158819288964157608'}",4,0.010023053021950486118071600,1,2026-06-11,1594358.00000000,1583053.00000000
0.00005013787916771120581599398345,23.46962250,274.07035150,467.36461425,924.54639215,36,1.002807862013638186923390000,0.9973,687,124,0.9972,281,45,1068.861301,"{'ZERO': '0.000100280786201363818692339', 'MAKER_A_0.2BP': '0.000060277575034139108633792', 'MAKER_B_0.5BP': '2.75758374135043749216E-7', 'STRESS_1BP': '-0.0000997192699502612915603746'}",5,0.010028078620136381869233900,1,2026-06-11,761916.00000000,237641.00000000
0.00005012280086211217482832940705,53.55205300,750.28937050,4125.95205350,22850.73161470,36,1.002506265664160401002510000,0.9976,543,106,0.9975,698,110,31934.192784,"{'ZERO': '0.000100250626566416040100251', 'MAKER_A_0.2BP': '0.000060247416605552600727434', 'MAKER_B_0.5BP': '2.45601754999969299781E-7', 'STRESS_1BP': '-0.0000997494235538852129824612'}",6,0.010025062656641604010025100,1,2026-06-11,906043.00000000,1792622.00000000
0.0001002606777621816723481050732,103.79458050,1132.56004480,1944.4374915,12608.82004754,30,2.005414619472575955078710000,0.9975,698,110,0.9973,687,124,16887.517624,"{'ZERO': '0.000200541461947257595507871', 'MAKER_A_0.2BP': '0.000160534240433209986156238', 'MAKER_B_0.5BP': '0.000100526408553732546000796', 'STRESS_1BP': '5.21355665496320116309E-7'}",7,0.020054146194725759550787100,2,2026-06-11,1792622.00000000,761916.00000000
0.00005010773162298942726862754923,133.86347950,665.77816700,1139.50946500,1480.37812475,26,1.002204850671477249949890000,0.9979,129,27,0.9978,995,69,1550.068435,"{'ZERO': '0.000100220485067147724994989', 'MAKER_A_0.2BP': '0.000060217276311920143637616', 'MAKER_B_0.5BP': '2.15463269730881064686E-7', 'STRESS_1BP': '-0.0000997795590254564441330972'}",8,0.010022048506714772499498900,1,2026-06-11,318735.00000000,1594358.00000000
0.0001002707309736287977539356262,67.59197750,369.92161240,1544.12371090,2689.27424138,12,2.005615724027276373846770000,0.9974,734,135,0.9972,281,45,2975.561874,"{'ZERO': '0.000200561572402727637384677', 'MAKER_A_0.2BP': '0.000160554350084277897273984', 'MAKER_B_0.5BP': '0.000100546516998257588123402', 'STRESS_1BP': '5.41462099277436877251E-7'}",9,0.020056157240272763738467700,2,2026-06-11,1675355.00000000,237641.00000000
0.0001002506265664160401002506266,584.81103400,15736.28655840,23453.23667820,29626.79677404,7,2.005213555243633446962100000,0.9976,543,106,0.9974,734,135,31170.186798,"{'ZERO': '0.000200521355524363344696210', 'MAKER_A_0.2BP': '0.000160514134814556566297990', 'MAKER_B_0.5BP': '0.000100506304141380057526099', 'STRESS_1BP': '5.01253263484559905750E-7'}",10,0.020052135552436334469621000,2,2026-06-11,906043.00000000,1675355.00000000
0.00005012280086211217482832940705,60.03104050,306.46431110,561.96357470,6526.27142404,82,1.002506265664160401002510000,0.9976,535,92,0.9975,539,91,28551.727285,"{'ZERO': '0.000100250626566416040100251', 'MAKER_A_0.2BP': '0.000060247416605552600727434', 'MAKER_B_0.5BP': '2.45601754999969299781E-7', 'STRESS_1BP': '-0.0000997494235538852129824612'}",1,0.010025062656641604010025100,1,2026-06-12,925397.00000000,607888.00000000
0.00005013285205795357697899433499,45.94784500,413.81410800,1142.08503500,3657.84058590,71,1.002707309736287977539360000,0.9974,304,80,0.9973,369,123,4204.01745,"{'ZERO': '0.000100270730973628797753936', 'MAKER_A_0.2BP': '0.000060267520208605153074919', 'MAKER_B_0.5BP': '2.65704151872522687914E-7', 'STRESS_1BP': '-0.0000997293231671518499408457'}",2,0.010027073097362879775393600,1,2026-06-12,308367.00000000,466170.00000000
0.00005009769049646811281999899805,80.93758850,1016.12500260,1192.99914495,1717.35396984,64,1.002004008016032064128260000,0.9981,301,73,0.998,787,97,1970.592192,"{'ZERO': '0.000100200400801603206412826', 'MAKER_A_0.2BP': '0.000060197192849730179745102', 'MAKER_B_0.5BP': '1.95381012512500627474E-7', 'STRESS_1BP': '-0.0000997996392745494989579198'}",3,0.010020040080160320641282600,1,2026-06-12,520038.00000000,663077.00000000
0.00005013787916771120581599398345,9.93594200,262.88903680,336.36416500,1069.66236040,57,1.002807862013638186923390000,0.9973,369,123,0.9972,159,59,1090.586864,"{'ZERO': '0.000100280786201363818692339', 'MAKER_A_0.2BP': '0.000060277575034139108633792', 'MAKER_B_0.5BP': '2.75758374135043749216E-7', 'STRESS_1BP': '-0.0000997192699502612915603746'}",4,0.010028078620136381869233900,1,2026-06-12,466170.00000000,112546.00000000
0.00005010271055664111428428277970,10.01640000,725.61069480,1043.55384570,2664.31372348,35,1.002104419280489026956610000,0.998,787,97,0.9979,330,73,3427.33835,"{'ZERO': '0.000100210441928048902695661', 'MAKER_A_0.2BP': '0.000060207233574538850940588', 'MAKER_B_0.5BP': '2.05421134895755462753E-7', 'STRESS_1BP': '-0.0000997896001561282893656721'}",5,0.010021044192804890269566100,1,2026-06-12,663077.00000000,334594.00000000
0.00005010773162298942726862754923,12.22250150,296.76624310,535.85112755,713.56835118,28,1.002204850671477249949890000,0.9979,330,73,0.9978,299,35,733.410129,"{'ZERO': '0.000100220485067147724994989', 'MAKER_A_0.2BP': '0.000060217276311920143637616', 'MAKER_B_0.5BP': '2.15463269730881064686E-7', 'STRESS_1BP': '-0.0000997795590254564441330972'}",6,0.010022048506714772499498900,1,2026-06-12,334594.00000000,323288.00000000
0.0001002004008016032064128256513,375.25881900,1284.93254080,1949.6813800,2025.4929640,17,2.004208838560978053913220000,0.9981,301,73,0.9979,330,73,2044.44586,"{'ZERO': '0.000200420883856097805391322', 'MAKER_A_0.2BP': '0.000160413667165077381887576', 'MAKER_B_0.5BP': '0.000100405842519779011550475', 'STRESS_1BP': '4.00801687543441266656E-7'}",7,0.020042088385609780539132200,2,2026-06-12,520038.00000000,334594.00000000
0.00005011777677542224226933293239,46.57820600,13630.80722260,23772.76513500,32264.49131420,12,1.002405773857257417802730000,0.9977,253,24,0.9976,535,92,34387.422859,"{'ZERO': '0.000100240577385725741780273', 'MAKER_A_0.2BP': '0.000060237367826821490835620', 'MAKER_B_0.5BP': '2.35553579177496618353E-7', 'STRESS_1BP': '-0.0000997594707249403367602293'}",8,0.010024057738572574178027300,1,2026-06-12,284138.00000000,925397.00000000
0.0001002707309736287977539356262,558.61485950,3385.64988640,3794.40422470,4121.40769534,10,2.005615724027276373846770000,0.9974,304,80,0.9972,159,59,4203.158563,"{'ZERO': '0.000200561572402727637384677', 'MAKER_A_0.2BP': '0.000160554350084277897273984', 'MAKER_B_0.5BP': '0.000100546516998257588123402', 'STRESS_1BP': '5.41462099277436877251E-7'}",9,0.020056157240272763738467700,2,2026-06-12,308367.00000000,112546.00000000
0.00005011275369581558506639939865,39.68955500,10507.26171900,31189.27903700,47734.89289140,9,1.002305302195048611807160000,0.9978,299,35,0.9977,253,24,51871.296355,"{'ZERO': '0.000100230530219504861180716', 'MAKER_A_0.2BP': '0.000060227321062479221499062', 'MAKER_B_0.5BP': '2.25507417623004787417E-7', 'STRESS_1BP': '-0.0000997695158819288964157608'}",10,0.010023053021950486118071600,1,2026-06-12,323288.00000000,284138.00000000
0.00005010271055664111428428277970,78.41028600,507.95777420,1190.44512860,2323.26232960,105,1.002104419280489026956610000,0.998,1591,266,0.9979,454,130,2436.821933,"{'ZERO': '0.000100210441928048902695661', 'MAKER_A_0.2BP': '0.000060207233574538850940588', 'MAKER_B_0.5BP': '2.05421134895755462753E-7', 'STRESS_1BP': '-0.0000997896001561282893656721'}",1,0.010021044192804890269566100,1,2026-06-13,1284408.00000000,619982.00000000
0.00005009769049646811281999899805,98.76739100,984.54854850,1664.67410575,11933.58672540,98,1.002004008016032064128260000,0.9981,499,134,0.998,1591,266,17217.198628,"{'ZERO': '0.000100200400801603206412826', 'MAKER_A_0.2BP': '0.000060197192849730179745102', 'MAKER_B_0.5BP': '1.95381012512500627474E-7', 'STRESS_1BP': '-0.0000997996392745494989579198'}",2,0.010020040080160320641282600,1,2026-06-13,425373.00000000,1284408.00000000
0.0001002104419280489026956608879,8.61041600,112.61196100,234.08803600,671.51002125,76,2.004409701342954499899780000,0.998,1591,266,0.9978,95,80,1419.008637,"{'ZERO': '0.000200440970134295449989978', 'MAKER_A_0.2BP': '0.000160433752639839967281633', 'MAKER_B_0.5BP': '0.000100425926789449262754341', 'STRESS_1BP': '4.20883948887131731806E-7'}",3,0.020044097013429544998997800,2,2026-06-13,1284408.00000000,36762.00000000
0.0001002004008016032064128256513,236.79698800,1509.53441280,4468.22053000,16166.54356696,39,2.004208838560978053913220000,0.9981,499,134,0.9979,454,130,18863.648176,"{'ZERO': '0.000200420883856097805391322', 'MAKER_A_0.2BP': '0.000160413667165077381887576', 'MAKER_B_0.5BP': '0.000100405842519779011550475', 'STRESS_1BP': '4.00801687543441266656E-7'}",4,0.020042088385609780539132200,2,2026-06-13,425373.00000000,619982.00000000
0.00005009267144216801082001703151,23.76472650,855.53917150,20331.9740100,66602.3375700,16,1.001903616872056908125440000,0.9982,104,20,0.9981,499,134,78169.92846,"{'ZERO': '0.000100190361687205690812544', 'MAKER_A_0.2BP': '0.000060187154136889208914549', 'MAKER_B_0.5BP': '1.85342901976231716417E-7', 'STRESS_1BP': '-0.0000998096763813248972668107'}",5,0.010019036168720569081254400,1,2026-06-13,77784.00000000,425373.00000000
0.0001001903616872056908125438333,148.44611800,30976.68348060,53433.33991230,71398.66505766,7,2.004008016032064128256510000,0.9982,104,20,0.998,1591,266,75889.996344,"{'ZERO': '0.000200400801603206412825651', 'MAKER_A_0.2BP': '0.000160393585715460039496605', 'MAKER_B_0.5BP': '0.000100385762275012501879916', 'STRESS_1BP': '3.80723450701022082161E-7'}",6,0.020040080160320641282565100,2,2026-06-13,77784.00000000,1284408.00000000
0.00005010773162298942726862754923,44.16813600,3234.72912880,3838.81935490,4322.09153578,7,1.002204850671477249949890000,0.9979,454,130,0.9978,95,80,4442.909581,"{'ZERO': '0.000100220485067147724994989', 'MAKER_A_0.2BP': '0.000060217276311920143637616', 'MAKER_B_0.5BP': '2.15463269730881064686E-7', 'STRESS_1BP': '-0.0000997795590254564441330972'}",7,0.010022048506714772499498900,1,2026-06-13,619982.00000000,36762.00000000
0.0001503081316699233428528483391,18636.20726500,18636.20726500,18636.20726500,18636.20726500,1,3.006614552014431749849670000,0.9981,499,134,0.9978,95,80,18636.207265,"{'ZERO': '0.000300661455201443174984967', 'MAKER_A_0.2BP': '0.000260650228967759790925649', 'MAKER_B_0.5BP': '0.000200636390309167644443995', 'STRESS_1BP': '0.000100621326923230707596709'}",8,0.030066145520144317498496700,3,2026-06-13,425373.00000000,36762.00000000
0.0001502930714894043384599969941,78223.03166300,78223.03166300,78223.03166300,78223.03166300,1,3.006313257841467080869830000,0.9982,104,20,0.9979,454,130,78223.031663,"{'ZERO': '0.000300631325784146708086983', 'MAKER_A_0.2BP': '0.000260620100755615912834564', 'MAKER_B_0.5BP': '0.000200606263904662267638196', 'STRESS_1BP': '0.000100591203531215171898984'}",9,0.030063132578414670808698300,3,2026-06-13,77784.00000000,619982.00000000
0.00005009769049646811281999899805,97.34407700,1014.10059200,1637.93985150,10409.17893215,66,1.002004008016032064128260000,0.9981,729,136,0.998,1166,129,24295.75598,"{'ZERO': '0.000100200400801603206412826', 'MAKER_A_0.2BP': '0.000060197192849730179745102', 'MAKER_B_0.5BP': '1.95381012512500627474E-7', 'STRESS_1BP': '-0.0000997996392745494989579198'}",1,0.010020040080160320641282600,1,2026-06-14,802365.00000000,1564671.00000000
0.00005009267144216801082001703151,227.18866200,831.31264450,1000.91771235,19891.41855826,62,1.001903616872056908125440000,0.9982,164,68,0.9981,729,136,44072.110708,"{'ZERO': '0.000100190361687205690812544', 'MAKER_A_0.2BP': '0.000060187154136889208914549', 'MAKER_B_0.5BP': '1.85342901976231716417E-7', 'STRESS_1BP': '-0.0000998096763813248972668107'}",2,0.010019036168720569081254400,1,2026-06-14,143287.00000000,802365.00000000
0.00005010271055664111428428277970,52.14215050,1072.26030890,1330.95810600,2067.98644166,58,1.002104419280489026956610000,0.998,1166,129,0.9979,355,74,2655.863672,"{'ZERO': '0.000100210441928048902695661', 'MAKER_A_0.2BP': '0.000060207233574538850940588', 'MAKER_B_0.5BP': '2.05421134895755462753E-7', 'STRESS_1BP': '-0.0000997896001561282893656721'}",3,0.010021044192804890269566100,1,2026-06-14,1564671.00000000,1723526.00000000
0.00005012280086211217482832940705,0.94153450,39.85385230,50.73794650,172.87716258,30,1.002506265664160401002510000,0.9976,315,45,0.9975,390,46,222.158225,"{'ZERO': '0.000100250626566416040100251', 'MAKER_A_0.2BP': '0.000060247416605552600727434', 'MAKER_B_0.5BP': '2.45601754999969299781E-7', 'STRESS_1BP': '-0.0000997494235538852129824612'}",4,0.010025062656641604010025100,1,2026-06-14,341411.00000000,541680.00000000
0.00005013787916771120581599398345,0.00447900,0.21763200,0.34463000,0.47330440,21,1.002807862013638186923390000,0.9973,131,27,0.9972,273,22,0.505473,"{'ZERO': '0.000100280786201363818692339', 'MAKER_A_0.2BP': '0.000060277575034139108633792', 'MAKER_B_0.5BP': '2.75758374135043749216E-7', 'STRESS_1BP': '-0.0000997192699502612915603746'}",5,0.010028078620136381869233900,1,2026-06-14,47363.00000000,150526.00000000
0.00005011777677542224226933293239,1.93598500,70.58905040,234.58763680,289.06834336,19,1.002405773857257417802730000,0.9977,148,31,0.9976,315,45,302.68852,"{'ZERO': '0.000100240577385725741780273', 'MAKER_A_0.2BP': '0.000060237367826821490835620', 'MAKER_B_0.5BP': '2.35553579177496618353E-7', 'STRESS_1BP': '-0.0000997594707249403367602293'}",6,0.010024057738572574178027300,1,2026-06-14,131611.00000000,341411.00000000
0.00005012782595618828011429144318,0.43355600,16.63546980,48.43373370,95.15496434,15,1.002606777621816723481050000,0.9975,390,46,0.9974,127,19,106.835272,"{'ZERO': '0.000100260677762181672348105', 'MAKER_A_0.2BP': '0.000060257467399278443145795', 'MAKER_B_0.5BP': '2.55651945696278450565E-7', 'STRESS_1BP': '-0.0000997393743681577300461251'}",7,0.010026067776218167234810500,1,2026-06-14,541680.00000000,259282.00000000
0.0001002004008016032064128256513,272.34539500,1612.38325820,10728.13359200,21550.18866560,13,2.004208838560978053913220000,0.9981,729,136,0.9979,355,74,24255.702434,"{'ZERO': '0.000200420883856097805391322', 'MAKER_A_0.2BP': '0.000160413667165077381887576', 'MAKER_B_0.5BP': '0.000100405842519779011550475', 'STRESS_1BP': '4.00801687543441266656E-7'}",8,0.020042088385609780539132200,2,2026-06-14,802365.00000000,1723526.00000000
0.00005011275369581558506639939865,1.79825400,164.93759540,461.74170080,784.63152656,13,1.002305302195048611807160000,0.9978,249,24,0.9977,148,31,865.353983,"{'ZERO': '0.000100230530219504861180716', 'MAKER_A_0.2BP': '0.000060227321062479221499062', 'MAKER_B_0.5BP': '2.25507417623004787417E-7', 'STRESS_1BP': '-0.0000997695158819288964157608'}",9,0.010023053021950486118071600,1,2026-06-14,342804.00000000,131611.00000000
0.0001002405773857257417802726544,0.56018200,224.40387600,261.90730050,291.91004010,11,2.005012531328320802005010000,0.9977,148,31,0.9975,390,46,299.410725,"{'ZERO': '0.000200501253132832080200501', 'MAKER_A_0.2BP': '0.000160494033227104881461268', 'MAKER_B_0.5BP': '0.000100486203759987439224530', 'STRESS_1BP': '4.81154892029594033078E-7'}",10,0.020050125313283208020050100,2,2026-06-14,131611.00000000,541680.00000000
0.00005010271055664111428428277970,78.19144800,477.38660060,1143.83989360,3790.74065552,89,1.002104419280489026956610000,0.998,794,123,0.9979,1048,153,14116.141518,"{'ZERO': '0.000100210441928048902695661', 'MAKER_A_0.2BP': '0.000060207233574538850940588', 'MAKER_B_0.5BP': '2.05421134895755462753E-7', 'STRESS_1BP': '-0.0000997896001561282893656721'}",1,0.010021044192804890269566100,1,2026-06-15,1254438.00000000,1145449.00000000
0.00005010773162298942726862754923,21.00066400,820.67901240,1388.63063890,4050.35481932,63,1.002204850671477249949890000,0.9979,1048,153,0.9978,486,119,5378.122524,"{'ZERO': '0.000100220485067147724994989', 'MAKER_A_0.2BP': '0.000060217276311920143637616', 'MAKER_B_0.5BP': '2.15463269730881064686E-7', 'STRESS_1BP': '-0.0000997795590254564441330972'}",2,0.010022048506714772499498900,1,2026-06-15,1145449.00000000,809358.00000000
0.00005006257822277847309136420526,13.92452200,188.72254300,313.40715000,3391.17575248,49,1.001301692199859817763090000,0.9988,381,93,0.9987,611,99,6162.487048,"{'ZERO': '0.000100130169219985981776309', 'MAKER_A_0.2BP': '0.000060126964077320035655961', 'MAKER_B_0.5BP': '1.25156453702297362352E-7', 'STRESS_1BP': '-0.0000998698568112548913327352'}",3,0.010013016921998598177630900,1,2026-06-15,795503.00000000,586369.00000000
0.00005006759124818504981725329194,38.23171950,293.64078940,564.10236140,1629.51310847,48,1.001401962747846985780090000,0.9987,611,99,0.9986,472,77,1847.840328,"{'ZERO': '0.000100140196274784698578009', 'MAKER_A_0.2BP': '0.000060136990731044581992398', 'MAKER_B_0.5BP': '1.35182505845667059727E-7', 'STRESS_1BP': '-0.0000998598317616666132305255'}",4,0.010014019627478469857800900,1,2026-06-15,586369.00000000,556610.00000000
0.00005005756620113130099614556740,27.97307600,381.68594730,709.99989550,5452.38538616,44,1.001201441730076091309570000,0.9989,347,68,0.9988,381,93,6654.103801,"{'ZERO': '0.000100120144173007609130957', 'MAKER_A_0.2BP': '0.000060116939431335522268329', 'MAKER_B_0.5BP': '1.15132409178499825509E-7', 'STRESS_1BP': '-0.0000998798798534243491950364'}",5,0.010012014417300760913095700,1,2026-06-15,1139660.00000000,795503.00000000
0.0001002104419280489026956608879,77.91133500,549.15158420,1698.89089970,10182.85574278,39,2.004409701342954499899780000,0.998,794,123,0.9978,486,119,14427.315549,"{'ZERO': '0.000200440970134295449989978', 'MAKER_A_0.2BP': '0.000160433752639839967281633', 'MAKER_B_0.5BP': '0.000100425926789449262754341', 'STRESS_1BP': '4.20883948887131731806E-7'}",6,0.020044097013429544998997800,2,2026-06-15,1254438.00000000,809358.00000000
0.00005008765339343851740545955422,1.84321700,39.23619240,109.75984520,233.30974988,33,1.001803245842516529753560000,0.9983,342,64,0.9982,291,43,248.674715,"{'ZERO': '0.000100180324584251652975356', 'MAKER_A_0.2BP': '0.000060177117435411259717102', 'MAKER_B_0.5BP': '1.75306802682306277393E-7', 'STRESS_1BP': '-0.0000998197114770590662833136'}",7,0.010018032458425165297535600,1,2026-06-15,520729.00000000,317428.00000000
0.00005007260527765259626458364629,18.75821200,267.03375620,622.00937440,700.99521320,33,1.001502253380070105157740000,0.9986,472,77,0.9985,262,66,737.923746,"{'ZERO': '0.000100150225338007010515774', 'MAKER_A_0.2BP': '0.000060147019393112388127801', 'MAKER_B_0.5BP': '1.45210566211799575269E-7', 'STRESS_1BP': '-0.0000998498047040563845468232'}",8,0.010015022533800701051577400,1,2026-06-15,556610.00000000,483541.00000000
0.00005011275369581558506639939865,74.25175750,316.53003260,576.32001055,1498.89840101,30,1.002305302195048611807160000,0.9978,486,119,0.9977,143,37,1861.500345,"{'ZERO': '0.000100230530219504861180716', 'MAKER_A_0.2BP': '0.000060227321062479221499062', 'MAKER_B_0.5BP': '2.25507417623004787417E-7', 'STRESS_1BP': '-0.0000997695158819288964157608'}",9,0.010023053021950486118071600,1,2026-06-15,809358.00000000,297162.00000000
0.00005008263634997746281364251014,20.23310300,330.05607200,660.81773785,4508.59177177,30,1.001702894921366322748670000,0.9984,212,60,0.9983,342,64,5998.979575,"{'ZERO': '0.000100170289492136632274867', 'MAKER_A_0.2BP': '0.000060167082744691895704308', 'MAKER_B_0.5BP': '1.65272714026324127047E-7', 'STRESS_1BP': '-0.0000998297445623563457537848'}",10,0.010017028949213663227486700,1,2026-06-15,527641.00000000,520729.00000000
0.00005007762031148279833742300566,4.29548200,110.37519820,163.14927090,3014.20468832,127,1.001602564102564102564100000,0.9985,3099,240,0.9984,895,219,4749.052807,"{'ZERO': '0.000100160256410256410256410', 'MAKER_A_0.2BP': '0.000060157050064126922589753', 'MAKER_B_0.5BP': '1.55240635404127229536E-7', 'STRESS_1BP': '-0.0000998397756378208333012853'}",1,0.010016025641025641025641000,1,2026-06-16,990262.00000000,1891627.00000000
0.00005007260527765259626458364629,4.80789400,191.80580500,847.88783000,5411.24211200,101,1.001502253380070105157740000,0.9986,1728,188,0.9985,3099,240,5542.215633,"{'ZERO': '0.000100150225338007010515774', 'MAKER_A_0.2BP': '0.000060147019393112388127801', 'MAKER_B_0.5BP': '1.45210566211799575269E-7', 'STRESS_1BP': '-0.0000998498047040563845468232'}",2,0.010015022533800701051577400,1,2026-06-16,3151426.00000000,990262.00000000
0.00005008263634997746281364251014,15.03724250,91.51448450,294.68885850,5069.26803495,86,1.001702894921366322748670000,0.9984,895,219,0.9983,2756,171,14343.400276,"{'ZERO': '0.000100170289492136632274867', 'MAKER_A_0.2BP': '0.000060167082744691895704308', 'MAKER_B_0.5BP': '1.65272714026324127047E-7', 'STRESS_1BP': '-0.0000998297445623563457537848'}",3,0.010017028949213663227486700,1,2026-06-16,1891627.00000000,1652150.00000000
0.00005008765339343851740545955422,2.68014100,134.62183660,254.76913860,2181.07606684,85,1.001803245842516529753560000,0.9983,2756,171,0.9982,373,102,11481.222586,"{'ZERO': '0.000100180324584251652975356', 'MAKER_A_0.2BP': '0.000060177117435411259717102', 'MAKER_B_0.5BP': '1.75306802682306277393E-7', 'STRESS_1BP': '-0.0000998197114770590662833136'}",4,0.010018032458425165297535600,1,2026-06-16,1652150.00000000,1875101.00000000
0.00005006759124818504981725329194,5.53561000,158.00871860,947.80961385,7704.93297872,80,1.001401962747846985780090000,0.9987,1254,178,0.9986,1728,188,13792.948161,"{'ZERO': '0.000100140196274784698578009', 'MAKER_A_0.2BP': '0.000060136990731044581992398', 'MAKER_B_0.5BP': '1.35182505845667059727E-7', 'STRESS_1BP': '-0.0000998598317616666132305255'}",5,0.010014019627478469857800900,1,2026-06-16,1739175.00000000,3151426.00000000
0.00005006257822277847309136420526,21.23398850,235.77417240,371.04726770,10841.32006787,78,1.001301692199859817763090000,0.9988,886,106,0.9987,1254,178,27619.580543,"{'ZERO': '0.000100130169219985981776309', 'MAKER_A_0.2BP': '0.000060126964077320035655961', 'MAKER_B_0.5BP': '1.25156453702297362352E-7', 'STRESS_1BP': '-0.0000998698568112548913327352'}",6,0.010013016921998598177630900,1,2026-06-16,1726552.00000000,1739175.00000000
0.00005010773162298942726862754923,1.47089900,228.04934520,371.74663730,2359.62998244,39,1.002204850671477249949890000,0.9979,790,64,0.9978,1294,71,3173.476576,"{'ZERO': '0.000100220485067147724994989', 'MAKER_A_0.2BP': '0.000060217276311920143637616', 'MAKER_B_0.5BP': '2.15463269730881064686E-7', 'STRESS_1BP': '-0.0000997795590254564441330972'}",7,0.010022048506714772499498900,1,2026-06-16,1278388.00000000,389137.00000000
0.00005011275369581558506639939865,1.05514900,218.62330740,562.40661470,1771.37592024,35,1.002305302195048611807160000,0.9978,1294,71,0.9977,79,45,2229.079284,"{'ZERO': '0.000100230530219504861180716', 'MAKER_A_0.2BP': '0.000060227321062479221499062', 'MAKER_B_0.5BP': '2.25507417623004787417E-7', 'STRESS_1BP': '-0.0000997695158819288964157608'}",8,0.010023053021950486118071600,1,2026-06-16,389137.00000000,41861.00000000
0.00005005756620113130099614556740,4.69054750,983.02533190,3996.41408150,25837.37706337,32,1.001201441730076091309570000,0.9989,255,36,0.9988,886,106,34271.967322,"{'ZERO': '0.000100120144173007609130957', 'MAKER_A_0.2BP': '0.000060116939431335522268329', 'MAKER_B_0.5BP': '1.15132409178499825509E-7', 'STRESS_1BP': '-0.0000998798798534243491950364'}",9,0.010012014417300760913095700,1,2026-06-16,499137.00000000,1726552.00000000
0.0001001401962747846985780092129,1.04485600,2239.06166120,5267.45200120,11702.77796962,27,2.003004506760140210315470000,0.9987,1254,178,0.9985,3099,240,13793.503246,"{'ZERO': '0.000200300450676014021031547', 'MAKER_A_0.2BP': '0.000160293238802224456262001', 'MAKER_B_0.5BP': '0.000100285421382411099775507', 'STRESS_1BP': '2.80392591687250904354E-7'}",10,0.020030045067601402103154700,2,2026-06-16,1739175.00000000,990262.00000000
0.00005008263634997746281364251014,21.25285900,119.32956360,221.68063620,4255.92360516,169,1.001702894921366322748670000,0.9984,1676,282,0.9983,1047,248,15268.978446,"{'ZERO': '0.000100170289492136632274867', 'MAKER_A_0.2BP': '0.000060167082744691895704308', 'MAKER_B_0.5BP': '1.65272714026324127047E-7', 'STRESS_1BP': '-0.0000998297445623563457537848'}",1,0.010017028949213663227486700,1,2026-06-17,1654268.00000000,1960314.00000000
0.00005007260527765259626458364629,2.60409750,51.00142970,172.06888275,12794.53390372,118,1.001502253380070105157740000,0.9986,2437,154,0.9985,2285,189,16929.501472,"{'ZERO': '0.000100150225338007010515774', 'MAKER_A_0.2BP': '0.000060147019393112388127801', 'MAKER_B_0.5BP': '1.45210566211799575269E-7', 'STRESS_1BP': '-0.0000998498047040563845468232'}",2,0.010015022533800701051577400,1,2026-06-17,1184032.00000000,2107929.00000000
0.00005009267144216801082001703151,6.84473600,129.63475060,355.42473920,763.58583404,105,1.001903616872056908125440000,0.9982,1634,220,0.9981,997,135,2638.048155,"{'ZERO': '0.000100190361687205690812544', 'MAKER_A_0.2BP': '0.000060187154136889208914549', 'MAKER_B_0.5BP': '1.85342901976231716417E-7', 'STRESS_1BP': '-0.0000998096763813248972668107'}",3,0.010019036168720569081254400,1,2026-06-17,2897488.00000000,798020.00000000
0.00005008765339343851740545955422,36.72749500,445.26773200,1287.32182800,4142.77368980,81,1.001803245842516529753560000,0.9983,1047,248,0.9982,1634,220,9754.547733,"{'ZERO': '0.000100180324584251652975356', 'MAKER_A_0.2BP': '0.000060177117435411259717102', 'MAKER_B_0.5BP': '1.75306802682306277393E-7', 'STRESS_1BP': '-0.0000998197114770590662833136'}",4,0.010018032458425165297535600,1,2026-06-17,1960314.00000000,2897488.00000000
0.00005007762031148279833742300566,5.08959000,267.60053340,2298.96870340,16360.20195740,77,1.001602564102564102564100000,0.9985,2285,189,0.9984,1676,282,23177.834614,"{'ZERO': '0.000100160256410256410256410', 'MAKER_A_0.2BP': '0.000060157050064126922589753', 'MAKER_B_0.5BP': '1.55240635404127229536E-7', 'STRESS_1BP': '-0.0000998397756378208333012853'}",5,0.010016025641025641025641000,1,2026-06-17,2107929.00000000,1654268.00000000
0.00005006257822277847309136420526,0.01602100,10.79702310,108.29509565,23341.56717164,42,1.001301692199859817763090000,0.9988,284,70,0.9987,165,56,29661.925163,"{'ZERO': '0.000100130169219985981776309', 'MAKER_A_0.2BP': '0.000060126964077320035655961', 'MAKER_B_0.5BP': '1.25156453702297362352E-7', 'STRESS_1BP': '-0.0000998698568112548913327352'}",6,0.010013016921998598177630900,1,2026-06-17,2702394.00000000,3393066.00000000
0.0001001702894921366322748672744,69.95139100,987.56758240,4181.39278600,12761.20576024,37,2.003606491685033059507110000,0.9984,1676,282,0.9982,1634,220,14024.959909,"{'ZERO': '0.000200360649168503305950711', 'MAKER_A_0.2BP': '0.000160353434886822199440603', 'MAKER_B_0.5BP': '0.000100345613855352113179755', 'STRESS_1BP': '3.40579045681887431373E-7'}",7,0.020036064916850330595071100,2,2026-06-17,1654268.00000000,2897488.00000000
0.0001001903616872056908125438333,4.77275100,203.23663000,1319.75659300,8289.12757508,33,2.004008016032064128256510000,0.9982,1634,220,0.998,320,76,10946.388321,"{'ZERO': '0.000200400801603206412825651', 'MAKER_A_0.2BP': '0.000160393585715460039496605', 'MAKER_B_0.5BP': '0.000100385762275012501879916', 'STRESS_1BP': '3.80723450701022082161E-7'}",8,0.020040080160320641282565100,2,2026-06-17,2897488.00000000,411291.00000000
0.0001001502253380070105157736605,2.67412400,7110.70300020,15557.32467830,22606.29919151,30,2.003205128205128205128210000,0.9986,2437,154,0.9984,1676,282,25002.581801,"{'ZERO': '0.000200320512820512820512821', 'MAKER_A_0.2BP': '0.000160313300144253525185907', 'MAKER_B_0.5BP': '0.000100305481520795755084041', 'STRESS_1BP': '3.00450724158353395430E-7'}",9,0.020032051282051282051282100,2,2026-06-17,1184032.00000000,1654268.00000000
0.00005005756620113130099614556740,3.43582250,27.44539100,44.36970285,32307.92941505,28,1.001201441730076091309570000,0.9989,151,31,0.9988,284,70,44238.991379,"{'ZERO': '0.000100120144173007609130957', 'MAKER_A_0.2BP': '0.000060116939431335522268329', 'MAKER_B_0.5BP': '1.15132409178499825509E-7', 'STRESS_1BP': '-0.0000998798798534243491950364'}",10,0.010012014417300760913095700,1,2026-06-17,138037.00000000,2702394.00000000
0.00005013285205795357697899433499,8.16853000,120.23088800,225.87514110,1115.34532448,103,1.002707309736287977539360000,0.9974,1134,129,0.9973,1041,145,8044.904697,"{'ZERO': '0.000100270730973628797753936', 'MAKER_A_0.2BP': '0.000060267520208605153074919', 'MAKER_B_0.5BP': '2.65704151872522687914E-7', 'STRESS_1BP': '-0.0000997293231671518499408457'}",1,0.010027073097362879775393600,1,2026-06-18,3703233.00000000,3810421.00000000
0.00005008263634997746281364251014,5.96723500,126.24612760,192.71873610,3436.03684387,78,1.001702894921366322748670000,0.9984,5033,89,0.9983,948,100,12624.288354,"{'ZERO': '0.000100170289492136632274867', 'MAKER_A_0.2BP': '0.000060167082744691895704308', 'MAKER_B_0.5BP': '1.65272714026324127047E-7', 'STRESS_1BP': '-0.0000998297445623563457537848'}",2,0.010017028949213663227486700,1,2026-06-18,1663196.00000000,2961750.00000000
0.00005009769049646811281999899805,28.61866400,493.44048690,2078.09325485,4238.22845327,70,1.002004008016032064128260000,0.9981,1241,95,0.998,1244,122,5406.282821,"{'ZERO': '0.000100200400801603206412826', 'MAKER_A_0.2BP': '0.000060197192849730179745102', 'MAKER_B_0.5BP': '1.95381012512500627474E-7', 'STRESS_1BP': '-0.0000997996392745494989579198'}",3,0.010020040080160320641282600,1,2026-06-18,2527665.00000000,5527569.00000000
0.00005012280086211217482832940705,29.83690900,774.3314340,1110.62181200,9554.52716455,54,1.002506265664160401002510000,0.9976,622,108,0.9975,393,75,15025.991315,"{'ZERO': '0.000100250626566416040100251', 'MAKER_A_0.2BP': '0.000060247416605552600727434', 'MAKER_B_0.5BP': '2.45601754999969299781E-7', 'STRESS_1BP': '-0.0000997494235538852129824612'}",4,0.010025062656641604010025100,1,2026-06-18,1419723.00000000,1923746.00000000
0.00005011777677542224226933293239,53.45804750,368.33283760,636.71507330,15168.87322332,54,1.002405773857257417802730000,0.9977,219,72,0.9976,622,108,23714.969765,"{'ZERO': '0.000100240577385725741780273', 'MAKER_A_0.2BP': '0.000060237367826821490835620', 'MAKER_B_0.5BP': '2.35553579177496618353E-7', 'STRESS_1BP': '-0.0000997594707249403367602293'}",5,0.010024057738572574178027300,1,2026-06-18,567890.00000000,1419723.00000000
0.00005013787916771120581599398345,17.73038200,160.82790140,283.74416510,4116.15388364,47,1.002807862013638186923390000,0.9973,1041,145,0.9972,825,85,7327.011943,"{'ZERO': '0.000100280786201363818692339', 'MAKER_A_0.2BP': '0.000060277575034139108633792', 'MAKER_B_0.5BP': '2.75758374135043749216E-7', 'STRESS_1BP': '-0.0000997192699502612915603746'}",6,0.010028078620136381869233900,1,2026-06-18,3810421.00000000,1697291.00000000
0.00005010271055664111428428277970,32.26811400,395.39056920,1183.92119710,1790.99866205,44,1.002104419280489026956610000,0.998,1244,122,0.9979,575,62,1976.517331,"{'ZERO': '0.000100210441928048902695661', 'MAKER_A_0.2BP': '0.000060207233574538850940588', 'MAKER_B_0.5BP': '2.05421134895755462753E-7', 'STRESS_1BP': '-0.0000997896001561282893656721'}",7,0.010021044192804890269566100,1,2026-06-18,5527569.00000000,1944807.00000000
0.00005014290728576442862157147871,19.69692900,126.43399420,336.60711640,2723.71737252,33,1.002908434459933808043330000,0.9972,825,85,0.9971,294,51,3821.692121,"{'ZERO': '0.000100290843445993380804333', 'MAKER_A_0.2BP': '0.000060287631876486931198093', 'MAKER_B_0.5BP': '2.85814613090426613962E-7', 'STRESS_1BP': '-0.0000997092147168795305806898'}",8,0.010029084344599338080433300,1,2026-06-18,1697291.00000000,591436.00000000
0.00005009267144216801082001703151,46.58917650,1111.95583240,5460.69866165,9062.03449783,30,1.001903616872056908125440000,0.9982,330,65,0.9981,1241,95,10333.673412,"{'ZERO': '0.000100190361687205690812544', 'MAKER_A_0.2BP': '0.000060187154136889208914549', 'MAKER_B_0.5BP': '1.85342901976231716417E-7', 'STRESS_1BP': '-0.0000998096763813248972668107'}",9,0.010019036168720569081254400,1,2026-06-18,2085217.00000000,2527665.00000000
0.00005008765339343851740545955422,7.22167400,172.23882160,519.51508400,9465.56156080,25,1.001803245842516529753560000,0.9983,948,100,0.9982,330,65,12264.498124,"{'ZERO': '0.000100180324584251652975356', 'MAKER_A_0.2BP': '0.000060177117435411259717102', 'MAKER_B_0.5BP': '1.75306802682306277393E-7', 'STRESS_1BP': '-0.0000998197114770590662833136'}",10,0.010018032458425165297535600,1,2026-06-18,2961750.00000000,2085217.00000000
0.00005008263634997746281364251014,24.01487800,437.71297980,1433.64252490,5350.1766142,95,1.001702894921366322748670000,0.9984,655,143,0.9983,687,148,18177.4148,"{'ZERO': '0.000100170289492136632274867', 'MAKER_A_0.2BP': '0.000060167082744691895704308', 'MAKER_B_0.5BP': '1.65272714026324127047E-7', 'STRESS_1BP': '-0.0000998297445623563457537848'}",1,0.010017028949213663227486700,1,2026-06-19,300409.00000000,547654.00000000
0.00005008765339343851740545955422,49.51991300,901.60331900,1640.81290625,7526.56652770,56,1.001803245842516529753560000,0.9983,687,148,0.9982,515,92,12264.04872,"{'ZERO': '0.000100180324584251652975356', 'MAKER_A_0.2BP': '0.000060177117435411259717102', 'MAKER_B_0.5BP': '1.75306802682306277393E-7', 'STRESS_1BP': '-0.0000998197114770590662833136'}",2,0.010018032458425165297535600,1,2026-06-19,547654.00000000,393148.00000000
0.00005007762031148279833742300566,65.00283350,422.77994850,568.14889525,6362.57227510,46,1.001602564102564102564100000,0.9985,134,46,0.9984,655,143,10955.594845,"{'ZERO': '0.000100160256410256410256410', 'MAKER_A_0.2BP': '0.000060157050064126922589753', 'MAKER_B_0.5BP': '1.55240635404127229536E-7', 'STRESS_1BP': '-0.0000998397756378208333012853'}",3,0.010016025641025641025641000,1,2026-06-19,31334.00000000,300409.00000000
0.00005011777677542224226933293239,14.11820000,758.12476400,1134.07886975,4509.91562550,26,1.002405773857257417802730000,0.9977,255,30,0.9976,544,33,5616.335519,"{'ZERO': '0.000100240577385725741780273', 'MAKER_A_0.2BP': '0.000060237367826821490835620', 'MAKER_B_0.5BP': '2.35553579177496618353E-7', 'STRESS_1BP': '-0.0000997594707249403367602293'}",4,0.010024057738572574178027300,1,2026-06-19,112100.00000000,381468.00000000
0.00005009267144216801082001703151,88.73514900,1039.53650760,1106.67700080,1934.21458552,25,1.001903616872056908125440000,0.9982,515,92,0.9981,240,30,2193.552202,"{'ZERO': '0.000100190361687205690812544', 'MAKER_A_0.2BP': '0.000060187154136889208914549', 'MAKER_B_0.5BP': '1.85342901976231716417E-7', 'STRESS_1BP': '-0.0000998096763813248972668107'}",5,0.010019036168720569081254400,1,2026-06-19,393148.00000000,620894.00000000
0.0001001903616872056908125438333,132.22639350,1776.98252890,2122.41496270,2207.53788214,14,2.004008016032064128256510000,0.9982,515,92,0.998,104,21,2228.818612,"{'ZERO': '0.000200400801603206412825651', 'MAKER_A_0.2BP': '0.000160393585715460039496605', 'MAKER_B_0.5BP': '0.000100385762275012501879916', 'STRESS_1BP': '3.80723450701022082161E-7'}",6,0.020040080160320641282565100,2,2026-06-19,393148.00000000,165075.00000000
0.0001001702894921366322748672744,1053.31193000,4646.88725100,11971.65593500,17831.47088220,11,2.003606491685033059507110000,0.9984,655,143,0.9982,515,92,19296.424619,"{'ZERO': '0.000200360649168503305950711', 'MAKER_A_0.2BP': '0.000160353434886822199440603', 'MAKER_B_0.5BP': '0.000100345613855352113179755', 'STRESS_1BP': '3.40579045681887431373E-7'}",7,0.020036064916850330595071100,2,2026-06-19,300409.00000000,393148.00000000
0.00005009769049646811281999899805,921.49746850,1910.24749640,2519.31442270,3006.56796374,8,1.002004008016032064128260000,0.9981,240,30,0.998,104,21,3128.381349,"{'ZERO': '0.000100200400801603206412826', 'MAKER_A_0.2BP': '0.000060197192849730179745102', 'MAKER_B_0.5BP': '1.95381012512500627474E-7', 'STRESS_1BP': '-0.0000997996392745494989579198'}",8,0.010020040080160320641282600,1,2026-06-19,620894.00000000,165075.00000000
0.00005012280086211217482832940705,4.76417000,193.71826500,243.30993150,282.98326470,7,1.002506265664160401002510000,0.9976,544,33,0.9975,7,7,292.901598,"{'ZERO': '0.000100250626566416040100251', 'MAKER_A_0.2BP': '0.000060247416605552600727434', 'MAKER_B_0.5BP': '2.45601754999969299781E-7', 'STRESS_1BP': '-0.0000997494235538852129824612'}",9,0.010025062656641604010025100,1,2026-06-19,381468.00000000,645.00000000
0.0001001803245842516529753556402,808.16963000,7212.10999450,9717.92518025,11722.57732885,6,2.003807233744113816250880000,0.9983,687,148,0.9981,240,30,12223.740366,"{'ZERO': '0.000200380723374411381625088', 'MAKER_A_0.2BP': '0.000160373508289778097835498', 'MAKER_B_0.5BP': '0.000100365686053939964057804', 'STRESS_1BP': '3.60649237150225464379E-7'}",10,0.020038072337441138162508800,2,2026-06-19,547654.00000000,620894.00000000
0.00005006759124818504981725329194,192.80645000,993.47006220,1195.67205200,2516.53335200,69,1.001401962747846985780090000,0.9987,487,86,0.9986,603,103,2674.484483,"{'ZERO': '0.000100140196274784698578009', 'MAKER_A_0.2BP': '0.000060136990731044581992398', 'MAKER_B_0.5BP': '1.35182505845667059727E-7', 'STRESS_1BP': '-0.0000998598317616666132305255'}",1,0.010014019627478469857800900,1,2026-06-20,586394.00000000,241050.00000000
0.00005007762031148279833742300566,78.32605050,494.07795520,1748.72991685,2688.91467916,58,1.001602564102564102564100000,0.9985,558,91,0.9984,369,77,3583.575685,"{'ZERO': '0.000100160256410256410256410', 'MAKER_A_0.2BP': '0.000060157050064126922589753', 'MAKER_B_0.5BP': '1.55240635404127229536E-7', 'STRESS_1BP': '-0.0000998397756378208333012853'}",2,0.010016025641025641025641000,1,2026-06-20,285905.00000000,270501.00000000
0.00005007260527765259626458364629,152.82226400,639.51681000,1043.26537600,9922.57748450,31,1.001502253380070105157740000,0.9986,603,103,0.9985,558,91,13662.091271,"{'ZERO': '0.000100150225338007010515774', 'MAKER_A_0.2BP': '0.000060147019393112388127801', 'MAKER_B_0.5BP': '1.45210566211799575269E-7', 'STRESS_1BP': '-0.0000998498047040563845468232'}",3,0.010015022533800701051577400,1,2026-06-20,241050.00000000,285905.00000000
0.00005006257822277847309136420526,305.65419250,1547.49619540,6612.75393680,20225.50132096,20,1.001301692199859817763090000,0.9988,31,23,0.9987,487,86,23628.688167,"{'ZERO': '0.000100130169219985981776309', 'MAKER_A_0.2BP': '0.000060126964077320035655961', 'MAKER_B_0.5BP': '1.25156453702297362352E-7', 'STRESS_1BP': '-0.0000998698568112548913327352'}",4,0.010013016921998598177630900,1,2026-06-20,10725.00000000,586394.00000000
0.00005008263634997746281364251014,50.95712500,682.29770040,1039.90175750,1384.11811550,19,1.001702894921366322748670000,0.9984,369,77,0.9983,94,22,1470.172205,"{'ZERO': '0.000100170289492136632274867', 'MAKER_A_0.2BP': '0.000060167082744691895704308', 'MAKER_B_0.5BP': '1.65272714026324127047E-7', 'STRESS_1BP': '-0.0000998297445623563457537848'}",5,0.010017028949213663227486700,1,2026-06-20,270501.00000000,9976.00000000
0.0001001301692199859817763092020,962.85636300,14195.05667340,18721.81278420,22343.21767284,7,2.002803925495693971560180000,0.9988,31,23,0.9986,603,103,23248.568895,"{'ZERO': '0.000200280392549569397156018', 'MAKER_A_0.2BP': '0.000160273181478088843991195', 'MAKER_B_0.5BP': '0.000100265365261678834744423', 'STRESS_1BP': '2.60338476466793536949E-7'}",6,0.020028039254956939715601800,2,2026-06-20,10725.00000000,241050.00000000
0.0001001602564102564102564102564,451.09873300,2293.07319580,2799.70084740,3205.00296868,5,2.003405789842732645497350000,0.9985,558,91,0.9983,94,22,3306.328499,"{'ZERO': '0.000200340578984273264549735', 'MAKER_A_0.2BP': '0.000160333365505383471415015', 'MAKER_B_0.5BP': '0.000100325545678040148879063', 'STRESS_1BP': '3.20512875087328490431E-7'}",7,0.020034057898427326454973500,2,2026-06-20,285905.00000000,9976.00000000
0.0001001502253380070105157736605,9215.69001900,15639.67156860,16442.66926230,17085.06741726,2,2.003205128205128205128210000,0.9986,603,103,0.9984,369,77,17245.666956,"{'ZERO': '0.000200320512820512820512821', 'MAKER_A_0.2BP': '0.000160313300144253525185907', 'MAKER_B_0.5BP': '0.000100305481520795755084041', 'STRESS_1BP': '3.00450724158353395430E-7'}",8,0.020032051282051282051282100,2,2026-06-20,241050.00000000,270501.00000000
0.0001502479090499323884409275304,3670.97276200,3670.97276200,3670.97276200,3670.97276200,1,3.005409737527549589260670000,0.9985,558,91,0.9982,2,1,3670.972762,"{'ZERO': '0.000300540973752754958926067', 'MAKER_A_0.2BP': '0.000260529752338233139164105', 'MAKER_B_0.5BP': '0.000200515920908021920082117', 'STRESS_1BP': '0.000100500869568422841146060'}",9,0.030054097375275495892606700,3,2026-06-20,285905.00000000,404.00000000
0.0001502328609344483950122690170,16968.4197700,16968.4197700,16968.4197700,16968.4197700,1,3.005108684764098968246020000,0.9986,603,103,0.9983,94,22,16968.41977,"{'ZERO': '0.000300510868476409896824602', 'MAKER_A_0.2BP': '0.000260499648266075047125723', 'MAKER_B_0.5BP': '0.000200485818642053973631079', 'STRESS_1BP': '0.000100470770312531002734646'}",10,0.030051086847640989682460200,3,2026-06-20,241050.00000000,9976.00000000
0.00005008765339343851740545955422,24.15484950,355.01046710,721.82237905,4256.26633381,132,1.001803245842516529753560000,0.9983,2213,195,0.9982,1090,178,8207.40346,"{'ZERO': '0.000100180324584251652975356', 'MAKER_A_0.2BP': '0.000060177117435411259717102', 'MAKER_B_0.5BP': '1.75306802682306277393E-7', 'STRESS_1BP': '-0.0000998197114770590662833136'}",1,0.010018032458425165297535600,1,2026-06-21,750383.00000000,511280.00000000
0.00005008263634997746281364251014,81.57734950,780.03821370,1393.29804850,8594.77600004,68,1.001702894921366322748670000,0.9984,557,96,0.9983,2213,195,17953.198709,"{'ZERO': '0.000100170289492136632274867', 'MAKER_A_0.2BP': '0.000060167082744691895704308', 'MAKER_B_0.5BP': '1.65272714026324127047E-7', 'STRESS_1BP': '-0.0000998297445623563457537848'}",2,0.010017028949213663227486700,1,2026-06-21,297623.00000000,750383.00000000
0.00005009267144216801082001703151,31.37123550,123.85857000,139.55497125,370.98963980,34,1.001903616872056908125440000,0.9982,1090,178,0.9981,142,34,480.034589,"{'ZERO': '0.000100190361687205690812544', 'MAKER_A_0.2BP': '0.000060187154136889208914549', 'MAKER_B_0.5BP': '1.85342901976231716417E-7', 'STRESS_1BP': '-0.0000998096763813248972668107'}",3,0.010019036168720569081254400,1,2026-06-21,511280.00000000,51867.00000000
0.00005007762031148279833742300566,187.78308750,658.83935530,791.73011810,869.45044042,20,1.001602564102564102564100000,0.9985,27,20,0.9984,557,96,888.880521,"{'ZERO': '0.000100160256410256410256410', 'MAKER_A_0.2BP': '0.000060157050064126922589753', 'MAKER_B_0.5BP': '1.55240635404127229536E-7', 'STRESS_1BP': '-0.0000998397756378208333012853'}",4,0.010016025641025641025641000,1,2026-06-21,35192.00000000,297623.00000000
0.0001001702894921366322748672744,687.85053950,3461.01946050,8052.05182175,15999.02958995,16,2.003606491685033059507110000,0.9984,557,96,0.9982,1090,178,17985.774032,"{'ZERO': '0.000200360649168503305950711', 'MAKER_A_0.2BP': '0.000160353434886822199440603', 'MAKER_B_0.5BP': '0.000100345613855352113179755', 'STRESS_1BP': '3.40579045681887431373E-7'}",5,0.020036064916850330595071100,2,2026-06-21,297623.00000000,511280.00000000
0.0001001602564102564102564102564,688.70586200,1116.32240840,1169.77447670,1212.53613134,2,2.003405789842732645497350000,0.9985,27,20,0.9983,2213,195,1223.226545,"{'ZERO': '0.000200340578984273264549735', 'MAKER_A_0.2BP': '0.000160333365505383471415015', 'MAKER_B_0.5BP': '0.000100325545678040148879063', 'STRESS_1BP': '3.20512875087328490431E-7'}",6,0.020034057898427326454973500,2,2026-06-21,35192.00000000,750383.00000000
0.0001001803245842516529753556402,7773.0394900,7773.0394900,7773.0394900,7773.0394900,1,2.003807233744113816250880000,0.9983,2213,195,0.9981,142,34,7773.03949,"{'ZERO': '0.000200380723374411381625088', 'MAKER_A_0.2BP': '0.000160373508289778097835498', 'MAKER_B_0.5BP': '0.000100365686053939964057804', 'STRESS_1BP': '3.60649237150225464379E-7'}",7,0.020038072337441138162508800,2,2026-06-21,750383.00000000,51867.00000000
0.00005006257822277847309136420526,55.13764000,589.71052760,976.92054900,6974.48281728,77,1.001301692199859817763090000,0.9988,1351,138,0.9987,586,106,11506.439841,"{'ZERO': '0.000100130169219985981776309', 'MAKER_A_0.2BP': '0.000060126964077320035655961', 'MAKER_B_0.5BP': '1.25156453702297362352E-7', 'STRESS_1BP': '-0.0000998698568112548913327352'}",1,0.010013016921998598177630900,1,2026-06-22,1104020.00000000,295654.00000000
0.00005005756620113130099614556740,96.26942100,1220.71601320,2127.86524530,4394.43726880,63,1.001201441730076091309570000,0.9989,269,71,0.9988,1351,138,7053.357123,"{'ZERO': '0.000100120144173007609130957', 'MAKER_A_0.2BP': '0.000060116939431335522268329', 'MAKER_B_0.5BP': '1.15132409178499825509E-7', 'STRESS_1BP': '-0.0000998798798534243491950364'}",2,0.010012014417300760913095700,1,2026-06-22,286402.00000000,1104020.00000000
0.00005007260527765259626458364629,28.93274500,247.53302920,383.68964150,1170.54189139,38,1.001502253380070105157740000,0.9986,800,73,0.9985,339,47,1389.655948,"{'ZERO': '0.000100150225338007010515774', 'MAKER_A_0.2BP': '0.000060147019393112388127801', 'MAKER_B_0.5BP': '1.45210566211799575269E-7', 'STRESS_1BP': '-0.0000998498047040563845468232'}",3,0.010015022533800701051577400,1,2026-06-22,995777.00000000,192007.00000000
0.00005006759124818504981725329194,165.78192950,998.37380330,2927.41039375,8526.13639223,28,1.001401962747846985780090000,0.9987,586,106,0.9986,800,73,10391.040716,"{'ZERO': '0.000100140196274784698578009', 'MAKER_A_0.2BP': '0.000060136990731044581992398', 'MAKER_B_0.5BP': '1.35182505845667059727E-7', 'STRESS_1BP': '-0.0000998598317616666132305255'}",4,0.010014019627478469857800900,1,2026-06-22,295654.00000000,995777.00000000
0.00005007762031148279833742300566,0.78909200,1746.11153320,2278.62791430,2920.39522126,14,1.001602564102564102564100000,0.9985,339,47,0.9984,114,22,3080.837048,"{'ZERO': '0.000100160256410256410256410', 'MAKER_A_0.2BP': '0.000060157050064126922589753', 'MAKER_B_0.5BP': '1.55240635404127229536E-7', 'STRESS_1BP': '-0.0000998397756378208333012853'}",5,0.010016025641025641025641000,1,2026-06-22,192007.00000000,120179.00000000
0.0001001502253380070105157736605,144.13416600,1271.63919280,1447.58422710,1542.30799822,12,2.003205128205128205128210000,0.9986,800,73,0.9984,114,22,1565.988941,"{'ZERO': '0.000200320512820512820512821', 'MAKER_A_0.2BP': '0.000160313300144253525185907', 'MAKER_B_0.5BP': '0.000100305481520795755084041', 'STRESS_1BP': '3.00450724158353395430E-7'}",6,0.020032051282051282051282100,2,2026-06-22,995777.00000000,120179.00000000
0.0001001201441730076091309571486,1105.33886800,3041.68295000,10800.73995700,17007.98556260,11,2.002603384399719635526180000,0.9989,269,71,0.9987,586,106,18559.796964,"{'ZERO': '0.000200260338439971963552618', 'MAKER_A_0.2BP': '0.000160253128170639751318321', 'MAKER_B_0.5BP': '0.000100245313157392095349673', 'STRESS_1BP': '2.40288377290237332530E-7'}",7,0.020026033843997196355261800,2,2026-06-22,286402.00000000,295654.00000000
0.00005009267144216801082001703151,100.95602400,310.99714440,547.17366120,736.11487464,9,1.001903616872056908125440000,0.9982,381,14,0.9981,16,11,783.350178,"{'ZERO': '0.000100190361687205690812544', 'MAKER_A_0.2BP': '0.000060187154136889208914549', 'MAKER_B_0.5BP': '1.85342901976231716417E-7', 'STRESS_1BP': '-0.0000998096763813248972668107'}",8,0.010019036168720569081254400,1,2026-06-22,226230.00000000,7889.00000000
0.0001001401962747846985780092129,204.80304400,5655.79625300,8057.31789500,9978.53520860,7,2.003004506760140210315470000,0.9987,586,106,0.9985,339,47,10458.839537,"{'ZERO': '0.000200300450676014021031547', 'MAKER_A_0.2BP': '0.000160293238802224456262001', 'MAKER_B_0.5BP': '0.000100285421382411099775507', 'STRESS_1BP': '2.80392591687250904354E-7'}",9,0.020030045067601402103154700,2,2026-06-22,295654.00000000,192007.00000000
0.00005005255518294208919365333600,187.26120700,8289.78718580,8787.22002590,9185.16629798,7,1.001101211332465712283510000,0.999,52,7,0.9989,269,71,9284.652866,"{'ZERO': '0.000100110121133246571228351', 'MAKER_A_0.2BP': '0.000060106916792488056535796', 'MAKER_B_0.5BP': '1.05110371671325333523E-7', 'STRESS_1BP': '-0.0000998899008887778756412075'}",10,0.010011012113324657122835100,1,2026-06-22,98121.00000000,286402.00000000
0.00005011275369581558506639939865,0.06000300,0.06816260,0.07209960,5.87683068,1403,1.002305302195048611807160000,0.9978,1951,1425,0.9977,1969,1454,41500.276421,"{'ZERO': '0.000100230530219504861180716', 'MAKER_A_0.2BP': '0.000060227321062479221499062', 'MAKER_B_0.5BP': '2.25507417623004787417E-7', 'STRESS_1BP': '-0.0000997695158819288964157608'}",1,0.010023053021950486118071600,1,2026-06-23,1088992.00000000,488832.00000000
0.00005012280086211217482832940705,28.56797750,338.24024680,579.24769490,2989.20437006,88,1.002506265664160401002510000,0.9976,1331,126,0.9975,921,124,10875.466802,"{'ZERO': '0.000100250626566416040100251', 'MAKER_A_0.2BP': '0.000060247416605552600727434', 'MAKER_B_0.5BP': '2.45601754999969299781E-7', 'STRESS_1BP': '-0.0000997494235538852129824612'}",2,0.010025062656641604010025100,1,2026-06-23,1142214.00000000,709362.00000000
0.00005011777677542224226933293239,133.83288100,837.90832200,1902.83536100,14159.70592040,41,1.002405773857257417802730000,0.9977,1969,1454,0.9976,1331,126,15750.042078,"{'ZERO': '0.000100240577385725741780273', 'MAKER_A_0.2BP': '0.000060237367826821490835620', 'MAKER_B_0.5BP': '2.35553579177496618353E-7', 'STRESS_1BP': '-0.0000997594707249403367602293'}",3,0.010024057738572574178027300,1,2026-06-23,488832.00000000,1142214.00000000
0.00005008765339343851740545955422,8.31977450,487.36871010,632.40392410,39192.36587304,32,1.001803245842516529753560000,0.9983,343,56,0.9982,373,50,56478.886702,"{'ZERO': '0.000100180324584251652975356', 'MAKER_A_0.2BP': '0.000060177117435411259717102', 'MAKER_B_0.5BP': '1.75306802682306277393E-7', 'STRESS_1BP': '-0.0000998197114770590662833136'}",4,0.010018032458425165297535600,1,2026-06-23,350152.00000000,1615237.00000000
0.00005012782595618828011429144318,34.52481650,655.50868420,1153.18024285,3710.93969441,30,1.002606777621816723481050000,0.9975,921,124,0.9974,235,55,4744.866768,"{'ZERO': '0.000100260677762181672348105', 'MAKER_A_0.2BP': '0.000060257467399278443145795', 'MAKER_B_0.5BP': '2.55651945696278450565E-7', 'STRESS_1BP': '-0.0000997393743681577300461251'}",5,0.010026067776218167234810500,1,2026-06-23,709362.00000000,140951.00000000
0.00005007260527765259626458364629,50.77324600,489.41701740,2690.05267880,46547.59732384,29,1.001502253380070105157740000,0.9986,243,31,0.9985,335,51,63051.146294,"{'ZERO': '0.000100150225338007010515774', 'MAKER_A_0.2BP': '0.000060147019393112388127801', 'MAKER_B_0.5BP': '1.45210566211799575269E-7', 'STRESS_1BP': '-0.0000998498047040563845468232'}",6,0.010015022533800701051577400,1,2026-06-23,198322.00000000,1052205.00000000
0.00005013285205795357697899433499,46.98725400,448.57451850,514.45938625,814.00317625,26,1.002707309736287977539360000,0.9974,235,55,0.9973,141,29,910.633438,"{'ZERO': '0.000100270730973628797753936', 'MAKER_A_0.2BP': '0.000060267520208605153074919', 'MAKER_B_0.5BP': '2.65704151872522687914E-7', 'STRESS_1BP': '-0.0000997293231671518499408457'}",7,0.010027073097362879775393600,1,2026-06-23,140951.00000000,92661.00000000
0.0001001803245842516529753556402,0.71247750,491.07015810,645.36993455,43654.21031809,24,2.003807233744113816250880000,0.9983,343,56,0.9981,127,48,56498.018304,"{'ZERO': '0.000200380723374411381625088', 'MAKER_A_0.2BP': '0.000160373508289778097835498', 'MAKER_B_0.5BP': '0.000100365686053939964057804', 'STRESS_1BP': '3.60649237150225464379E-7'}",8,0.020038072337441138162508800,2,2026-06-23,350152.00000000,49635.00000000
0.00005010773162298942726862754923,8.11865050,669.48469780,978.21590410,39639.62148516,24,1.002204850671477249949890000,0.9979,676,38,0.9978,1951,1425,51175.18871,"{'ZERO': '0.000100220485067147724994989', 'MAKER_A_0.2BP': '0.000060217276311920143637616', 'MAKER_B_0.5BP': '2.15463269730881064686E-7', 'STRESS_1BP': '-0.0000997795590254564441330972'}",9,0.010022048506714772499498900,1,2026-06-23,384375.00000000,1088992.00000000
0.00005007762031148279833742300566,74.53402250,679.94036630,1386.39153925,47924.55224734,24,1.001602564102564102564100000,0.9985,335,51,0.9984,174,33,61788.831484,"{'ZERO': '0.000100160256410256410256410', 'MAKER_A_0.2BP': '0.000060157050064126922589753', 'MAKER_B_0.5BP': '1.55240635404127229536E-7', 'STRESS_1BP': '-0.0000998397756378208333012853'}",10,0.010016025641025641025641000,1,2026-06-23,1052205.00000000,476873.00000000
0.00005011777677542224226933293239,71.60037000,690.09163340,1099.69140460,3312.73583276,77,1.002405773857257417802730000,0.9977,426,83,0.9976,972,144,5602.304935,"{'ZERO': '0.000100240577385725741780273', 'MAKER_A_0.2BP': '0.000060237367826821490835620', 'MAKER_B_0.5BP': '2.35553579177496618353E-7', 'STRESS_1BP': '-0.0000997594707249403367602293'}",1,0.010024057738572574178027300,1,2026-06-24,663187.00000000,565276.00000000
0.00005012280086211217482832940705,14.05651850,186.84868770,380.81473550,2101.98091636,70,1.002506265664160401002510000,0.9976,972,144,0.9975,664,104,3595.943977,"{'ZERO': '0.000100250626566416040100251', 'MAKER_A_0.2BP': '0.000060247416605552600727434', 'MAKER_B_0.5BP': '2.45601754999969299781E-7', 'STRESS_1BP': '-0.0000997494235538852129824612'}",2,0.010025062656641604010025100,1,2026-06-24,565276.00000000,505189.00000000
0.00005016302984700275896664158515,1.74285200,162.01498510,446.12535455,10356.30236165,44,1.003310926055984749673920000,0.9968,313,53,0.9967,371,64,16537.11778,"{'ZERO': '0.000100331092605598474967392', 'MAKER_A_0.2BP': '0.000060327879426157839841096', 'MAKER_B_0.5BP': '3.26059747980796003844E-7', 'STRESS_1BP': '-0.0000996689736063014547346309'}",3,0.010033109260559847496739200,1,2026-06-24,763417.00000000,220532.00000000
0.00005013285205795357697899433499,34.21640550,173.75360400,256.91573820,338.96155603,34,1.002707309736287977539360000,0.9974,526,69,0.9973,995,41,354.574519,"{'ZERO': '0.000100270730973628797753936', 'MAKER_A_0.2BP': '0.000060267520208605153074919', 'MAKER_B_0.5BP': '2.65704151872522687914E-7', 'STRESS_1BP': '-0.0000997293231671518499408457'}",4,0.010027073097362879775393600,1,2026-06-24,280942.00000000,546037.00000000
0.00005012782595618828011429144318,30.41067950,187.00572160,221.64412315,383.52560841,32,1.002606777621816723481050000,0.9975,664,104,0.9974,526,69,441.443432,"{'ZERO': '0.000100260677762181672348105', 'MAKER_A_0.2BP': '0.000060257467399278443145795', 'MAKER_B_0.5BP': '2.55651945696278450565E-7', 'STRESS_1BP': '-0.0000997393743681577300461251'}",5,0.010026067776218167234810500,1,2026-06-24,505189.00000000,280942.00000000
0.00005009769049646811281999899805,49.00095100,151.54205520,569.25504525,2842.50681810,32,1.002004008016032064128260000,0.9981,115,38,0.998,180,48,3854.060065,"{'ZERO': '0.000100200400801603206412826', 'MAKER_A_0.2BP': '0.000060197192849730179745102', 'MAKER_B_0.5BP': '1.95381012512500627474E-7', 'STRESS_1BP': '-0.0000997996392745494989579198'}",6,0.010020040080160320641282600,1,2026-06-24,37534.00000000,287213.00000000
0.00005020836471356127930913290154,27.34380800,278.68608840,441.16741760,777.36820680,29,1.004217714400482024502910000,0.9959,418,56,0.9958,167,38,879.286363,"{'ZERO': '0.000100421771440048202450291', 'MAKER_A_0.2BP': '0.000060418554633526730951623', 'MAKER_B_0.5BP': '4.16729515000450017668E-7', 'STRESS_1BP': '-0.0000995783129058052218477690'}",7,0.010042177144004820245029100,1,2026-06-24,384382.00000000,137224.00000000
0.00005017309718528924790527319251,7.78584000,1003.62070500,1023.40897460,12879.39409742,23,1.003512293025589563472150000,0.9966,422,37,0.9965,197,36,16222.954271,"{'ZERO': '0.000100351229302558956347215', 'MAKER_A_0.2BP': '0.000060348015317666551837052', 'MAKER_B_0.5BP': '3.46194431372259786409E-7', 'STRESS_1BP': '-0.0000996488409362776717812413'}",8,0.010035122930255895634721500,1,2026-06-24,1273552.00000000,588376.00000000
0.00005019828321871391998393654937,64.13180150,1367.95251840,2465.36116690,2525.44439418,20,1.004016064257028112449800000,0.9961,210,37,0.996,664,49,2540.465201,"{'ZERO': '0.000100401606425702811244980', 'MAKER_A_0.2BP': '0.000060398390425765781873118', 'MAKER_B_0.5BP': '3.96566517055673320752E-7', 'STRESS_1BP': '-0.0000995984738875510039357510'}",9,0.010040160642570281124498000,1,2026-06-24,187124.00000000,386952.00000000
0.0001004116879204739431669846370,109.31839700,648.05769550,748.52375110,1124.95639262,18,2.008435428800964049005820000,0.996,664,49,0.9958,167,38,1219.064553,"{'ZERO': '0.000200843542880096404900582', 'MAKER_A_0.2BP': '0.000160836309283053141909646', 'MAKER_B_0.5BP': '0.000100828459279988400660304', 'STRESS_1BP': '8.23376188189576302462E-7'}",10,0.020084354288009640490058200,2,2026-06-24,386952.00000000,137224.00000000
0.00005016302984700275896664158515,11.79339650,398.67101320,574.02186670,16012.81379927,78,1.003310926055984749673920000,0.9968,1944,131,0.9967,1274,148,18071.186615,"{'ZERO': '0.000100331092605598474967392', 'MAKER_A_0.2BP': '0.000060327879426157839841096', 'MAKER_B_0.5BP': '3.26059747980796003844E-7', 'STRESS_1BP': '-0.0000996689736063014547346309'}",1,0.010033109260559847496739200,1,2026-06-25,1375121.00000000,1132796.00000000
0.00005016806301108714192545025837,66.74608900,602.32405220,1180.96175110,7480.61291852,67,1.003411599438089504314670000,0.9967,1274,148,0.9966,2213,132,16516.679108,"{'ZERO': '0.000100341159943808950431467', 'MAKER_A_0.2BP': '0.000060337946361682840595646', 'MAKER_B_0.5BP': '3.36126079507784594716E-7', 'STRESS_1BP': '-0.0000996589082813572947341027'}",2,0.010034115994380895043146700,1,2026-06-25,1132796.00000000,1970661.00000000
0.00005015296654797131250313456041,10.22472450,206.39301430,415.25920310,11760.91727801,62,1.003109639883639281773500000,0.997,675,112,0.9969,562,113,29346.136943,"{'ZERO': '0.000100310963988363928177350', 'MAKER_A_0.2BP': '0.000060307751614051879861189', 'MAKER_B_0.5BP': '3.05933143507334614210E-7', 'STRESS_1BP': '-0.0000996890981982150867067973'}",3,0.010031096398836392817735000,1,2026-06-25,779968.00000000,953159.00000000
0.00005017309718528924790527319251,17.26483550,960.15064660,1760.76098255,3964.41318369,60,1.003512293025589563472150000,0.9966,2213,132,0.9965,475,95,5687.953993,"{'ZERO': '0.000100351229302558956347215', 'MAKER_A_0.2BP': '0.000060348015317666551837052', 'MAKER_B_0.5BP': '3.46194431372259786409E-7', 'STRESS_1BP': '-0.0000996488409362776717812413'}",4,0.010035122930255895634721500,1,2026-06-25,1970661.00000000,382509.00000000
0.00005015799769273210613432311782,3.26533900,85.19155300,867.03015800,14337.28754050,51,1.003210272873194221508830000,0.9969,562,113,0.9968,1944,131,26732.208671,"{'ZERO': '0.000100321027287319422150883', 'MAKER_A_0.2BP': '0.000060317814510483466093118', 'MAKER_B_0.5BP': '3.15995436183247017424E-7', 'STRESS_1BP': '-0.0000996790369117181379775345'}",5,0.010032102728731942215088300,1,2026-06-25,953159.00000000,1375121.00000000
0.00005014290728576442862157147871,46.11142400,584.17690040,1956.89770550,21444.81029190,47,1.002908434459933808043330000,0.9972,455,71,0.9971,490,87,36482.115134,"{'ZERO': '0.000100290843445993380804333', 'MAKER_A_0.2BP': '0.000060287631876486931198093', 'MAKER_B_0.5BP': '2.85814613090426613962E-7', 'STRESS_1BP': '-0.0000997092147168795305806898'}",6,0.010029084344599338080433300,1,2026-06-25,130711.00000000,309669.00000000
0.00005014793641241662905571435735,66.22645200,893.65176460,1306.50916700,19042.70807624,43,1.003009027081243731193580000,0.9971,490,87,0.997,675,112,29680.643354,"{'ZERO': '0.000100300902708124373119358', 'MAKER_A_0.2BP': '0.000060297690736255485522185', 'MAKER_B_0.5BP': '2.95872869345499625721E-7', 'STRESS_1BP': '-0.0000996991574663997993380201'}",7,0.010030090270812437311935800,1,2026-06-25,309669.00000000,779968.00000000
0.00005017813236991319183100005018,238.02707850,883.99052700,1122.38313775,2853.45586085,36,1.003613006824568446407070000,0.9965,475,95,0.9964,311,43,3545.015166,"{'ZERO': '0.000100361300682456844640707', 'MAKER_A_0.2BP': '0.000060358086294717301157791', 'MAKER_B_0.5BP': '3.56264804182512672841E-7', 'STRESS_1BP': '-0.0000996387715704543556081967'}",8,0.010036130068245684464070700,1,2026-06-25,382509.00000000,183428.00000000
0.00005013787916771120581599398345,93.39425150,2119.13238910,2694.63807360,5065.81969072,20,1.002807862013638186923390000,0.9973,60,20,0.9972,455,71,5658.615095,"{'ZERO': '0.000100280786201363818692339', 'MAKER_A_0.2BP': '0.000060277575034139108633792', 'MAKER_B_0.5BP': '2.75758374135043749216E-7', 'STRESS_1BP': '-0.0000997192699502612915603746'}",9,0.010028078620136381869233900,1,2026-06-25,31365.00000000,130711.00000000
0.0001003411599438089504314669878,420.77776100,2566.55528360,4100.67238170,13741.51563714,19,2.007024586051179126944310000,0.9967,1274,148,0.9965,475,95,16151.726451,"{'ZERO': '0.000200702458605117912694431', 'MAKER_A_0.2BP': '0.000160695230651332783680503', 'MAKER_B_0.5BP': '0.000100687389112732020197786', 'STRESS_1BP': '6.82320127244676435518E-7'}",10,0.020070245860511791269443100,2,2026-06-25,1132796.00000000,382509.00000000
0.00005014290728576442862157147871,48.74594900,479.80463540,1025.65455480,10216.33501848,95,1.002908434459933808043330000,0.9972,607,116,0.9971,1105,193,34832.423346,"{'ZERO': '0.000100290843445993380804333', 'MAKER_A_0.2BP': '0.000060287631876486931198093', 'MAKER_B_0.5BP': '2.85814613090426613962E-7', 'STRESS_1BP': '-0.0000997092147168795305806898'}",1,0.010029084344599338080433300,1,2026-06-26,1082682.00000000,4378809.00000000
0.00005015296654797131250313456041,60.77448200,613.35034790,1038.96947175,6808.41482856,92,1.003109639883639281773500000,0.997,1561,190,0.9969,1215,164,8313.341419,"{'ZERO': '0.000100310963988363928177350', 'MAKER_A_0.2BP': '0.000060307751614051879861189', 'MAKER_B_0.5BP': '3.05933143507334614210E-7', 'STRESS_1BP': '-0.0000996890981982150867067973'}",2,0.010031096398836392817735000,1,2026-06-26,2179397.00000000,806157.00000000
0.00005014793641241662905571435735,20.21637350,942.09137220,2297.23951325,9478.14058076,88,1.003009027081243731193580000,0.9971,1105,193,0.997,1561,190,16906.616051,"{'ZERO': '0.000100300902708124373119358', 'MAKER_A_0.2BP': '0.000060297690736255485522185', 'MAKER_B_0.5BP': '2.95872869345499625721E-7', 'STRESS_1BP': '-0.0000996991574663997993380201'}",3,0.010030090270812437311935800,1,2026-06-26,4378809.00000000,2179397.00000000
0.00005015799769273210613432311782,29.90214600,238.78447400,510.46577200,3678.51458740,61,1.003210272873194221508830000,0.9969,1215,164,0.9968,524,84,7925.579278,"{'ZERO': '0.000100321027287319422150883', 'MAKER_A_0.2BP': '0.000060317814510483466093118', 'MAKER_B_0.5BP': '3.15995436183247017424E-7', 'STRESS_1BP': '-0.0000996790369117181379775345'}",4,0.010032102728731942215088300,1,2026-06-26,806157.00000000,1981685.00000000
0.00005010773162298942726862754923,0.00791200,0.00981120,0.05778060,22.82330420,33,1.002204850671477249949890000,0.9979,194,36,0.9978,105,52,33.526309,"{'ZERO': '0.000100220485067147724994989', 'MAKER_A_0.2BP': '0.000060217276311920143637616', 'MAKER_B_0.5BP': '2.15463269730881064686E-7', 'STRESS_1BP': '-0.0000997795590254564441330972'}",5,0.010022048506714772499498900,1,2026-06-26,1242036.00000000,1853834.00000000
0.0001002908434459933808043325644,128.66489250,862.18390070,7013.54905995,26767.78805999,32,2.006018054162487462387160000,0.9972,607,116,0.997,1561,190,34830.426988,"{'ZERO': '0.000200601805416248746238716', 'MAKER_A_0.2BP': '0.000160594581488510651050770', 'MAKER_B_0.5BP': '0.000100586745988678499876410', 'STRESS_1BP': '5.81687067000421321960E-7'}",6,0.020060180541624874623871600,2,2026-06-26,1082682.00000000,2179397.00000000
0.0001002807862013638186923385479,24.85104300,3694.21628160,16921.10858040,43101.38335210,23,2.005816868919867616086650000,0.9973,132,31,0.9971,1105,193,50097.439462,"{'ZERO': '0.000200581686891986761608665', 'MAKER_A_0.2BP': '0.000160574463768973542402585', 'MAKER_B_0.5BP': '0.000100566629476168353852892', 'STRESS_1BP': '5.61572566040958836621E-7'}",7,0.020058168689198676160866500,2,2026-06-26,34544.00000000,4378809.00000000
0.00005011275369581558506639939865,17.21979600,309.23018380,383.24440220,468.30650796,23,1.002305302195048611807160000,0.9978,105,52,0.9977,130,25,490.064856,"{'ZERO': '0.000100230530219504861180716', 'MAKER_A_0.2BP': '0.000060227321062479221499062', 'MAKER_B_0.5BP': '2.25507417623004787417E-7', 'STRESS_1BP': '-0.0000997695158819288964157608'}",8,0.010023053021950486118071600,1,2026-06-26,1853834.00000000,1439435.00000000
0.00005016302984700275896664158515,28.96909100,746.2648540,789.13597190,1778.61374362,22,1.003310926055984749673920000,0.9968,524,84,0.9967,308,40,2041.15723,"{'ZERO': '0.000100331092605598474967392', 'MAKER_A_0.2BP': '0.000060327879426157839841096', 'MAKER_B_0.5BP': '3.26059747980796003844E-7', 'STRESS_1BP': '-0.0000996689736063014547346309'}",9,0.010033109260559847496739200,1,2026-06-26,1981685.00000000,162556.00000000
0.00005016806301108714192545025837,28.10559250,298.64834870,441.1785515,1199.5448783,20,1.003411599438089504314670000,0.9967,308,40,0.9966,54,22,1389.13646,"{'ZERO': '0.000100341159943808950431467', 'MAKER_A_0.2BP': '0.000060337946361682840595646', 'MAKER_B_0.5BP': '3.36126079507784594716E-7', 'STRESS_1BP': '-0.0000996589082813572947341027'}",10,0.010034115994380895043146700,1,2026-06-26,162556.00000000,12329.00000000
0.00005013285205795357697899433499,34.75926700,351.25857300,541.88784625,1594.51402008,160,1.002707309736287977539360000,0.9974,1705,315,0.9973,684,177,4882.061747,"{'ZERO': '0.000100270730973628797753936', 'MAKER_A_0.2BP': '0.000060267520208605153074919', 'MAKER_B_0.5BP': '2.65704151872522687914E-7', 'STRESS_1BP': '-0.0000997293231671518499408457'}",1,0.010027073097362879775393600,1,2026-06-27,764835.00000000,303169.00000000
0.00005012782595618828011429144318,39.88911700,521.92793900,1347.19047550,5755.31687800,151,1.002606777621816723481050000,0.9975,566,193,0.9974,1705,315,13102.103243,"{'ZERO': '0.000100260677762181672348105', 'MAKER_A_0.2BP': '0.000060257467399278443145795', 'MAKER_B_0.5BP': '2.55651945696278450565E-7', 'STRESS_1BP': '-0.0000997393743681577300461251'}",2,0.010026067776218167234810500,1,2026-06-27,388984.00000000,764835.00000000
0.00005012280086211217482832940705,226.32122900,1413.85011300,3610.22769800,21161.59454160,41,1.002506265664160401002510000,0.9976,140,58,0.9975,566,193,32597.992958,"{'ZERO': '0.000100250626566416040100251', 'MAKER_A_0.2BP': '0.000060247416605552600727434', 'MAKER_B_0.5BP': '2.45601754999969299781E-7', 'STRESS_1BP': '-0.0000997494235538852129824612'}",3,0.010025062656641604010025100,1,2026-06-27,160614.00000000,388984.00000000
0.0001002606777621816723481050732,51.00033600,2924.54623760,7700.18303120,12448.95494878,23,2.005414619472575955078710000,0.9975,566,193,0.9973,684,177,13640.573751,"{'ZERO': '0.000200541461947257595507871', 'MAKER_A_0.2BP': '0.000160534240433209986156238', 'MAKER_B_0.5BP': '0.000100526408553732546000796', 'STRESS_1BP': '5.21355665496320116309E-7'}",4,0.020054146194725759550787100,2,2026-06-27,388984.00000000,303169.00000000
0.0001002506265664160401002506266,45.90817300,3428.94417300,4082.10400760,27409.61581392,23,2.005213555243633446962100000,0.9976,140,58,0.9974,1705,315,33977.765196,"{'ZERO': '0.000200521355524363344696210', 'MAKER_A_0.2BP': '0.000160514134814556566297990', 'MAKER_B_0.5BP': '0.000100506304141380057526099', 'STRESS_1BP': '5.01253263484559905750E-7'}",5,0.020052135552436334469621000,2,2026-06-27,160614.00000000,764835.00000000
0.00005011777677542224226933293239,49.83960900,8476.89132020,23508.27516460,35533.38224012,9,1.002405773857257417802730000,0.9977,122,10,0.9976,140,58,38539.659009,"{'ZERO': '0.000100240577385725741780273', 'MAKER_A_0.2BP': '0.000060237367826821490835620', 'MAKER_B_0.5BP': '2.35553579177496618353E-7', 'STRESS_1BP': '-0.0000997594707249403367602293'}",6,0.010024057738572574178027300,1,2026-06-27,102675.00000000,160614.00000000
0.0001002305302195048611807156460,400.04879300,31171.51629620,35017.94973410,38095.09648442,3,2.004811547714514835605450000,0.9978,28,4,0.9976,140,58,38864.383172,"{'ZERO': '0.000200481154771451483560545', 'MAKER_A_0.2BP': '0.000160473935669642661677641', 'MAKER_B_0.5BP': '0.000100466107408342493861674', 'STRESS_1BP': '4.61060549919346477542E-7'}",7,0.020048115477145148356054500,2,2026-06-27,6928.00000000,160614.00000000
0.0001503834778685648403428743295,15306.82391150,27377.04591830,28885.82366915,30092.84586983,2,3.008121929208863932618070000,0.9976,140,58,0.9973,684,177,30394.60142,"{'ZERO': '0.000300812192920886393261807', 'MAKER_A_0.2BP': '0.000260800960657814819237557', 'MAKER_B_0.5BP': '0.000200787112955592569313678', 'STRESS_1BP': '0.000100772034498144490173463'}",8,0.030081219292088639326180700,3,2026-06-27,160614.00000000,303169.00000000
0.0001002405773857257417802726544,19770.07224250,35022.27442850,36928.79970175,38454.01992035,2,2.005012531328320802005010000,0.9977,122,10,0.9975,566,193,38835.324975,"{'ZERO': '0.000200501253132832080200501', 'MAKER_A_0.2BP': '0.000160494033227104881461268', 'MAKER_B_0.5BP': '0.000100486203759987439224530', 'STRESS_1BP': '4.81154892029594033078E-7'}",9,0.020050125313283208020050100,2,2026-06-27,102675.00000000,388984.00000000
0.00005011275369581558506639939865,166.18015450,293.01536130,308.86976215,321.55328283,2,1.002305302195048611807160000,0.9978,28,4,0.9977,122,10,324.724163,"{'ZERO': '0.000100230530219504861180716', 'MAKER_A_0.2BP': '0.000060227321062479221499062', 'MAKER_B_0.5BP': '2.25507417623004787417E-7', 'STRESS_1BP': '-0.0000997695158819288964157608'}",10,0.010023053021950486118071600,1,2026-06-27,6928.00000000,102675.00000000
0.00005012782595618828011429144318,20.31283700,56.17324420,359.38509980,2508.21405244,277,1.002606777621816723481050000,0.9975,1532,383,0.9974,1384,349,14104.363964,"{'ZERO': '0.000100260677762181672348105', 'MAKER_A_0.2BP': '0.000060257467399278443145795', 'MAKER_B_0.5BP': '2.55651945696278450565E-7', 'STRESS_1BP': '-0.0000997393743681577300461251'}",1,0.010026067776218167234810500,1,2026-06-28,2683287.00000000,7203629.00000000
0.00005011275369581558506639939865,0.00779200,161.04568700,326.23184400,16123.26903560,141,1.002305302195048611807160000,0.9978,893,174,0.9977,603,177,33343.516378,"{'ZERO': '0.000100230530219504861180716', 'MAKER_A_0.2BP': '0.000060227321062479221499062', 'MAKER_B_0.5BP': '2.25507417623004787417E-7', 'STRESS_1BP': '-0.0000997695158819288964157608'}",2,0.010023053021950486118071600,1,2026-06-28,3245972.00000000,4701281.00000000
0.00005012280086211217482832940705,48.99264800,762.02501200,1577.79259150,16097.17724306,83,1.002506265664160401002510000,0.9976,558,174,0.9975,1532,383,18421.29969,"{'ZERO': '0.000100250626566416040100251', 'MAKER_A_0.2BP': '0.000060247416605552600727434', 'MAKER_B_0.5BP': '2.45601754999969299781E-7', 'STRESS_1BP': '-0.0000997494235538852129824612'}",3,0.010025062656641604010025100,1,2026-06-28,3805174.00000000,2683287.00000000
0.00005011777677542224226933293239,0.00837200,487.09948820,1628.55258580,26181.05257951,58,1.002405773857257417802730000,0.9977,603,177,0.9976,558,174,28424.687125,"{'ZERO': '0.000100240577385725741780273', 'MAKER_A_0.2BP': '0.000060237367826821490835620', 'MAKER_B_0.5BP': '2.35553579177496618353E-7', 'STRESS_1BP': '-0.0000997594707249403367602293'}",4,0.010024057738572574178027300,1,2026-06-28,4701281.00000000,3805174.00000000
0.00005013787916771120581599398345,13.12524300,202.87801920,346.16152420,587.46181396,53,1.002807862013638186923390000,0.9973,511,133,0.9972,236,57,658.850587,"{'ZERO': '0.000100280786201363818692339', 'MAKER_A_0.2BP': '0.000060277575034139108633792', 'MAKER_B_0.5BP': '2.75758374135043749216E-7', 'STRESS_1BP': '-0.0000997192699502612915603746'}",5,0.010028078620136381869233900,1,2026-06-28,5554596.00000000,84067.00000000
0.00005013285205795357697899433499,57.66636500,983.61826500,1376.96771420,6416.96391594,47,1.002707309736287977539360000,0.9974,1384,349,0.9973,511,133,10055.465159,"{'ZERO': '0.000100270730973628797753936', 'MAKER_A_0.2BP': '0.000060267520208605153074919', 'MAKER_B_0.5BP': '2.65704151872522687914E-7', 'STRESS_1BP': '-0.0000997293231671518499408457'}",6,0.010027073097362879775393600,1,2026-06-28,7203629.00000000,5554596.00000000
0.0001002506265664160401002506266,48.99874600,418.76657340,4599.99267680,16999.63332044,45,2.005213555243633446962100000,0.9976,558,174,0.9974,1384,349,18071.056651,"{'ZERO': '0.000200521355524363344696210', 'MAKER_A_0.2BP': '0.000160514134814556566297990', 'MAKER_B_0.5BP': '0.000100506304141380057526099', 'STRESS_1BP': '5.01253263484559905750E-7'}",7,0.020052135552436334469621000,2,2026-06-28,3805174.00000000,7203629.00000000
0.00005009769049646811281999899805,0.00783500,0.00861280,0.00957710,19736.04304224,43,1.002004008016032064128260000,0.9981,189,48,0.998,109,47,34016.508624,"{'ZERO': '0.000100200400801603206412826', 'MAKER_A_0.2BP': '0.000060197192849730179745102', 'MAKER_B_0.5BP': '1.95381012512500627474E-7', 'STRESS_1BP': '-0.0000997996392745494989579198'}",8,0.010020040080160320641282600,1,2026-06-28,1433851.00000000,5641896.00000000
0.0001002606777621816723481050732,51.99902100,620.58003200,5192.25225800,10700.50868480,41,2.005414619472575955078710000,0.9975,1532,383,0.9973,511,133,14163.87688,"{'ZERO': '0.000200541461947257595507871', 'MAKER_A_0.2BP': '0.000160534240433209986156238', 'MAKER_B_0.5BP': '0.000100526408553732546000796', 'STRESS_1BP': '5.21355665496320116309E-7'}",9,0.020054146194725759550787100,2,2026-06-28,2683287.00000000,5554596.00000000
0.0001002305302195048611807156460,0.00382000,362.92839020,5989.33283500,30960.13309644,37,2.004811547714514835605450000,0.9978,893,174,0.9976,558,174,33698.104131,"{'ZERO': '0.000200481154771451483560545', 'MAKER_A_0.2BP': '0.000160473935669642661677641', 'MAKER_B_0.5BP': '0.000100466107408342493861674', 'STRESS_1BP': '4.61060549919346477542E-7'}",10,0.020048115477145148356054500,2,2026-06-28,3245972.00000000,3805174.00000000
0.00005014793641241662905571435735,46.42533600,467.69831800,866.69184325,4510.64062895,116,1.003009027081243731193580000,0.9971,1972,225,0.997,1245,190,13528.412714,"{'ZERO': '0.000100300902708124373119358', 'MAKER_A_0.2BP': '0.000060297690736255485522185', 'MAKER_B_0.5BP': '2.95872869345499625721E-7', 'STRESS_1BP': '-0.0000996991574663997993380201'}",1,0.010030090270812437311935800,1,2026-06-29,1220146.00000000,694420.00000000
0.00005014290728576442862157147871,59.45534700,395.60450920,637.97591840,1122.41131708,105,1.002908434459933808043330000,0.9972,853,150,0.9971,1972,225,5845.820822,"{'ZERO': '0.000100290843445993380804333', 'MAKER_A_0.2BP': '0.000060287631876486931198093', 'MAKER_B_0.5BP': '2.85814613090426613962E-7', 'STRESS_1BP': '-0.0000997092147168795305806898'}",2,0.010029084344599338080433300,1,2026-06-29,528502.00000000,1220146.00000000
0.00005015296654797131250313456041,14.71459050,397.81923070,1523.46494370,7262.54773173,60,1.003109639883639281773500000,0.997,1245,190,0.9969,638,97,11025.827363,"{'ZERO': '0.000100310963988363928177350', 'MAKER_A_0.2BP': '0.000060307751614051879861189', 'MAKER_B_0.5BP': '3.05933143507334614210E-7', 'STRESS_1BP': '-0.0000996890981982150867067973'}",3,0.010031096398836392817735000,1,2026-06-29,694420.00000000,467395.00000000
0.00005016302984700275896664158515,78.4630200,367.00817960,601.99339430,1218.62798272,43,1.003310926055984749673920000,0.9968,654,67,0.9967,521,55,1339.618741,"{'ZERO': '0.000100331092605598474967392', 'MAKER_A_0.2BP': '0.000060327879426157839841096', 'MAKER_B_0.5BP': '3.26059747980796003844E-7', 'STRESS_1BP': '-0.0000996689736063014547346309'}",4,0.010033109260559847496739200,1,2026-06-29,425648.00000000,371211.00000000
0.00005013787916771120581599398345,42.90051700,934.32191860,8085.89586220,18512.03639548,29,1.002807862013638186923390000,0.9973,260,38,0.9972,853,150,20908.034891,"{'ZERO': '0.000100280786201363818692339', 'MAKER_A_0.2BP': '0.000060277575034139108633792', 'MAKER_B_0.5BP': '2.75758374135043749216E-7', 'STRESS_1BP': '-0.0000997192699502612915603746'}",5,0.010028078620136381869233900,1,2026-06-29,97118.00000000,528502.00000000
0.0001002908434459933808043325644,73.94720150,786.24298910,878.47809240,4451.62154466,28,2.006018054162487462387160000,0.9972,853,150,0.997,1245,190,5770.787907,"{'ZERO': '0.000200601805416248746238716', 'MAKER_A_0.2BP': '0.000160594581488510651050770', 'MAKER_B_0.5BP': '0.000100586745988678499876410', 'STRESS_1BP': '5.81687067000421321960E-7'}",6,0.020060180541624874623871600,2,2026-06-29,528502.00000000,694420.00000000
0.00005015799769273210613432311782,19.21469750,485.33033100,630.65434575,5406.94671650,26,1.003210272873194221508830000,0.9969,638,97,0.9968,654,67,6984.343153,"{'ZERO': '0.000100321027287319422150883', 'MAKER_A_0.2BP': '0.000060317814510483466093118', 'MAKER_B_0.5BP': '3.15995436183247017424E-7', 'STRESS_1BP': '-0.0000996790369117181379775345'}",7,0.010032102728731942215088300,1,2026-06-29,467395.00000000,425648.00000000
0.0001003009027081243731193580742,122.64238300,1705.14561720,5594.43222900,11881.62742500,19,2.006219279767278563547000000,0.9971,1972,225,0.9969,638,97,13453.426224,"{'ZERO': '0.000200621927976727856354700', 'MAKER_A_0.2BP': '0.000160614703244103439728778', 'MAKER_B_0.5BP': '0.000100606866537002169853389', 'STRESS_1BP': '6.01805603369846584406E-7'}",8,0.020062192797672785635470000,2,2026-06-29,1220146.00000000,467395.00000000
0.00005016806301108714192545025837,16.95864800,70.82593460,195.09153060,335.53649172,13,1.003411599438089504314670000,0.9967,521,55,0.9966,23,14,370.647732,"{'ZERO': '0.000100341159943808950431467', 'MAKER_A_0.2BP': '0.000060337946361682840595646', 'MAKER_B_0.5BP': '3.36126079507784594716E-7', 'STRESS_1BP': '-0.0000996589082813572947341027'}",9,0.010034115994380895043146700,1,2026-06-29,371211.00000000,19250.00000000
0.0001003109639883639281773497843,14.81467300,362.74831500,5613.54487650,9814.18212570,11,2.006420545746388443017660000,0.997,1245,190,0.9968,654,67,10864.341438,"{'ZERO': '0.000200642054574638844301766', 'MAKER_A_0.2BP': '0.000160634829036966612192636', 'MAKER_B_0.5BP': '0.000100626991122353994659818', 'STRESS_1BP': '6.21928176363744042931E-7'}",10,0.020064205457463884430176600,2,2026-06-29,694420.00000000,425648.00000000
0.00005017309718528924790527319251,70.16770700,489.67305400,924.19702660,2536.88717324,157,1.003512293025589563472150000,0.9966,1511,218,0.9965,1832,212,3826.698065,"{'ZERO': '0.000100351229302558956347215', 'MAKER_A_0.2BP': '0.000060348015317666551837052', 'MAKER_B_0.5BP': '3.46194431372259786409E-7', 'STRESS_1BP': '-0.0000996488409362776717812413'}",1,0.010035122930255895634721500,1,2026-06-30,870298.00000000,1487862.00000000
0.00005017813236991319183100005018,47.72237800,328.84949550,496.10700300,3413.66287855,56,1.003613006824568446407070000,0.9965,1832,212,0.9964,742,73,6461.391474,"{'ZERO': '0.000100361300682456844640707', 'MAKER_A_0.2BP': '0.000060358086294717301157791', 'MAKER_B_0.5BP': '3.56264804182512672841E-7', 'STRESS_1BP': '-0.0000996387715704543556081967'}",2,0.010036130068245684464070700,1,2026-06-30,1487862.00000000,418253.00000000
0.00005016806301108714192545025837,92.84148500,1649.87897520,9076.19821400,17594.38173124,49,1.003411599438089504314670000,0.9967,526,68,0.9966,1511,218,18820.273645,"{'ZERO': '0.000100341159943808950431467', 'MAKER_A_0.2BP': '0.000060337946361682840595646', 'MAKER_B_0.5BP': '3.36126079507784594716E-7', 'STRESS_1BP': '-0.0000996589082813572947341027'}",3,0.010034115994380895043146700,1,2026-06-30,259136.00000000,870298.00000000
0.0001003512293025589563472152534,153.79388300,2690.75853760,2890.15132090,3567.35422266,23,2.007226013649136892814130000,0.9966,1511,218,0.9964,742,73,3757.771933,"{'ZERO': '0.000200722601364913689281413', 'MAKER_A_0.2BP': '0.000160715372605434282321981', 'MAKER_B_0.5BP': '0.000100707529858352525970650', 'STRESS_1BP': '7.02458858891308781607E-7'}",4,0.020072260136491368928141300,2,2026-06-30,870298.00000000,418253.00000000
0.00005016302984700275896664158515,155.13708200,1200.54733150,8507.35387310,40413.21221462,18,1.003310926055984749673920000,0.9968,371,30,0.9967,526,68,48389.6768,"{'ZERO': '0.000100331092605598474967392', 'MAKER_A_0.2BP': '0.000060327879426157839841096', 'MAKER_B_0.5BP': '3.26059747980796003844E-7', 'STRESS_1BP': '-0.0000996689736063014547346309'}",5,0.010033109260559847496739200,1,2026-06-30,438815.00000000,259136.00000000
0.00005015799769273210613432311782,531.31822700,1829.18099400,2003.89505550,2143.66630470,11,1.003210272873194221508830000,0.9969,117,22,0.9968,371,30,2178.609117,"{'ZERO': '0.000100321027287319422150883', 'MAKER_A_0.2BP': '0.000060317814510483466093118', 'MAKER_B_0.5BP': '3.15995436183247017424E-7', 'STRESS_1BP': '-0.0000996790369117181379775345'}",6,0.010032102728731942215088300,1,2026-06-30,169651.00000000,438815.00000000
0.00005015296654797131250313456041,0.57791800,6.81332400,893.97890900,1603.71137700,11,1.003109639883639281773500000,0.997,120,18,0.9969,117,22,1781.144494,"{'ZERO': '0.000100310963988363928177350', 'MAKER_A_0.2BP': '0.000060307751614051879861189', 'MAKER_B_0.5BP': '3.05933143507334614210E-7', 'STRESS_1BP': '-0.0000996890981982150867067973'}",7,0.010031096398836392817735000,1,2026-06-30,134325.00000000,169651.00000000
0.0001003411599438089504314669878,5307.08523550,17209.38088290,18036.97868995,18699.05693559,8,2.007024586051179126944310000,0.9967,526,68,0.9965,1832,212,18864.576497,"{'ZERO': '0.000200702458605117912694431', 'MAKER_A_0.2BP': '0.000160695230651332783680503', 'MAKER_B_0.5BP': '0.000100687389112732020197786', 'STRESS_1BP': '6.82320127244676435518E-7'}",8,0.020070245860511791269443100,2,2026-06-30,259136.00000000,1487862.00000000
0.0001003210272873194221508828250,1011.40474700,1519.73007750,1659.64081125,1771.56939825,6,2.006621852111969499347850000,0.9969,117,22,0.9967,526,68,1799.551545,"{'ZERO': '0.000200662185211196949934785', 'MAKER_A_0.2BP': '0.000160654958868315359688592', 'MAKER_B_0.5BP': '0.000100647119745949092632656', 'STRESS_1BP': '6.42054787197110528738E-7'}",9,0.020066218521119694993478500,2,2026-06-30,169651.00000000,259136.00000000
0.00005014793641241662905571435735,10.82640850,48.25477800,53.11614250,57.00523410,6,1.003009027081243731193580000,0.9971,50,7,0.997,120,18,57.977507,"{'ZERO': '0.000100300902708124373119358', 'MAKER_A_0.2BP': '0.000060297690736255485522185', 'MAKER_B_0.5BP': '2.95872869345499625721E-7', 'STRESS_1BP': '-0.0000996991574663997993380201'}",10,0.010030090270812437311935800,1,2026-06-30,42336.00000000,134325.00000000
0.00005013285205795357697899433499,58.16618900,326.22365010,575.42670620,1851.71485633,54,1.002707309736287977539360000,0.9974,586,72,0.9973,367,75,2737.938053,"{'ZERO': '0.000100270730973628797753936', 'MAKER_A_0.2BP': '0.000060267520208605153074919', 'MAKER_B_0.5BP': '2.65704151872522687914E-7', 'STRESS_1BP': '-0.0000997293231671518499408457'}",1,0.010027073097362879775393600,1,2026-07-01,332003.00000000,291645.00000000
0.00005015799769273210613432311782,90.94491650,455.16511890,890.51345635,2299.36447087,50,1.003210272873194221508830000,0.9969,422,63,0.9968,421,63,2799.392486,"{'ZERO': '0.000100321027287319422150883', 'MAKER_A_0.2BP': '0.000060317814510483466093118', 'MAKER_B_0.5BP': '3.15995436183247017424E-7', 'STRESS_1BP': '-0.0000996790369117181379775345'}",2,0.010032102728731942215088300,1,2026-07-01,157108.00000000,172957.00000000
0.00005016806301108714192545025837,47.79504500,1073.83120060,2060.98276180,6178.62588489,44,1.003411599438089504314670000,0.9967,286,64,0.9966,738,75,7620.002043,"{'ZERO': '0.000100341159943808950431467', 'MAKER_A_0.2BP': '0.000060337946361682840595646', 'MAKER_B_0.5BP': '3.36126079507784594716E-7', 'STRESS_1BP': '-0.0000996589082813572947341027'}",3,0.010034115994380895043146700,1,2026-07-01,155290.00000000,294379.00000000
0.00005017309718528924790527319251,64.28622000,432.92907880,984.83283170,1341.78736318,35,1.003512293025589563472150000,0.9966,738,75,0.9965,195,40,1357.09497,"{'ZERO': '0.000100351229302558956347215', 'MAKER_A_0.2BP': '0.000060348015317666551837052', 'MAKER_B_0.5BP': '3.46194431372259786409E-7', 'STRESS_1BP': '-0.0000996488409362776717812413'}",4,0.010035122930255895634721500,1,2026-07-01,294379.00000000,83470.00000000
0.00005012280086211217482832940705,43.81534550,539.53981780,1051.08712885,12477.47250916,30,1.002506265664160401002510000,0.9976,254,32,0.9975,298,47,17063.901649,"{'ZERO': '0.000100250626566416040100251', 'MAKER_A_0.2BP': '0.000060247416605552600727434', 'MAKER_B_0.5BP': '2.45601754999969299781E-7', 'STRESS_1BP': '-0.0000997494235538852129824612'}",5,0.010025062656641604010025100,1,2026-07-01,150650.00000000,741445.00000000
0.00005013787916771120581599398345,51.49063800,685.36350200,808.03641800,871.52828840,21,1.002807862013638186923390000,0.9973,367,75,0.9972,146,29,887.401256,"{'ZERO': '0.000100280786201363818692339', 'MAKER_A_0.2BP': '0.000060277575034139108633792', 'MAKER_B_0.5BP': '2.75758374135043749216E-7', 'STRESS_1BP': '-0.0000997192699502612915603746'}",6,0.010028078620136381869233900,1,2026-07-01,291645.00000000,137094.00000000
0.00005012782595618828011429144318,206.42287150,2339.01503880,5488.13478730,8512.78279906,18,1.002606777621816723481050000,0.9975,298,47,0.9974,586,72,9268.944802,"{'ZERO': '0.000100260677762181672348105', 'MAKER_A_0.2BP': '0.000060257467399278443145795', 'MAKER_B_0.5BP': '2.55651945696278450565E-7', 'STRESS_1BP': '-0.0000997393743681577300461251'}",7,0.010026067776218167234810500,1,2026-07-01,741445.00000000,332003.00000000
0.00005015296654797131250313456041,19.36047350,648.68309750,3997.86369725,11216.85099065,16,1.003109639883639281773500000,0.997,291,28,0.9969,422,63,13021.597814,"{'ZERO': '0.000100310963988363928177350', 'MAKER_A_0.2BP': '0.000060307751614051879861189', 'MAKER_B_0.5BP': '3.05933143507334614210E-7', 'STRESS_1BP': '-0.0000996890981982150867067973'}",8,0.010031096398836392817735000,1,2026-07-01,240445.00000000,157108.00000000
0.00005016302984700275896664158515,157.75793000,958.58433160,9916.20628900,20585.65801780,13,1.003310926055984749673920000,0.9968,421,63,0.9967,286,64,23253.02095,"{'ZERO': '0.000100331092605598474967392', 'MAKER_A_0.2BP': '0.000060327879426157839841096', 'MAKER_B_0.5BP': '3.26059747980796003844E-7', 'STRESS_1BP': '-0.0000996689736063014547346309'}",9,0.010033109260559847496739200,1,2026-07-01,172957.00000000,155290.00000000
0.0001003109639883639281773497843,240.41999500,775.59134400,8298.29082200,14316.45040440,11,2.006420545746388443017660000,0.997,291,28,0.9968,421,63,15820.9903,"{'ZERO': '0.000200642054574638844301766', 'MAKER_A_0.2BP': '0.000160634829036966612192636', 'MAKER_B_0.5BP': '0.000100626991122353994659818', 'STRESS_1BP': '6.21928176363744042931E-7'}",10,0.020064205457463884430176600,2,2026-07-01,240445.00000000,172957.00000000
0.00005013787916771120581599398345,66.36924950,536.66042850,867.08662210,3339.11358378,170,1.002807862013638186923390000,0.9973,1254,178,0.9972,2905,239,11235.095738,"{'ZERO': '0.000100280786201363818692339', 'MAKER_A_0.2BP': '0.000060277575034139108633792', 'MAKER_B_0.5BP': '2.75758374135043749216E-7', 'STRESS_1BP': '-0.0000997192699502612915603746'}",1,0.010028078620136381869233900,1,2026-07-02,688599.00000000,1616616.00000000
0.00005014793641241662905571435735,44.77464200,355.73004120,568.00642080,973.59196932,105,1.003009027081243731193580000,0.9971,903,177,0.997,820,111,1619.544614,"{'ZERO': '0.000100300902708124373119358', 'MAKER_A_0.2BP': '0.000060297690736255485522185', 'MAKER_B_0.5BP': '2.95872869345499625721E-7', 'STRESS_1BP': '-0.0000996991574663997993380201'}",2,0.010030090270812437311935800,1,2026-07-02,798631.00000000,575832.00000000
0.00005014290728576442862157147871,49.26034850,272.70420930,358.71747590,4336.50257728,70,1.002908434459933808043330000,0.9972,2905,239,0.9971,903,177,8053.876465,"{'ZERO': '0.000100290843445993380804333', 'MAKER_A_0.2BP': '0.000060287631876486931198093', 'MAKER_B_0.5BP': '2.85814613090426613962E-7', 'STRESS_1BP': '-0.0000997092147168795305806898'}",3,0.010029084344599338080433300,1,2026-07-02,1616616.00000000,798631.00000000
0.0001002807862013638186923385479,192.42699600,3495.27760900,7457.40994900,10479.15457300,17,2.005816868919867616086650000,0.9973,1254,178,0.9971,903,177,11234.590729,"{'ZERO': '0.000200581686891986761608665', 'MAKER_A_0.2BP': '0.000160574463768973542402585', 'MAKER_B_0.5BP': '0.000100566629476168353852892', 'STRESS_1BP': '5.61572566040958836621E-7'}",4,0.020058168689198676160866500,2,2026-07-02,688599.00000000,798631.00000000
0.0001002908434459933808043325644,222.30762750,2633.78713850,5341.73426225,7508.09196125,10,2.006018054162487462387160000,0.9972,2905,239,0.997,820,111,8049.681386,"{'ZERO': '0.000200601805416248746238716', 'MAKER_A_0.2BP': '0.000160594581488510651050770', 'MAKER_B_0.5BP': '0.000100586745988678499876410', 'STRESS_1BP': '5.81687067000421321960E-7'}",5,0.020060180541624874623871600,2,2026-07-02,1616616.00000000,575832.00000000
0.00005013285205795357697899433499,593.54156650,19619.68238750,38708.89213025,53980.25992445,8,1.002707309736287977539360000,0.9974,14,11,0.9973,1254,178,57798.101873,"{'ZERO': '0.000100270730973628797753936', 'MAKER_A_0.2BP': '0.000060267520208605153074919', 'MAKER_B_0.5BP': '2.65704151872522687914E-7', 'STRESS_1BP': '-0.0000997293231671518499408457'}",6,0.010027073097362879775393600,1,2026-07-02,3133.00000000,688599.00000000
0.0001003009027081243731193580742,20.37483550,35.78601350,36.80634675,37.62261335,6,2.006219279767278563547000000,0.9971,903,177,0.9969,9,6,37.82668,"{'ZERO': '0.000200621927976727856354700', 'MAKER_A_0.2BP': '0.000160614703244103439728778', 'MAKER_B_0.5BP': '0.000100606866537002169853389', 'STRESS_1BP': '6.01805603369846584406E-7'}",7,0.020062192797672785635470000,2,2026-07-02,798631.00000000,21558.00000000
0.0001002707309736287977539356262,604.99181950,30499.74617650,44192.49663425,55146.69700045,6,2.005615724027276373846770000,0.9974,14,11,0.9972,2905,239,57885.247092,"{'ZERO': '0.000200561572402727637384677', 'MAKER_A_0.2BP': '0.000160554350084277897273984', 'MAKER_B_0.5BP': '0.000100546516998257588123402', 'STRESS_1BP': '5.41462099277436877251E-7'}",8,0.020056157240272763738467700,2,2026-07-02,3133.00000000,1616616.00000000
0.00005015296654797131250313456041,57.44606800,197.38763210,215.38079555,229.77532631,4,1.003109639883639281773500000,0.997,820,111,0.9969,9,6,233.373959,"{'ZERO': '0.000100310963988363928177350', 'MAKER_A_0.2BP': '0.000060307751614051879861189', 'MAKER_B_0.5BP': '3.05933143507334614210E-7', 'STRESS_1BP': '-0.0000996890981982150867067973'}",9,0.010031096398836392817735000,1,2026-07-02,575832.00000000,21558.00000000
0.0001504287218572932858647144361,8534.21359800,10691.15923960,10960.77744480,11176.47200896,2,3.009027081243731193580740000,0.9973,1254,178,0.997,820,111,11230.39565,"{'ZERO': '0.000300902708124373119358074', 'MAKER_A_0.2BP': '0.000260891472240765816579355', 'MAKER_B_0.5BP': '0.000200877619108011500127100', 'STRESS_1BP': '0.000100862531600400641981940'}",10,0.030090270812437311935807400,3,2026-07-02,688599.00000000,575832.00000000
0.00005014793641241662905571435735,35.22170100,389.97434580,577.55920060,1238.97556780,113,1.003009027081243731193580000,0.9971,1599,184,0.997,1219,187,10402.638944,"{'ZERO': '0.000100300902708124373119358', 'MAKER_A_0.2BP': '0.000060297690736255485522185', 'MAKER_B_0.5BP': '2.95872869345499625721E-7', 'STRESS_1BP': '-0.0000996991574663997993380201'}",1,0.010030090270812437311935800,1,2026-07-03,738003.00000000,579882.00000000
0.00005012782595618828011429144318,8.06189100,253.39912600,399.69338520,4614.22242824,89,1.002606777621816723481050000,0.9975,355,94,0.9974,603,148,6110.73415,"{'ZERO': '0.000100260677762181672348105', 'MAKER_A_0.2BP': '0.000060257467399278443145795', 'MAKER_B_0.5BP': '2.55651945696278450565E-7', 'STRESS_1BP': '-0.0000997393743681577300461251'}",2,0.010026067776218167234810500,1,2026-07-03,203447.00000000,381456.00000000
0.00005015296654797131250313456041,20.34120800,140.16827280,217.20982945,705.60192345,74,1.003109639883639281773500000,0.997,1219,187,0.9969,172,78,1086.683265,"{'ZERO': '0.000100310963988363928177350', 'MAKER_A_0.2BP': '0.000060307751614051879861189', 'MAKER_B_0.5BP': '3.05933143507334614210E-7', 'STRESS_1BP': '-0.0000996890981982150867067973'}",3,0.010031096398836392817735000,1,2026-07-03,579882.00000000,77276.00000000
0.00005014290728576442862157147871,53.28153150,421.78917740,4495.85687485,10095.48442788,72,1.002908434459933808043330000,0.9972,315,82,0.9971,1599,184,21397.005116,"{'ZERO': '0.000100290843445993380804333', 'MAKER_A_0.2BP': '0.000060287631876486931198093', 'MAKER_B_0.5BP': '2.85814613090426613962E-7', 'STRESS_1BP': '-0.0000997092147168795305806898'}",4,0.010029084344599338080433300,1,2026-07-03,278297.00000000,738003.00000000
0.00005013285205795357697899433499,6.26087050,221.85240400,323.44097005,1373.51849357,64,1.002707309736287977539360000,0.9974,603,148,0.9973,350,72,1574.868296,"{'ZERO': '0.000100270730973628797753936', 'MAKER_A_0.2BP': '0.000060267520208605153074919', 'MAKER_B_0.5BP': '2.65704151872522687914E-7', 'STRESS_1BP': '-0.0000997293231671518499408457'}",5,0.010027073097362879775393600,1,2026-07-03,381456.00000000,250284.00000000
0.00005011275369581558506639939865,28.26431200,603.32251000,623.90423600,1180.28705760,21,1.002305302195048611807160000,0.9978,259,39,0.9977,159,25,1319.382763,"{'ZERO': '0.000100230530219504861180716', 'MAKER_A_0.2BP': '0.000060227321062479221499062', 'MAKER_B_0.5BP': '2.25507417623004787417E-7', 'STRESS_1BP': '-0.0000997695158819288964157608'}",6,0.010023053021950486118071600,1,2026-07-03,536552.00000000,250550.00000000
0.00005010773162298942726862754923,52.71352850,332.51824280,673.45958830,3450.26742806,20,1.002204850671477249949890000,0.9979,101,23,0.9978,259,39,4144.469388,"{'ZERO': '0.000100220485067147724994989', 'MAKER_A_0.2BP': '0.000060217276311920143637616', 'MAKER_B_0.5BP': '2.15463269730881064686E-7', 'STRESS_1BP': '-0.0000997795590254564441330972'}",7,0.010022048506714772499498900,1,2026-07-03,91764.00000000,536552.00000000
0.0001002908434459933808043325644,441.23031000,5442.87989800,12714.18363200,19760.08179680,12,2.006018054162487462387160000,0.9972,315,82,0.997,1219,187,21521.556338,"{'ZERO': '0.000200601805416248746238716', 'MAKER_A_0.2BP': '0.000160594581488510651050770', 'MAKER_B_0.5BP': '0.000100586745988678499876410', 'STRESS_1BP': '5.81687067000421321960E-7'}",8,0.020060180541624874623871600,2,2026-07-03,278297.00000000,579882.00000000
0.00005013787916771120581599398345,34.51965700,6897.97146900,19949.65277900,30390.99782700,9,1.002807862013638186923390000,0.9973,350,72,0.9972,315,82,33001.334089,"{'ZERO': '0.000100280786201363818692339', 'MAKER_A_0.2BP': '0.000060277575034139108633792', 'MAKER_B_0.5BP': '2.75758374135043749216E-7', 'STRESS_1BP': '-0.0000997192699502612915603746'}",9,0.010028078620136381869233900,1,2026-07-03,250284.00000000,278297.00000000
0.0001002606777621816723481050732,71.98705950,4767.19188660,5439.13849830,5976.69578766,8,2.005414619472575955078710000,0.9975,355,94,0.9973,350,72,6111.08511,"{'ZERO': '0.000200541461947257595507871', 'MAKER_A_0.2BP': '0.000160534240433209986156238', 'MAKER_B_0.5BP': '0.000100526408553732546000796', 'STRESS_1BP': '5.21355665496320116309E-7'}",10,0.020054146194725759550787100,2,2026-07-03,203447.00000000,250284.00000000
0.00005010271055664111428428277970,35.35191350,711.53767900,1208.99440550,5216.41724970,116,1.002104419280489026956610000,0.998,1013,163,0.9979,1434,161,33422.663767,"{'ZERO': '0.000100210441928048902695661', 'MAKER_A_0.2BP': '0.000060207233574538850940588', 'MAKER_B_0.5BP': '2.05421134895755462753E-7', 'STRESS_1BP': '-0.0000997896001561282893656721'}",1,0.010021044192804890269566100,1,2026-07-04,2638765.00000000,2601677.00000000
0.00005011275369581558506639939865,44.00174400,345.92457040,693.81086150,1199.65632077,82,1.002305302195048611807160000,0.9978,523,149,0.9977,260,84,1513.848989,"{'ZERO': '0.000100230530219504861180716', 'MAKER_A_0.2BP': '0.000060227321062479221499062', 'MAKER_B_0.5BP': '2.25507417623004787417E-7', 'STRESS_1BP': '-0.0000997695158819288964157608'}",2,0.010023053021950486118071600,1,2026-07-04,397735.00000000,83200.00000000
0.00005010773162298942726862754923,20.97496850,480.81345390,702.27584640,16134.63094019,48,1.002204850671477249949890000,0.9979,1434,161,0.9978,523,149,29131.285083,"{'ZERO': '0.000100220485067147724994989', 'MAKER_A_0.2BP': '0.000060217276311920143637616', 'MAKER_B_0.5BP': '2.15463269730881064686E-7', 'STRESS_1BP': '-0.0000997795590254564441330972'}",3,0.010022048506714772499498900,1,2026-07-04,2601677.00000000,397735.00000000
0.00005009769049646811281999899805,196.85602700,5028.14168900,7671.67062550,23864.22618254,39,1.002004008016032064128260000,0.9981,183,44,0.998,1013,163,33727.993026,"{'ZERO': '0.000100200400801603206412826', 'MAKER_A_0.2BP': '0.000060197192849730179745102', 'MAKER_B_0.5BP': '1.95381012512500627474E-7', 'STRESS_1BP': '-0.0000997996392745494989579198'}",4,0.010020040080160320641282600,1,2026-07-04,215645.00000000,2638765.00000000
0.0001002104419280489026956608879,199.42231300,4395.19851100,7533.02374570,28235.09094274,19,2.004409701342954499899780000,0.998,1013,163,0.9978,523,149,33410.607742,"{'ZERO': '0.000200440970134295449989978', 'MAKER_A_0.2BP': '0.000160433752639839967281633', 'MAKER_B_0.5BP': '0.000100425926789449262754341', 'STRESS_1BP': '4.20883948887131731806E-7'}",5,0.020044097013429544998997800,2,2026-07-04,2638765.00000000,397735.00000000
0.0001002305302195048611807156460,33.95806200,48.58020810,392.69989555,896.59714551,14,2.004811547714514835605450000,0.9978,523,149,0.9976,17,16,1022.571458,"{'ZERO': '0.000200481154771451483560545', 'MAKER_A_0.2BP': '0.000160473935669642661677641', 'MAKER_B_0.5BP': '0.000100466107408342493861674', 'STRESS_1BP': '4.61060549919346477542E-7'}",6,0.020048115477145148356054500,2,2026-07-04,397735.00000000,1214.00000000
0.0001002004008016032064128256513,5254.40115550,15468.26236630,24448.73795815,31633.11843163,8,2.004208838560978053913220000,0.9981,183,44,0.9979,1434,161,33429.21355,"{'ZERO': '0.000200420883856097805391322', 'MAKER_A_0.2BP': '0.000160413667165077381887576', 'MAKER_B_0.5BP': '0.000100405842519779011550475', 'STRESS_1BP': '4.00801687543441266656E-7'}",7,0.020042088385609780539132200,2,2026-07-04,215645.00000000,2601677.00000000
0.00005009267144216801082001703151,0.12441800,17655.39879940,30401.62713820,40598.60980924,7,1.001903616872056908125440000,0.9982,15,9,0.9981,183,44,43147.855477,"{'ZERO': '0.000100190361687205690812544', 'MAKER_A_0.2BP': '0.000060187154136889208914549', 'MAKER_B_0.5BP': '1.85342901976231716417E-7', 'STRESS_1BP': '-0.0000998096763813248972668107'}",8,0.010019036168720569081254400,1,2026-07-04,28533.00000000,215645.00000000
0.0001503081316699233428528483391,6508.99313200,22700.90273260,28059.03012880,32345.53204576,5,3.006614552014431749849670000,0.9981,183,44,0.9978,523,149,33417.157525,"{'ZERO': '0.000300661455201443174984967', 'MAKER_A_0.2BP': '0.000260650228967759790925649', 'MAKER_B_0.5BP': '0.000200636390309167644443995', 'STRESS_1BP': '0.000100621326923230707596709'}",9,0.030066145520144317498496700,3,2026-07-04,215645.00000000,397735.00000000
0.0001001903616872056908125438333,8.67785100,27700.97787500,35300.90253800,41380.84226840,5,2.004008016032064128256510000,0.9982,15,9,0.998,1013,163,42900.827201,"{'ZERO': '0.000200400801603206412825651', 'MAKER_A_0.2BP': '0.000160393585715460039496605', 'MAKER_B_0.5BP': '0.000100385762275012501879916', 'STRESS_1BP': '3.80723450701022082161E-7'}",10,0.020040080160320641282565100,2,2026-07-04,28533.00000000,2638765.00000000
0.00005012280086211217482832940705,13.12997200,47.76828900,100.39749400,367.26848560,131,1.002506265664160401002510000,0.9976,788,199,0.9975,344,134,451.334874,"{'ZERO': '0.000100250626566416040100251', 'MAKER_A_0.2BP': '0.000060247416605552600727434', 'MAKER_B_0.5BP': '2.45601754999969299781E-7', 'STRESS_1BP': '-0.0000997494235538852129824612'}",1,0.010025062656641604010025100,1,2026-07-05,456282.00000000,132831.00000000
0.00005011275369581558506639939865,30.56803600,848.49925600,1547.57793200,4763.91005960,121,1.002305302195048611807160000,0.9978,1047,206,0.9977,1228,192,16687.34325,"{'ZERO': '0.000100230530219504861180716', 'MAKER_A_0.2BP': '0.000060227321062479221499062', 'MAKER_B_0.5BP': '2.25507417623004787417E-7', 'STRESS_1BP': '-0.0000997695158819288964157608'}",2,0.010023053021950486118071600,1,2026-07-05,2526267.00000000,922989.00000000
0.00005010773162298942726862754923,15.18424400,567.72187940,1795.49437940,24103.43618880,85,1.002204850671477249949890000,0.9979,509,146,0.9978,1047,206,33688.378413,"{'ZERO': '0.000100220485067147724994989', 'MAKER_A_0.2BP': '0.000060217276311920143637616', 'MAKER_B_0.5BP': '2.15463269730881064686E-7', 'STRESS_1BP': '-0.0000997795590254564441330972'}",3,0.010022048506714772499498900,1,2026-07-05,2808384.00000000,2526267.00000000
0.00005010271055664111428428277970,0.00787050,377.16478190,1934.26897330,35906.51469310,68,1.002104419280489026956610000,0.998,680,82,0.9979,509,146,40166.436648,"{'ZERO': '0.000100210441928048902695661', 'MAKER_A_0.2BP': '0.000060207233574538850940588', 'MAKER_B_0.5BP': '2.05421134895755462753E-7', 'STRESS_1BP': '-0.0000997896001561282893656721'}",4,0.010021044192804890269566100,1,2026-07-05,1820588.00000000,2808384.00000000
0.00005011777677542224226933293239,50.13776900,598.85787600,738.23282180,4994.16413956,65,1.002405773857257417802730000,0.9977,1228,192,0.9976,788,199,8484.603689,"{'ZERO': '0.000100240577385725741780273', 'MAKER_A_0.2BP': '0.000060237367826821490835620', 'MAKER_B_0.5BP': '2.35553579177496618353E-7', 'STRESS_1BP': '-0.0000997594707249403367602293'}",5,0.010024057738572574178027300,1,2026-07-05,922989.00000000,456282.00000000
0.0001002104419280489026956608879,0.00373700,3267.54860880,27972.85671880,38589.58179136,25,2.004409701342954499899780000,0.998,680,82,0.9978,1047,206,40106.807788,"{'ZERO': '0.000200440970134295449989978', 'MAKER_A_0.2BP': '0.000160433752639839967281633', 'MAKER_B_0.5BP': '0.000100425926789449262754341', 'STRESS_1BP': '4.20883948887131731806E-7'}",6,0.020044097013429544998997800,2,2026-07-05,1820588.00000000,2526267.00000000
0.0001002204850671477249949889757,586.06619450,12837.92646150,25161.53700100,31982.36725300,16,2.004610604390097223614310000,0.9979,509,146,0.9977,1228,192,33687.574816,"{'ZERO': '0.000200461060439009722361431', 'MAKER_A_0.2BP': '0.000160453842140958123004524', 'MAKER_B_0.5BP': '0.000100446015085233510199803', 'STRESS_1BP': '4.40970235942227166479E-7'}",7,0.020046106043900972236143100,2,2026-07-05,2808384.00000000,922989.00000000
0.00005009769049646811281999899805,4.93405100,184.29909950,10968.85786600,36802.68766600,16,1.002004008016032064128260000,0.9981,30,17,0.998,680,82,43261.145116,"{'ZERO': '0.000100200400801603206412826', 'MAKER_A_0.2BP': '0.000060197192849730179745102', 'MAKER_B_0.5BP': '1.95381012512500627474E-7', 'STRESS_1BP': '-0.0000997996392745494989579198'}",8,0.010020040080160320641282600,1,2026-07-05,10997.00000000,1820588.00000000
0.0001002004008016032064128256513,16.06419750,4643.39051890,24625.04699545,40610.37217669,10,2.004208838560978053913220000,0.9981,30,17,0.9979,509,146,44606.703472,"{'ZERO': '0.000200420883856097805391322', 'MAKER_A_0.2BP': '0.000160413667165077381887576', 'MAKER_B_0.5BP': '0.000100405842519779011550475', 'STRESS_1BP': '4.00801687543441266656E-7'}",9,0.020042088385609780539132200,2,2026-07-05,10997.00000000,2808384.00000000
0.0001503081316699233428528483391,15.64806400,12147.26956180,26137.20891540,37329.16039828,8,3.006614552014431749849670000,0.9981,30,17,0.9978,1047,206,40127.148269,"{'ZERO': '0.000300661455201443174984967', 'MAKER_A_0.2BP': '0.000260650228967759790925649', 'MAKER_B_0.5BP': '0.000200636390309167644443995', 'STRESS_1BP': '0.000100621326923230707596709'}",10,0.030066145520144317498496700,3,2026-07-05,10997.00000000,2526267.00000000
0.00005012782595618828011429144318,5.88737100,376.53145980,535.64858120,1645.96375504,113,1.002606777621816723481050000,0.9975,1065,194,0.9974,1053,141,6944.73606,"{'ZERO': '0.000100260677762181672348105', 'MAKER_A_0.2BP': '0.000060257467399278443145795', 'MAKER_B_0.5BP': '2.55651945696278450565E-7', 'STRESS_1BP': '-0.0000997393743681577300461251'}",1,0.010026067776218167234810500,1,2026-07-06,839745.00000000,819671.00000000
0.00005012280086211217482832940705,32.38339750,788.52123300,1687.94867700,7469.92105976,78,1.002506265664160401002510000,0.9976,785,114,0.9975,1065,194,8346.890932,"{'ZERO': '0.000100250626566416040100251', 'MAKER_A_0.2BP': '0.000060247416605552600727434', 'MAKER_B_0.5BP': '2.45601754999969299781E-7', 'STRESS_1BP': '-0.0000997494235538852129824612'}",2,0.010025062656641604010025100,1,2026-07-06,1257425.00000000,839745.00000000
0.00005010773162298942726862754923,31.00250050,400.62406460,443.82581205,19907.48088167,62,1.002204850671477249949890000,0.9979,297,120,0.9978,271,89,49397.817271,"{'ZERO': '0.000100220485067147724994989', 'MAKER_A_0.2BP': '0.000060217276311920143637616', 'MAKER_B_0.5BP': '2.15463269730881064686E-7', 'STRESS_1BP': '-0.0000997795590254564441330972'}",3,0.010022048506714772499498900,1,2026-07-06,129462.00000000,249261.00000000
0.00005010271055664111428428277970,21.92995700,432.89460700,590.21273140,27338.76948676,57,1.002104419280489026956610000,0.998,1050,90,0.9979,297,120,60103.407577,"{'ZERO': '0.000100210441928048902695661', 'MAKER_A_0.2BP': '0.000060207233574538850940588', 'MAKER_B_0.5BP': '2.05421134895755462753E-7', 'STRESS_1BP': '-0.0000997896001561282893656721'}",4,0.010021044192804890269566100,1,2026-07-06,424208.00000000,129462.00000000
0.00005009769049646811281999899805,2.91157150,1470.86617520,4476.56106295,39891.66076356,38,1.002004008016032064128260000,0.9981,228,49,0.998,1050,90,60160.897464,"{'ZERO': '0.000100200400801603206412826', 'MAKER_A_0.2BP': '0.000060197192849730179745102', 'MAKER_B_0.5BP': '1.95381012512500627474E-7', 'STRESS_1BP': '-0.0000997996392745494989579198'}",5,0.010020040080160320641282600,1,2026-07-06,173184.00000000,424208.00000000
0.00005011777677542224226933293239,37.63695000,2013.88646860,10127.52632720,17751.17630232,29,1.002405773857257417802730000,0.9977,496,52,0.9976,785,114,19620.205928,"{'ZERO': '0.000100240577385725741780273', 'MAKER_A_0.2BP': '0.000060237367826821490835620', 'MAKER_B_0.5BP': '2.35553579177496618353E-7', 'STRESS_1BP': '-0.0000997594707249403367602293'}",6,0.010024057738572574178027300,1,2026-07-06,348795.00000000,1257425.00000000
0.00005013285205795357697899433499,2.80296750,674.08045050,1961.59116850,3327.20508525,26,1.002707309736287977539360000,0.9974,1053,141,0.9973,266,47,3678.801528,"{'ZERO': '0.000100270730973628797753936', 'MAKER_A_0.2BP': '0.000060267520208605153074919', 'MAKER_B_0.5BP': '2.65704151872522687914E-7', 'STRESS_1BP': '-0.0000997293231671518499408457'}",7,0.010027073097362879775393600,1,2026-07-06,819671.00000000,480894.00000000
0.00005014290728576442862157147871,79.05529500,297.76249100,300.86775100,1921.10280460,21,1.002908434459933808043330000,0.9972,231,40,0.9971,180,23,2326.161568,"{'ZERO': '0.000100290843445993380804333', 'MAKER_A_0.2BP': '0.000060287631876486931198093', 'MAKER_B_0.5BP': '2.85814613090426613962E-7', 'STRESS_1BP': '-0.0000997092147168795305806898'}",8,0.010029084344599338080433300,1,2026-07-06,324612.00000000,206556.00000000
0.00005013787916771120581599398345,49.75969000,1245.88846700,1457.05018900,1858.36499460,21,1.002807862013638186923390000,0.9973,266,47,0.9972,231,40,1958.693696,"{'ZERO': '0.000100280786201363818692339', 'MAKER_A_0.2BP': '0.000060277575034139108633792', 'MAKER_B_0.5BP': '2.75758374135043749216E-7', 'STRESS_1BP': '-0.0000997192699502612915603746'}",9,0.010028078620136381869233900,1,2026-07-06,480894.00000000,324612.00000000
0.0001002506265664160401002506266,86.65334900,5891.5401340,7228.01698820,7776.47202484,20,2.005213555243633446962100000,0.9976,785,114,0.9974,1053,141,7913.585784,"{'ZERO': '0.000200521355524363344696210', 'MAKER_A_0.2BP': '0.000160514134814556566297990', 'MAKER_B_0.5BP': '0.000100506304141380057526099', 'STRESS_1BP': '5.01253263484559905750E-7'}",10,0.020052135552436334469621000,2,2026-07-06,1257425.00000000,819671.00000000
0.00005012782595618828011429144318,9.11884400,283.74643040,513.32151800,6003.02555308,93,1.002606777621816723481050000,0.9975,234,111,0.9974,589,182,22727.302663,"{'ZERO': '0.000100260677762181672348105', 'MAKER_A_0.2BP': '0.000060257467399278443145795', 'MAKER_B_0.5BP': '2.55651945696278450565E-7', 'STRESS_1BP': '-0.0000997393743681577300461251'}",1,0.010026067776218167234810500,1,2026-07-07,119023.00000000,332278.00000000
0.00005013285205795357697899433499,20.05284250,275.79738500,763.82490650,2815.25591705,86,1.002707309736287977539360000,0.9974,589,182,0.9973,800,148,6189.97218,"{'ZERO': '0.000100270730973628797753936', 'MAKER_A_0.2BP': '0.000060267520208605153074919', 'MAKER_B_0.5BP': '2.65704151872522687914E-7', 'STRESS_1BP': '-0.0000997293231671518499408457'}",2,0.010027073097362879775393600,1,2026-07-07,332278.00000000,491745.00000000
0.00005013787916771120581599398345,4.49090600,282.46918500,363.87480710,923.85960166,63,1.002807862013638186923390000,0.9973,800,148,0.9972,285,94,1292.885993,"{'ZERO': '0.000100280786201363818692339', 'MAKER_A_0.2BP': '0.000060277575034139108633792', 'MAKER_B_0.5BP': '2.75758374135043749216E-7', 'STRESS_1BP': '-0.0000997192699502612915603746'}",3,0.010028078620136381869233900,1,2026-07-07,491745.00000000,152556.00000000
0.00005011275369581558506639939865,45.44191500,613.36323500,1004.90049820,22204.30369004,53,1.002305302195048611807160000,0.9978,410,93,0.9977,425,88,44109.75202,"{'ZERO': '0.000100230530219504861180716', 'MAKER_A_0.2BP': '0.000060227321062479221499062', 'MAKER_B_0.5BP': '2.25507417623004787417E-7', 'STRESS_1BP': '-0.0000997695158819288964157608'}",4,0.010023053021950486118071600,1,2026-07-07,390911.00000000,234966.00000000
0.0001002305302195048611807156460,15.00409000,566.00032450,669.23551350,24941.52498565,46,2.004811547714514835605450000,0.9978,410,93,0.9976,403,92,43861.58029,"{'ZERO': '0.000200481154771451483560545', 'MAKER_A_0.2BP': '0.000160473935669642661677641', 'MAKER_B_0.5BP': '0.000100466107408342493861674', 'STRESS_1BP': '4.61060549919346477542E-7'}",5,0.020048115477145148356054500,2,2026-07-07,390911.00000000,279042.00000000
0.00005011777677542224226933293239,118.97696200,926.18715100,2519.19633910,24562.69627044,43,1.002405773857257417802730000,0.9977,425,88,0.9976,403,92,39995.518998,"{'ZERO': '0.000100240577385725741780273', 'MAKER_A_0.2BP': '0.000060237367826821490835620', 'MAKER_B_0.5BP': '2.35553579177496618353E-7', 'STRESS_1BP': '-0.0000997594707249403367602293'}",6,0.010024057738572574178027300,1,2026-07-07,234966.00000000,279042.00000000
0.00005014290728576442862157147871,2.90839900,85.46859840,132.62498080,152.95824468,25,1.002908434459933808043330000,0.9972,285,94,0.9971,95,26,156.532545,"{'ZERO': '0.000100290843445993380804333', 'MAKER_A_0.2BP': '0.000060287631876486931198093', 'MAKER_B_0.5BP': '2.85814613090426613962E-7', 'STRESS_1BP': '-0.0000997092147168795305806898'}",7,0.010029084344599338080433300,1,2026-07-07,152556.00000000,45274.00000000
0.00005009267144216801082001703151,88.33931750,274.27674880,392.09549425,709.15654765,18,1.001903616872056908125440000,0.9982,331,19,0.9981,220,30,788.421811,"{'ZERO': '0.000100190361687205690812544', 'MAKER_A_0.2BP': '0.000060187154136889208914549', 'MAKER_B_0.5BP': '1.85342901976231716417E-7', 'STRESS_1BP': '-0.0000998096763813248972668107'}",8,0.010019036168720569081254400,1,2026-07-07,130731.00000000,277150.00000000
0.00005012280086211217482832940705,137.61298100,492.36674600,9955.38625700,32617.39844180,16,1.002506265664160401002510000,0.9976,403,92,0.9975,234,111,38282.901488,"{'ZERO': '0.000100250626566416040100251', 'MAKER_A_0.2BP': '0.000060247416605552600727434', 'MAKER_B_0.5BP': '2.45601754999969299781E-7', 'STRESS_1BP': '-0.0000997494235538852129824612'}",9,0.010025062656641604010025100,1,2026-07-07,279042.00000000,119023.00000000
0.00005010271055664111428428277970,138.00290100,302.76646780,358.81040060,455.21112572,15,1.002104419280489026956610000,0.998,161,27,0.9979,99,21,479.311307,"{'ZERO': '0.000100210441928048902695661', 'MAKER_A_0.2BP': '0.000060207233574538850940588', 'MAKER_B_0.5BP': '2.05421134895755462753E-7', 'STRESS_1BP': '-0.0000997896001561282893656721'}",10,0.010021044192804890269566100,1,2026-07-07,122590.00000000,60712.00000000
0.00005014290728576442862157147871,102.11635600,689.09469520,1178.77600890,9450.75883525,84,1.002908434459933808043330000,0.9972,845,108,0.9971,864,158,19260.886586,"{'ZERO': '0.000100290843445993380804333', 'MAKER_A_0.2BP': '0.000060287631876486931198093', 'MAKER_B_0.5BP': '2.85814613090426613962E-7', 'STRESS_1BP': '-0.0000997092147168795305806898'}",1,0.010029084344599338080433300,1,2026-07-08,541275.00000000,419971.00000000
0.00005014793641241662905571435735,99.00863900,617.42152440,984.42197400,2534.23683142,78,1.003009027081243731193580000,0.9971,864,158,0.997,1114,104,5352.271862,"{'ZERO': '0.000100300902708124373119358', 'MAKER_A_0.2BP': '0.000060297690736255485522185', 'MAKER_B_0.5BP': '2.95872869345499625721E-7', 'STRESS_1BP': '-0.0000996991574663997993380201'}",2,0.010030090270812437311935800,1,2026-07-08,419971.00000000,405309.00000000
0.00005015296654797131250313456041,90.32085400,309.59393020,329.19159580,519.05100600,25,1.003109639883639281773500000,0.997,1114,104,0.9969,112,27,578.866782,"{'ZERO': '0.000100310963988363928177350', 'MAKER_A_0.2BP': '0.000060307751614051879861189', 'MAKER_B_0.5BP': '3.05933143507334614210E-7', 'STRESS_1BP': '-0.0000996890981982150867067973'}",3,0.010031096398836392817735000,1,2026-07-08,405309.00000000,93558.00000000
0.00005013787916771120581599398345,233.34528000,1007.69995260,1799.30930965,4990.48406888,22,1.002807862013638186923390000,0.9973,262,39,0.9972,845,108,5827.973072,"{'ZERO': '0.000100280786201363818692339', 'MAKER_A_0.2BP': '0.000060277575034139108633792', 'MAKER_B_0.5BP': '2.75758374135043749216E-7', 'STRESS_1BP': '-0.0000997192699502612915603746'}",4,0.010028078620136381869233900,1,2026-07-08,155666.00000000,541275.00000000
0.00005011777677542224226933293239,32.37942500,283.57399100,429.56387000,2054.48096840,21,1.002405773857257417802730000,0.9977,31,21,0.9976,387,32,2460.710243,"{'ZERO': '0.000100240577385725741780273', 'MAKER_A_0.2BP': '0.000060237367826821490835620', 'MAKER_B_0.5BP': '2.35553579177496618353E-7', 'STRESS_1BP': '-0.0000997594707249403367602293'}",5,0.010024057738572574178027300,1,2026-07-08,4339.00000000,262671.00000000
0.00005013285205795357697899433499,153.95018400,876.27372600,1250.93044475,1341.24305135,16,1.002707309736287977539360000,0.9974,170,27,0.9973,262,39,1363.821203,"{'ZERO': '0.000100270730973628797753936', 'MAKER_A_0.2BP': '0.000060267520208605153074919', 'MAKER_B_0.5BP': '2.65704151872522687914E-7', 'STRESS_1BP': '-0.0000997293231671518499408457'}",6,0.010027073097362879775393600,1,2026-07-08,174523.00000000,155666.00000000
0.00005012280086211217482832940705,53.25730700,949.00981400,1139.13303650,1291.23161450,11,1.002506265664160401002510000,0.9976,387,32,0.9975,193,22,1329.256259,"{'ZERO': '0.000100250626566416040100251', 'MAKER_A_0.2BP': '0.000060247416605552600727434', 'MAKER_B_0.5BP': '2.45601754999969299781E-7', 'STRESS_1BP': '-0.0000997494235538852129824612'}",7,0.010025062656641604010025100,1,2026-07-08,262671.00000000,79593.00000000
0.00005012782595618828011429144318,115.61577850,596.77700590,911.33570845,1162.98267049,10,1.002606777621816723481050000,0.9975,193,22,0.9974,170,27,1225.894411,"{'ZERO': '0.000100260677762181672348105', 'MAKER_A_0.2BP': '0.000060257467399278443145795', 'MAKER_B_0.5BP': '2.55651945696278450565E-7', 'STRESS_1BP': '-0.0000997393743681577300461251'}",8,0.010026067776218167234810500,1,2026-07-08,79593.00000000,174523.00000000
0.0001002908434459933808043325644,279.23007100,9767.97984340,14421.02840820,18143.46726004,9,2.006018054162487462387160000,0.9972,845,108,0.997,1114,104,19074.076973,"{'ZERO': '0.000200601805416248746238716', 'MAKER_A_0.2BP': '0.000160594581488510651050770', 'MAKER_B_0.5BP': '0.000100586745988678499876410', 'STRESS_1BP': '5.81687067000421321960E-7'}",9,0.020060180541624874623871600,2,2026-07-08,541275.00000000,405309.00000000
0.0001002807862013638186923385479,697.71042600,3378.23460160,3907.46103180,4330.84217596,5,2.005816868919867616086650000,0.9973,262,39,0.9971,864,158,4436.687462,"{'ZERO': '0.000200581686891986761608665', 'MAKER_A_0.2BP': '0.000160574463768973542402585', 'MAKER_B_0.5BP': '0.000100566629476168353852892', 'STRESS_1BP': '5.61572566040958836621E-7'}",10,0.020058168689198676160866500,2,2026-07-08,155666.00000000,419971.00000000
0.00005014290728576442862157147871,51.12882000,487.29099540,670.48751020,7381.74279508,145,1.002908434459933808043330000,0.9972,1086,176,0.9971,1802,214,13134.62222,"{'ZERO': '0.000100290843445993380804333', 'MAKER_A_0.2BP': '0.000060287631876486931198093', 'MAKER_B_0.5BP': '2.85814613090426613962E-7', 'STRESS_1BP': '-0.0000997092147168795305806898'}",1,0.010029084344599338080433300,1,2026-07-09,822532.00000000,1328659.00000000
0.00005014793641241662905571435735,23.18181300,339.19234400,373.02945220,4131.60623916,69,1.003009027081243731193580000,0.9971,1802,214,0.997,580,101,11766.237602,"{'ZERO': '0.000100300902708124373119358', 'MAKER_A_0.2BP': '0.000060297690736255485522185', 'MAKER_B_0.5BP': '2.95872869345499625721E-7', 'STRESS_1BP': '-0.0000996991574663997993380201'}",2,0.010030090270812437311935800,1,2026-07-09,1328659.00000000,441263.00000000
0.00005013285205795357697899433499,41.20410150,761.10484310,2761.98927330,35182.33759989,34,1.002707309736287977539360000,0.9974,278,50,0.9973,799,66,50173.52766,"{'ZERO': '0.000100270730973628797753936', 'MAKER_A_0.2BP': '0.000060267520208605153074919', 'MAKER_B_0.5BP': '2.65704151872522687914E-7', 'STRESS_1BP': '-0.0000997293231671518499408457'}",3,0.010027073097362879775393600,1,2026-07-09,125203.00000000,1225223.00000000
0.00005015296654797131250313456041,37.14892750,313.01916460,406.45527035,499.22567864,32,1.003109639883639281773500000,0.997,580,101,0.9969,53,32,533.61257,"{'ZERO': '0.000100310963988363928177350', 'MAKER_A_0.2BP': '0.000060307751614051879861189', 'MAKER_B_0.5BP': '3.05933143507334614210E-7', 'STRESS_1BP': '-0.0000996890981982150867067973'}",4,0.010031096398836392817735000,1,2026-07-09,441263.00000000,42023.00000000
0.00005013787916771120581599398345,65.83773200,998.69242040,14637.48031845,26935.34740780,32,1.002807862013638186923390000,0.9973,799,66,0.9972,1086,176,31682.720646,"{'ZERO': '0.000100280786201363818692339', 'MAKER_A_0.2BP': '0.000060277575034139108633792', 'MAKER_B_0.5BP': '2.75758374135043749216E-7', 'STRESS_1BP': '-0.0000997192699502612915603746'}",5,0.010028078620136381869233900,1,2026-07-09,1225223.00000000,822532.00000000
0.00005012782595618828011429144318,0.00480400,0.72351840,49.19512440,202.71192888,17,1.002606777621816723481050000,0.9975,22,19,0.9974,278,50,241.09113,"{'ZERO': '0.000100260677762181672348105', 'MAKER_A_0.2BP': '0.000060257467399278443145795', 'MAKER_B_0.5BP': '2.55651945696278450565E-7', 'STRESS_1BP': '-0.0000997393743681577300461251'}",6,0.010026067776218167234810500,1,2026-07-09,15441.00000000,125203.00000000
0.0001002908434459933808043325644,3402.32865900,11721.56312360,12377.72670880,12902.65757696,5,2.006018054162487462387160000,0.9972,1086,176,0.997,580,101,13033.890294,"{'ZERO': '0.000200601805416248746238716', 'MAKER_A_0.2BP': '0.000160594581488510651050770', 'MAKER_B_0.5BP': '0.000100586745988678499876410', 'STRESS_1BP': '5.81687067000421321960E-7'}",7,0.020060180541624874623871600,2,2026-07-09,822532.00000000,441263.00000000
0.0001002807862013638186923385479,14163.68972600,25412.43490980,28427.25800040,30839.11647288,5,2.005816868919867616086650000,0.9973,799,66,0.9971,1802,214,31442.081091,"{'ZERO': '0.000200581686891986761608665', 'MAKER_A_0.2BP': '0.000160574463768973542402585', 'MAKER_B_0.5BP': '0.000100566629476168353852892', 'STRESS_1BP': '5.61572566040958836621E-7'}",8,0.020058168689198676160866500,2,2026-07-09,1225223.00000000,1328659.00000000
0.0001002707309736287977539356262,2508.73356700,45797.06415390,54595.84524945,61634.87012589,4,2.005615724027276373846770000,0.9974,278,50,0.9972,1086,176,63394.626345,"{'ZERO': '0.000200561572402727637384677', 'MAKER_A_0.2BP': '0.000160554350084277897273984', 'MAKER_B_0.5BP': '0.000100546516998257588123402', 'STRESS_1BP': '5.41462099277436877251E-7'}",9,0.020056157240272763738467700,2,2026-07-09,125203.00000000,822532.00000000
0.0001002606777621816723481050732,120.28474000,35194.46079330,42684.60478815,48676.71998403,4,2.005414619472575955078710000,0.9975,22,19,0.9973,799,66,50174.748783,"{'ZERO': '0.000200541461947257595507871', 'MAKER_A_0.2BP': '0.000160534240433209986156238', 'MAKER_B_0.5BP': '0.000100526408553732546000796', 'STRESS_1BP': '5.21355665496320116309E-7'}",10,0.020054146194725759550787100,2,2026-07-09,15441.00000000,1225223.00000000
0.00005013285205795357697899433499,0.00956950,50.81426390,386.94704690,1225.15768373,292,1.002707309736287977539360000,0.9974,1916,351,0.9973,1015,330,2533.256006,"{'ZERO': '0.000100270730973628797753936', 'MAKER_A_0.2BP': '0.000060267520208605153074919', 'MAKER_B_0.5BP': '2.65704151872522687914E-7', 'STRESS_1BP': '-0.0000997293231671518499408457'}",1,0.010027073097362879775393600,1,2026-07-10,1044673.00000000,602968.00000000
0.00005012782595618828011429144318,0.61492200,494.56985320,1119.59674105,3387.01870379,104,1.002606777621816723481050000,0.9975,882,156,0.9974,1916,351,4052.959703,"{'ZERO': '0.000100260677762181672348105', 'MAKER_A_0.2BP': '0.000060257467399278443145795', 'MAKER_B_0.5BP': '2.55651945696278450565E-7', 'STRESS_1BP': '-0.0000997393743681577300461251'}",2,0.010026067776218167234810500,1,2026-07-10,583635.00000000,1044673.00000000
0.0001002606777621816723481050732,0.02213550,198.58660910,1738.61800110,3397.04563293,70,2.005414619472575955078710000,0.9975,882,156,0.9973,1015,330,3412.033953,"{'ZERO': '0.000200541461947257595507871', 'MAKER_A_0.2BP': '0.000160534240433209986156238', 'MAKER_B_0.5BP': '0.000100526408553732546000796', 'STRESS_1BP': '5.21355665496320116309E-7'}",3,0.020054146194725759550787100,2,2026-07-10,583635.00000000,602968.00000000
0.00005012280086211217482832940705,1.33934300,646.40112700,1191.28700600,7205.87294140,61,1.002506265664160401002510000,0.9976,459,99,0.9975,882,156,10749.699691,"{'ZERO': '0.000100250626566416040100251', 'MAKER_A_0.2BP': '0.000060247416605552600727434', 'MAKER_B_0.5BP': '2.45601754999969299781E-7', 'STRESS_1BP': '-0.0000997494235538852129824612'}",4,0.010025062656641604010025100,1,2026-07-10,384329.00000000,583635.00000000
0.00005011777677542224226933293239,0.80145300,370.34902910,2062.19317965,13261.70824706,38,1.002405773857257417802730000,0.9977,264,46,0.9976,459,99,18960.066578,"{'ZERO': '0.000100240577385725741780273', 'MAKER_A_0.2BP': '0.000060237367826821490835620', 'MAKER_B_0.5BP': '2.35553579177496618353E-7', 'STRESS_1BP': '-0.0000997594707249403367602293'}",5,0.010024057738572574178027300,1,2026-07-10,252775.00000000,384329.00000000
0.00005010773162298942726862754923,10.44480000,406.59336060,792.52417660,3733.39493716,33,1.002204850671477249949890000,0.9979,260,61,0.9978,481,45,4902.628885,"{'ZERO': '0.000100220485067147724994989', 'MAKER_A_0.2BP': '0.000060217276311920143637616', 'MAKER_B_0.5BP': '2.15463269730881064686E-7', 'STRESS_1BP': '-0.0000997795590254564441330972'}",6,0.010022048506714772499498900,1,2026-07-10,277089.00000000,301426.00000000
0.0001002506265664160401002506266,0.04248200,3632.85255140,4712.25865920,9086.72545328,29,2.005213555243633446962100000,0.9976,459,99,0.9974,1916,351,10749.686627,"{'ZERO': '0.000200521355524363344696210', 'MAKER_A_0.2BP': '0.000160514134814556566297990', 'MAKER_B_0.5BP': '0.000100506304141380057526099', 'STRESS_1BP': '5.01253263484559905750E-7'}",7,0.020052135552436334469621000,2,2026-07-10,384329.00000000,1044673.00000000
0.00005010271055664111428428277970,49.85910200,239.73876530,513.2649420,3856.43157053,28,1.002104419280489026956610000,0.998,403,53,0.9979,260,61,5044.513451,"{'ZERO': '0.000100210441928048902695661', 'MAKER_A_0.2BP': '0.000060207233574538850940588', 'MAKER_B_0.5BP': '2.05421134895755462753E-7', 'STRESS_1BP': '-0.0000997896001561282893656721'}",8,0.010021044192804890269566100,1,2026-07-10,351187.00000000,277089.00000000
0.00005013787916771120581599398345,0.08880250,2.76244750,4.26580125,4543.38065900,26,1.002807862013638186923390000,0.9973,1015,330,0.9972,171,37,6056.270418,"{'ZERO': '0.000100280786201363818692339', 'MAKER_A_0.2BP': '0.000060277575034139108633792', 'MAKER_B_0.5BP': '2.75758374135043749216E-7', 'STRESS_1BP': '-0.0000997192699502612915603746'}",9,0.010028078620136381869233900,1,2026-07-10,602968.00000000,87669.00000000
0.00005009769049646811281999899805,73.53597250,588.22828150,2109.01946975,2779.20231850,26,1.002004008016032064128260000,0.9981,235,26,0.998,403,53,2841.321226,"{'ZERO': '0.000100200400801603206412826', 'MAKER_A_0.2BP': '0.000060197192849730179745102', 'MAKER_B_0.5BP': '1.95381012512500627474E-7', 'STRESS_1BP': '-0.0000997996392745494989579198'}",10,0.010020040080160320641282600,1,2026-07-10,46449.00000000,351187.00000000
0.00005012782595618828011429144318,24.88440150,501.77094410,819.33615765,1614.92235644,110,1.002606777621816723481050000,0.9975,812,125,0.9974,550,118,1699.18148,"{'ZERO': '0.000100260677762181672348105', 'MAKER_A_0.2BP': '0.000060257467399278443145795', 'MAKER_B_0.5BP': '2.55651945696278450565E-7', 'STRESS_1BP': '-0.0000997393743681577300461251'}",1,0.010026067776218167234810500,1,2026-07-11,662495.00000000,423915.00000000
0.00005011275369581558506639939865,10.09858700,612.26569220,1163.03323410,15564.74934510,79,1.002305302195048611807160000,0.9978,518,116,0.9977,929,132,34039.333581,"{'ZERO': '0.000100230530219504861180716', 'MAKER_A_0.2BP': '0.000060227321062479221499062', 'MAKER_B_0.5BP': '2.25507417623004787417E-7', 'STRESS_1BP': '-0.0000997695158819288964157608'}",2,0.010023053021950486118071600,1,2026-07-11,1623497.00000000,1261000.00000000
0.00005011777677542224226933293239,40.89568850,493.16843460,973.35281150,10931.06892488,64,1.002405773857257417802730000,0.9977,929,132,0.9976,365,98,26344.156847,"{'ZERO': '0.000100240577385725741780273', 'MAKER_A_0.2BP': '0.000060237367826821490835620', 'MAKER_B_0.5BP': '2.35553579177496618353E-7', 'STRESS_1BP': '-0.0000997594707249403367602293'}",3,0.010024057738572574178027300,1,2026-07-11,1261000.00000000,1327154.00000000
0.00005010271055664111428428277970,0.00314400,0.55937840,28.43870195,32.75768806,42,1.002104419280489026956610000,0.998,515,46,0.9979,147,56,34.478103,"{'ZERO': '0.000100210441928048902695661', 'MAKER_A_0.2BP': '0.000060207233574538850940588', 'MAKER_B_0.5BP': '2.05421134895755462753E-7', 'STRESS_1BP': '-0.0000997896001561282893656721'}",4,0.010021044192804890269566100,1,2026-07-11,842901.00000000,2117919.00000000
0.0001002305302195048611807156460,5.07220900,533.23827150,3410.50116450,25453.62458185,36,2.004811547714514835605450000,0.9978,518,116,0.9976,365,98,33611.410172,"{'ZERO': '0.000200481154771451483560545', 'MAKER_A_0.2BP': '0.000160473935669642661677641', 'MAKER_B_0.5BP': '0.000100466107408342493861674', 'STRESS_1BP': '4.61060549919346477542E-7'}",5,0.020048115477145148356054500,2,2026-07-11,1623497.00000000,1327154.00000000
0.00005010773162298942726862754923,0.00701600,6.46747900,9.57734360,84.40649790,23,1.002204850671477249949890000,0.9979,147,56,0.9978,518,116,105.42025,"{'ZERO': '0.000100220485067147724994989', 'MAKER_A_0.2BP': '0.000060217276311920143637616', 'MAKER_B_0.5BP': '2.15463269730881064686E-7', 'STRESS_1BP': '-0.0000997795590254564441330972'}",6,0.010022048506714772499498900,1,2026-07-11,2117919.00000000,1623497.00000000
0.00005012280086211217482832940705,340.69168300,1220.11826170,6907.48129845,15344.72885329,14,1.002506265664160401002510000,0.9976,365,98,0.9975,812,125,17454.040742,"{'ZERO': '0.000100250626566416040100251', 'MAKER_A_0.2BP': '0.000060247416605552600727434', 'MAKER_B_0.5BP': '2.45601754999969299781E-7', 'STRESS_1BP': '-0.0000997494235538852129824612'}",7,0.010025062656641604010025100,1,2026-07-11,1327154.00000000,662495.00000000
0.0001002104419280489026956608879,0.00284800,19.20339460,28.63703380,34.19918356,13,2.004409701342954499899780000,0.998,515,46,0.9978,518,116,35.589721,"{'ZERO': '0.000200440970134295449989978', 'MAKER_A_0.2BP': '0.000160433752639839967281633', 'MAKER_B_0.5BP': '0.000100425926789449262754341', 'STRESS_1BP': '4.20883948887131731806E-7'}",8,0.020044097013429544998997800,2,2026-07-11,842901.00000000,1623497.00000000
0.00005013285205795357697899433499,27.78031300,264.06435880,451.14616490,600.81160978,8,1.002707309736287977539360000,0.9974,550,118,0.9973,28,9,638.227971,"{'ZERO': '0.000100270730973628797753936', 'MAKER_A_0.2BP': '0.000060267520208605153074919', 'MAKER_B_0.5BP': '2.65704151872522687914E-7', 'STRESS_1BP': '-0.0000997293231671518499408457'}",9,0.010027073097362879775393600,1,2026-07-11,423915.00000000,11483.00000000
0.0001002204850671477249949889757,0.00383700,39.56880140,61.81800620,79.61737004,7,2.004610604390097223614310000,0.9979,147,56,0.9977,929,132,84.067211,"{'ZERO': '0.000200461060439009722361431', 'MAKER_A_0.2BP': '0.000160453842140958123004524', 'MAKER_B_0.5BP': '0.000100446015085233510199803', 'STRESS_1BP': '4.40970235942227166479E-7'}",10,0.020046106043900972236143100,2,2026-07-11,2117919.00000000,1261000.00000000
0.00005013285205795357697899433499,68.23040800,1013.59847460,1497.69747770,2292.29765364,119,1.002707309736287977539360000,0.9974,938,187,0.9973,1064,135,3906.812589,"{'ZERO': '0.000100270730973628797753936', 'MAKER_A_0.2BP': '0.000060267520208605153074919', 'MAKER_B_0.5BP': '2.65704151872522687914E-7', 'STRESS_1BP': '-0.0000997293231671518499408457'}",1,0.010027073097362879775393600,1,2026-07-12,623675.00000000,689972.00000000
0.00005012782595618828011429144318,131.02260800,1034.52546720,1436.22168820,18259.25112384,53,1.002606777621816723481050000,0.9975,254,60,0.9974,938,187,35041.697328,"{'ZERO': '0.000100260677762181672348105', 'MAKER_A_0.2BP': '0.000060257467399278443145795', 'MAKER_B_0.5BP': '2.55651945696278450565E-7', 'STRESS_1BP': '-0.0000997393743681577300461251'}",2,0.010026067776218167234810500,1,2026-07-12,137174.00000000,623675.00000000
0.0001002707309736287977539356262,146.69233900,758.91611620,891.28213690,1368.22781938,19,2.005615724027276373846770000,0.9974,938,187,0.9972,80,31,1487.46424,"{'ZERO': '0.000200561572402727637384677', 'MAKER_A_0.2BP': '0.000160554350084277897273984', 'MAKER_B_0.5BP': '0.000100546516998257588123402', 'STRESS_1BP': '5.41462099277436877251E-7'}",3,0.020056157240272763738467700,2,2026-07-12,623675.00000000,38792.00000000
0.00005013787916771120581599398345,2.21525300,924.81180480,2472.34988390,6814.42107998,19,1.002807862013638186923390000,0.9973,1064,135,0.9972,80,31,7899.938879,"{'ZERO': '0.000100280786201363818692339', 'MAKER_A_0.2BP': '0.000060277575034139108633792', 'MAKER_B_0.5BP': '2.75758374135043749216E-7', 'STRESS_1BP': '-0.0000997192699502612915603746'}",4,0.010028078620136381869233900,1,2026-07-12,689972.00000000,38792.00000000
0.00005012280086211217482832940705,22.01375550,511.05272580,604.73127790,679.67411958,8,1.002506265664160401002510000,0.9976,12,12,0.9975,254,60,698.40983,"{'ZERO': '0.000100250626566416040100251', 'MAKER_A_0.2BP': '0.000060247416605552600727434', 'MAKER_B_0.5BP': '2.45601754999969299781E-7', 'STRESS_1BP': '-0.0000997494235538852129824612'}",5,0.010025062656641604010025100,1,2026-07-12,282.00000000,137174.00000000
0.0001002506265664160401002506266,38.90518800,396.88410860,553.54745480,678.87813176,7,2.005213555243633446962100000,0.9976,12,12,0.9974,938,187,710.210801,"{'ZERO': '0.000200521355524363344696210', 'MAKER_A_0.2BP': '0.000160514134814556566297990', 'MAKER_B_0.5BP': '0.000100506304141380057526099', 'STRESS_1BP': '5.01253263484559905750E-7'}",6,0.020052135552436334469621000,2,2026-07-12,282.00000000,623675.00000000
0.0001002807862013638186923385479,0.00109250,0.00357050,0.00368425,0.00377525,6,2.005816868919867616086650000,0.9973,1064,135,0.9971,24,8,0.003798,"{'ZERO': '0.000200581686891986761608665', 'MAKER_A_0.2BP': '0.000160574463768973542402585', 'MAKER_B_0.5BP': '0.000100566629476168353852892', 'STRESS_1BP': '5.61572566040958836621E-7'}",7,0.020058168689198676160866500,2,2026-07-12,689972.00000000,18513.00000000
0.00005014290728576442862157147871,0.00267850,9046.85889000,13570.28355900,17189.02329420,6,1.002908434459933808043330000,0.9972,80,31,0.9971,24,8,18093.708228,"{'ZERO': '0.000100290843445993380804333', 'MAKER_A_0.2BP': '0.000060287631876486931198093', 'MAKER_B_0.5BP': '2.85814613090426613962E-7', 'STRESS_1BP': '-0.0000997092147168795305806898'}",8,0.010029084344599338080433300,1,2026-07-12,38792.00000000,18513.00000000
0.0001002606777621816723481050732,1947.28554500,28340.76739540,31639.95262670,34279.30081174,3,2.005414619472575955078710000,0.9975,254,60,0.9973,1064,135,34939.137858,"{'ZERO': '0.000200541461947257595507871', 'MAKER_A_0.2BP': '0.000160534240433209986156238', 'MAKER_B_0.5BP': '0.000100526408553732546000796', 'STRESS_1BP': '5.21355665496320116309E-7'}",9,0.020054146194725759550787100,2,2026-07-12,137174.00000000,689972.00000000
0.0001504136375031336174479819504,250.22103400,250.22103400,250.22103400,250.22103400,1,3.008725303379801424129980000,0.9974,938,187,0.9971,24,8,250.221034,"{'ZERO': '0.000300872530337980142412998', 'MAKER_A_0.2BP': '0.000260861295661460153607077', 'MAKER_B_0.5BP': '0.000200847444339246281091822', 'STRESS_1BP': '0.000100832359848961448253931'}",10,0.030087253033798014241299800,3,2026-07-12,623675.00000000,18513.00000000
0.00005014290728576442862157147871,55.27246000,385.54474400,639.89169860,1253.65540948,169,1.002908434459933808043330000,0.9972,1067,227,0.9971,947,172,3320.005373,"{'ZERO': '0.000100290843445993380804333', 'MAKER_A_0.2BP': '0.000060287631876486931198093', 'MAKER_B_0.5BP': '2.85814613090426613962E-7', 'STRESS_1BP': '-0.0000997092147168795305806898'}",1,0.010029084344599338080433300,1,2026-07-13,664733.00000000,400307.00000000
0.00005013787916771120581599398345,77.04688500,422.55517600,1339.77137250,8804.26086505,56,1.002807862013638186923390000,0.9973,597,87,0.9972,1067,227,17046.052208,"{'ZERO': '0.000100280786201363818692339', 'MAKER_A_0.2BP': '0.000060277575034139108633792', 'MAKER_B_0.5BP': '2.75758374135043749216E-7', 'STRESS_1BP': '-0.0000997192699502612915603746'}",2,0.010028078620136381869233900,1,2026-07-13,576848.00000000,664733.00000000
0.00005013285205795357697899433499,85.87623200,827.19286950,950.13616615,5638.77325826,30,1.002707309736287977539360000,0.9974,689,59,0.9973,597,87,7517.480811,"{'ZERO': '0.000100270730973628797753936', 'MAKER_A_0.2BP': '0.000060267520208605153074919', 'MAKER_B_0.5BP': '2.65704151872522687914E-7', 'STRESS_1BP': '-0.0000997293231671518499408457'}",3,0.010027073097362879775393600,1,2026-07-13,555526.00000000,576848.00000000
0.00005012782595618828011429144318,47.94577600,591.39926730,710.37337140,8184.90847572,28,1.002606777621816723481050000,0.9975,155,37,0.9974,689,59,10939.133403,"{'ZERO': '0.000100260677762181672348105', 'MAKER_A_0.2BP': '0.000060257467399278443145795', 'MAKER_B_0.5BP': '2.55651945696278450565E-7', 'STRESS_1BP': '-0.0000997393743681577300461251'}",4,0.010026067776218167234810500,1,2026-07-13,147544.00000000,555526.00000000
0.00005016806301108714192545025837,27.67530900,338.30696720,414.54505760,475.53552992,7,1.003411599438089504314670000,0.9967,50,9,0.9966,93,9,490.783148,"{'ZERO': '0.000100341159943808950431467', 'MAKER_A_0.2BP': '0.000060337946361682840595646', 'MAKER_B_0.5BP': '3.36126079507784594716E-7', 'STRESS_1BP': '-0.0000996589082813572947341027'}",5,0.010034115994380895043146700,1,2026-07-13,53431.00000000,123101.00000000
0.00005012280086211217482832940705,160.83700600,5474.07687760,9026.31526780,11868.10597996,7,1.002506265664160401002510000,0.9976,75,9,0.9975,155,37,12578.553658,"{'ZERO': '0.000100250626566416040100251', 'MAKER_A_0.2BP': '0.000060247416605552600727434', 'MAKER_B_0.5BP': '2.45601754999969299781E-7', 'STRESS_1BP': '-0.0000997494235538852129824612'}",6,0.010025062656641604010025100,1,2026-07-13,149527.00000000,147544.00000000
0.0001002606777621816723481050732,83.59686700,6814.81361180,8855.43292440,10487.92837448,5,2.005414619472575955078710000,0.9975,155,37,0.9973,597,87,10896.052237,"{'ZERO': '0.000200541461947257595507871', 'MAKER_A_0.2BP': '0.000160534240433209986156238', 'MAKER_B_0.5BP': '0.000100526408553732546000796', 'STRESS_1BP': '5.21355665496320116309E-7'}",7,0.020054146194725759550787100,2,2026-07-13,147544.00000000,576848.00000000
0.0001002707309736287977539356262,24.71885600,5918.72193040,6655.47231470,7244.87262214,3,2.005615724027276373846770000,0.9974,689,59,0.9972,1067,227,7392.222699,"{'ZERO': '0.000200561572402727637384677', 'MAKER_A_0.2BP': '0.000160554350084277897273984', 'MAKER_B_0.5BP': '0.000100546516998257588123402', 'STRESS_1BP': '5.41462099277436877251E-7'}",8,0.020056157240272763738467700,2,2026-07-13,555526.00000000,664733.00000000
0.0001002405773857257417802726544,161.36948700,10095.50039580,11337.26675940,12330.67985028,3,2.005012531328320802005010000,0.9977,4,3,0.9975,155,37,12579.033123,"{'ZERO': '0.000200501253132832080200501', 'MAKER_A_0.2BP': '0.000160494033227104881461268', 'MAKER_B_0.5BP': '0.000100486203759987439224530', 'STRESS_1BP': '4.81154892029594033078E-7'}",9,0.020050125313283208020050100,2,2026-07-13,7305.00000000,147544.00000000
0.00005011777677542224226933293239,0.51489600,0.52896400,0.53072250,0.53212930,3,1.002405773857257417802730000,0.9977,4,3,0.9976,75,9,0.532481,"{'ZERO': '0.000100240577385725741780273', 'MAKER_A_0.2BP': '0.000060237367826821490835620', 'MAKER_B_0.5BP': '2.35553579177496618353E-7', 'STRESS_1BP': '-0.0000997594707249403367602293'}",10,0.010024057738572574178027300,1,2026-07-13,7305.00000000,149527.00000000
0.00005014290728576442862157147871,0.00637300,60.70089050,113.99828610,6283.45634424,90,1.002908434459933808043330000,0.9972,512,102,0.9971,823,168,36120.91904,"{'ZERO': '0.000100290843445993380804333', 'MAKER_A_0.2BP': '0.000060287631876486931198093', 'MAKER_B_0.5BP': '2.85814613090426613962E-7', 'STRESS_1BP': '-0.0000997092147168795305806898'}",1,0.010029084344599338080433300,1,2026-07-14,409152.00000000,1577575.00000000
0.00005014793641241662905571435735,0.04180600,510.10679300,1294.95459100,10688.21652000,81,1.003009027081243731193580000,0.9971,823,168,0.997,1021,147,21828.560324,"{'ZERO': '0.000100300902708124373119358', 'MAKER_A_0.2BP': '0.000060297690736255485522185', 'MAKER_B_0.5BP': '2.95872869345499625721E-7', 'STRESS_1BP': '-0.0000996991574663997993380201'}",2,0.010030090270812437311935800,1,2026-07-14,1577575.00000000,941814.00000000
0.00005015296654797131250313456041,3.29832600,239.45494720,914.61597120,11769.79963584,69,1.003109639883639281773500000,0.997,1021,147,0.9969,518,103,20695.295194,"{'ZERO': '0.000100310963988363928177350', 'MAKER_A_0.2BP': '0.000060307751614051879861189', 'MAKER_B_0.5BP': '3.05933143507334614210E-7', 'STRESS_1BP': '-0.0000996890981982150867067973'}",3,0.010031096398836392817735000,1,2026-07-14,941814.00000000,1069170.00000000
0.00005012782595618828011429144318,54.22599300,1109.40905040,1681.34751020,3307.73183680,57,1.002606777621816723481050000,0.9975,905,87,0.9974,666,85,4225.649254,"{'ZERO': '0.000100260677762181672348105', 'MAKER_A_0.2BP': '0.000060257467399278443145795', 'MAKER_B_0.5BP': '2.55651945696278450565E-7', 'STRESS_1BP': '-0.0000997393743681577300461251'}",4,0.010026067776218167234810500,1,2026-07-14,580677.00000000,482598.00000000
0.00005016302984700275896664158515,200.68979400,885.67525700,1264.15869000,4446.86902840,41,1.003310926055984749673920000,0.9968,481,68,0.9967,380,50,5304.137866,"{'ZERO': '0.000100331092605598474967392', 'MAKER_A_0.2BP': '0.000060327879426157839841096', 'MAKER_B_0.5BP': '3.26059747980796003844E-7', 'STRESS_1BP': '-0.0000996689736063014547346309'}",5,0.010033109260559847496739200,1,2026-07-14,740524.00000000,333069.00000000
0.00005012280086211217482832940705,21.94733600,2569.96338220,4288.61383220,5819.73314948,33,1.002506265664160401002510000,0.9976,116,40,0.9975,905,87,5984.741273,"{'ZERO': '0.000100250626566416040100251', 'MAKER_A_0.2BP': '0.000060247416605552600727434', 'MAKER_B_0.5BP': '2.45601754999969299781E-7', 'STRESS_1BP': '-0.0000997494235538852129824612'}",6,0.010025062656641604010025100,1,2026-07-14,95976.00000000,580677.00000000
0.00005015799769273210613432311782,272.06256050,2648.53369430,5405.79450730,8873.87232747,30,1.003210272873194221508830000,0.9969,518,103,0.9968,481,68,9418.299233,"{'ZERO': '0.000100321027287319422150883', 'MAKER_A_0.2BP': '0.000060317814510483466093118', 'MAKER_B_0.5BP': '3.15995436183247017424E-7', 'STRESS_1BP': '-0.0000996790369117181379775345'}",7,0.010032102728731942215088300,1,2026-07-14,1069170.00000000,740524.00000000
0.00005013285205795357697899433499,28.78087100,252.18301100,668.95343275,2797.23673025,26,1.002707309736287977539360000,0.9974,666,85,0.9973,184,52,3466.702818,"{'ZERO': '0.000100270730973628797753936', 'MAKER_A_0.2BP': '0.000060267520208605153074919', 'MAKER_B_0.5BP': '2.65704151872522687914E-7', 'STRESS_1BP': '-0.0000997293231671518499408457'}",8,0.010027073097362879775393600,1,2026-07-14,482598.00000000,154079.00000000
0.00005013787916771120581599398345,0.06469500,413.78240080,2200.38369120,2625.91564384,25,1.002807862013638186923390000,0.9973,184,52,0.9972,512,102,2635.281376,"{'ZERO': '0.000100280786201363818692339', 'MAKER_A_0.2BP': '0.000060277575034139108633792', 'MAKER_B_0.5BP': '2.75758374135043749216E-7', 'STRESS_1BP': '-0.0000997192699502612915603746'}",9,0.010028078620136381869233900,1,2026-07-14,154079.00000000,409152.00000000
0.0001002807862013638186923385479,0.02615250,818.69989560,4439.11315195,31861.56385599,20,2.005816868919867616086650000,0.9973,184,52,0.9971,823,168,38717.176532,"{'ZERO': '0.000200581686891986761608665', 'MAKER_A_0.2BP': '0.000160574463768973542402585', 'MAKER_B_0.5BP': '0.000100566629476168353852892', 'STRESS_1BP': '5.61572566040958836621E-7'}",10,0.020058168689198676160866500,2,2026-07-14,154079.00000000,1577575.00000000
0.00005011275369581558506639939865,15.46769900,122.85090010,317.63033160,12066.23370837,138,1.002305302195048611807160000,0.9978,478,150,0.9977,858,191,22553.855052,"{'ZERO': '0.000100230530219504861180716', 'MAKER_A_0.2BP': '0.000060227321062479221499062', 'MAKER_B_0.5BP': '2.25507417623004787417E-7', 'STRESS_1BP': '-0.0000997695158819288964157608'}",1,0.010023053021950486118071600,1,2026-07-15,386565.00000000,822489.00000000
0.00005012782595618828011429144318,24.52089950,453.58918050,919.57439375,6223.52850500,126,1.002606777621816723481050000,0.9975,1112,200,0.9974,1248,187,7563.872687,"{'ZERO': '0.000100260677762181672348105', 'MAKER_A_0.2BP': '0.000060257467399278443145795', 'MAKER_B_0.5BP': '2.55651945696278450565E-7', 'STRESS_1BP': '-0.0000997393743681577300461251'}",2,0.010026067776218167234810500,1,2026-07-15,1234117.00000000,1520996.00000000
0.00005012280086211217482832940705,40.76159800,406.52470490,2881.51807395,16957.32276425,70,1.002506265664160401002510000,0.9976,874,124,0.9975,1112,200,19741.509179,"{'ZERO': '0.000100250626566416040100251', 'MAKER_A_0.2BP': '0.000060247416605552600727434', 'MAKER_B_0.5BP': '2.45601754999969299781E-7', 'STRESS_1BP': '-0.0000997494235538852129824612'}",3,0.010025062656641604010025100,1,2026-07-15,955167.00000000,1234117.00000000
0.00005013285205795357697899433499,27.43728650,436.00958100,925.72621970,4200.33625584,62,1.002707309736287977539360000,0.9974,1248,187,0.9973,357,94,6362.07259,"{'ZERO': '0.000100270730973628797753936', 'MAKER_A_0.2BP': '0.000060267520208605153074919', 'MAKER_B_0.5BP': '2.65704151872522687914E-7', 'STRESS_1BP': '-0.0000997293231671518499408457'}",4,0.010027073097362879775393600,1,2026-07-15,1520996.00000000,155500.00000000
0.00005011777677542224226933293239,11.23404400,355.68361060,6126.80818035,22241.71489995,54,1.002405773857257417802730000,0.9977,858,191,0.9976,874,124,23569.931992,"{'ZERO': '0.000100240577385725741780273', 'MAKER_A_0.2BP': '0.000060237367826821490835620', 'MAKER_B_0.5BP': '2.35553579177496618353E-7', 'STRESS_1BP': '-0.0000997594707249403367602293'}",5,0.010024057738572574178027300,1,2026-07-15,822489.00000000,955167.00000000
0.00005013787916771120581599398345,22.43194600,70.31207960,79.70390400,112.10346724,25,1.002807862013638186923390000,0.9973,357,94,0.9972,33,25,122.071507,"{'ZERO': '0.000100280786201363818692339', 'MAKER_A_0.2BP': '0.000060277575034139108633792', 'MAKER_B_0.5BP': '2.75758374135043749216E-7', 'STRESS_1BP': '-0.0000997192699502612915603746'}",6,0.010028078620136381869233900,1,2026-07-15,155500.00000000,9210.00000000
0.00005009267144216801082001703151,0.00786900,7.85665340,87.05307335,103.57994235,22,1.001903616872056908125440000,0.9982,242,28,0.9981,94,26,106.873554,"{'ZERO': '0.000100190361687205690812544', 'MAKER_A_0.2BP': '0.000060187154136889208914549', 'MAKER_B_0.5BP': '1.85342901976231716417E-7', 'STRESS_1BP': '-0.0000998096763813248972668107'}",7,0.010019036168720569081254400,1,2026-07-15,574947.00000000,1354948.00000000
0.0001002506265664160401002506266,220.00963700,6732.87509500,16752.88037420,19137.49842284,19,2.005213555243633446962100000,0.9976,874,124,0.9974,1248,187,19733.652935,"{'ZERO': '0.000200521355524363344696210', 'MAKER_A_0.2BP': '0.000160514134814556566297990', 'MAKER_B_0.5BP': '0.000100506304141380057526099', 'STRESS_1BP': '5.01253263484559905750E-7'}",8,0.020052135552436334469621000,2,2026-07-15,955167.00000000,1520996.00000000
0.0001002606777621816723481050732,160.32277050,5265.60704000,7087.67216350,7179.48658390,16,2.005414619472575955078710000,0.9975,1112,200,0.9973,357,94,7202.440189,"{'ZERO': '0.000200541461947257595507871', 'MAKER_A_0.2BP': '0.000160534240433209986156238', 'MAKER_B_0.5BP': '0.000100526408553732546000796', 'STRESS_1BP': '5.21355665496320116309E-7'}",9,0.020054146194725759550787100,2,2026-07-15,1234117.00000000,155500.00000000
0.0001002305302195048611807156460,8.81940600,20437.28795200,22812.71488175,23434.02116435,16,2.004811547714514835605450000,0.9978,478,150,0.9976,874,124,23589.347735,"{'ZERO': '0.000200481154771451483560545', 'MAKER_A_0.2BP': '0.000160473935669642661677641', 'MAKER_B_0.5BP': '0.000100466107408342493861674', 'STRESS_1BP': '4.61060549919346477542E-7'}",10,0.020048115477145148356054500,2,2026-07-15,386565.00000000,955167.00000000
0.00005013787916771120581599398345,18.87087450,195.36431170,693.03398695,7044.63946792,122,1.002807862013638186923390000,0.9973,1652,171,0.9972,1577,230,10151.627709,"{'ZERO': '0.000100280786201363818692339', 'MAKER_A_0.2BP': '0.000060277575034139108633792', 'MAKER_B_0.5BP': '2.75758374135043749216E-7', 'STRESS_1BP': '-0.0000997192699502612915603746'}",1,0.010028078620136381869233900,1,2026-07-16,2496340.00000000,1006991.00000000
0.00005007762031148279833742300566,0.00266550,0.00523280,0.00796970,0.00894405,110,1.001602564102564102564100000,0.9985,1071,112,0.9984,122,115,31604.48866,"{'ZERO': '0.000100160256410256410256410', 'MAKER_A_0.2BP': '0.000060157050064126922589753', 'MAKER_B_0.5BP': '1.55240635404127229536E-7', 'STRESS_1BP': '-0.0000998397756378208333012853'}",2,0.010016025641025641025641000,1,2026-07-16,1389642.00000000,2093660.00000000
0.00005014290728576442862157147871,39.51093350,313.10745050,454.71828110,647.73550846,108,1.002908434459933808043330000,0.9972,1577,230,0.9971,379,110,1057.236066,"{'ZERO': '0.000100290843445993380804333', 'MAKER_A_0.2BP': '0.000060287631876486931198093', 'MAKER_B_0.5BP': '2.85814613090426613962E-7', 'STRESS_1BP': '-0.0000997092147168795305806898'}",3,0.010029084344599338080433300,1,2026-07-16,1006991.00000000,224586.00000000
0.00005008263634997746281364251014,3.42857600,4.09080390,4.49492115,20.97053569,82,1.001702894921366322748670000,0.9984,122,115,0.9983,94,84,27.799201,"{'ZERO': '0.000100170289492136632274867', 'MAKER_A_0.2BP': '0.000060167082744691895704308', 'MAKER_B_0.5BP': '1.65272714026324127047E-7', 'STRESS_1BP': '-0.0000998297445623563457537848'}",4,0.010017028949213663227486700,1,2026-07-16,2093660.00000000,8270124.00000000
0.0001001602564102564102564102564,0.00265400,0.00318500,0.00450000,6320.90318400,81,2.003405789842732645497350000,0.9985,1071,112,0.9983,94,84,31604.48866,"{'ZERO': '0.000200340578984273264549735', 'MAKER_A_0.2BP': '0.000160333365505383471415015', 'MAKER_B_0.5BP': '0.000100325545678040148879063', 'STRESS_1BP': '3.20512875087328490431E-7'}",5,0.020034057898427326454973500,2,2026-07-16,1389642.00000000,8270124.00000000
0.00005010773162298942726862754923,0.74031550,511.87366000,1028.68225150,33035.17209200,76,1.002204850671477249949890000,0.9979,983,84,0.9978,603,119,39763.254152,"{'ZERO': '0.000100220485067147724994989', 'MAKER_A_0.2BP': '0.000060217276311920143637616', 'MAKER_B_0.5BP': '2.15463269730881064686E-7', 'STRESS_1BP': '-0.0000997795590254564441330972'}",6,0.010022048506714772499498900,1,2026-07-16,1536949.00000000,1988643.00000000
0.00005011777677542224226933293239,0.13226950,213.91295680,626.92108765,25676.12089009,58,1.002405773857257417802730000,0.9977,894,99,0.9976,484,96,30387.074254,"{'ZERO': '0.000100240577385725741780273', 'MAKER_A_0.2BP': '0.000060237367826821490835620', 'MAKER_B_0.5BP': '2.35553579177496618353E-7', 'STRESS_1BP': '-0.0000997594707249403367602293'}",7,0.010024057738572574178027300,1,2026-07-16,1530586.00000000,810315.00000000
0.00005013285205795357697899433499,41.83812900,827.77794840,2748.91227685,18109.59818762,50,1.002707309736287977539360000,0.9974,538,87,0.9973,1652,171,18793.781739,"{'ZERO': '0.000100270730973628797753936', 'MAKER_A_0.2BP': '0.000060267520208605153074919', 'MAKER_B_0.5BP': '2.65704151872522687914E-7', 'STRESS_1BP': '-0.0000997293231671518499408457'}",8,0.010027073097362879775393600,1,2026-07-16,2750070.00000000,2496340.00000000
0.00005011275369581558506639939865,28.71816000,1333.82913260,5216.66022940,27134.95902040,45,1.002305302195048611807160000,0.9978,603,119,0.9977,894,99,30573.008675,"{'ZERO': '0.000100230530219504861180716', 'MAKER_A_0.2BP': '0.000060227321062479221499062', 'MAKER_B_0.5BP': '2.25507417623004787417E-7', 'STRESS_1BP': '-0.0000997695158819288964157608'}",9,0.010023053021950486118071600,1,2026-07-16,1988643.00000000,1530586.00000000
0.00005012280086211217482832940705,0.09756700,76.27912800,236.36477670,26323.6354110,43,1.002506265664160401002510000,0.9976,484,96,0.9975,433,80,29698.33938,"{'ZERO': '0.000100250626566416040100251', 'MAKER_A_0.2BP': '0.000060247416605552600727434', 'MAKER_B_0.5BP': '2.45601754999969299781E-7', 'STRESS_1BP': '-0.0000997494235538852129824612'}",10,0.010025062656641604010025100,1,2026-07-16,810315.00000000,2773617.00000000
0.00005013787916771120581599398345,42.9965800,529.71642500,783.07425580,5257.29770632,137,1.002807862013638186923390000,0.9973,837,161,0.9972,1700,156,5749.157562,"{'ZERO': '0.000100280786201363818692339', 'MAKER_A_0.2BP': '0.000060277575034139108633792', 'MAKER_B_0.5BP': '2.75758374135043749216E-7', 'STRESS_1BP': '-0.0000997192699502612915603746'}",1,0.010028078620136381869233900,1,2026-07-17,1203728.00000000,657828.00000000
0.00005012280086211217482832940705,112.05912100,885.38150060,3177.94863800,30361.87866412,49,1.002506265664160401002510000,0.9976,201,59,0.9975,789,69,32369.831671,"{'ZERO': '0.000100250626566416040100251', 'MAKER_A_0.2BP': '0.000060247416605552600727434', 'MAKER_B_0.5BP': '2.45601754999969299781E-7', 'STRESS_1BP': '-0.0000997494235538852129824612'}",2,0.010025062656641604010025100,1,2026-07-17,443818.00000000,1017890.00000000
0.00005013285205795357697899433499,118.49006700,6492.19489940,14597.79782700,24250.01927048,25,1.002707309736287977539360000,0.9974,403,50,0.9973,837,161,26927.982464,"{'ZERO': '0.000100270730973628797753936', 'MAKER_A_0.2BP': '0.000060267520208605153074919', 'MAKER_B_0.5BP': '2.65704151872522687914E-7', 'STRESS_1BP': '-0.0000997293231671518499408457'}",3,0.010027073097362879775393600,1,2026-07-17,1570142.00000000,1203728.00000000
0.00005012782595618828011429144318,25.56725000,787.03818760,25248.88576560,31343.33334544,23,1.002606777621816723481050000,0.9975,789,69,0.9974,403,50,32297.758322,"{'ZERO': '0.000100260677762181672348105', 'MAKER_A_0.2BP': '0.000060257467399278443145795', 'MAKER_B_0.5BP': '2.55651945696278450565E-7', 'STRESS_1BP': '-0.0000997393743681577300461251'}",4,0.010026067776218167234810500,1,2026-07-17,1017890.00000000,1570142.00000000
0.00005014793641241662905571435735,37.91790500,304.56073550,326.99703350,331.77851150,16,1.003009027081243731193580000,0.9971,221,32,0.997,98,16,332.973881,"{'ZERO': '0.000100300902708124373119358', 'MAKER_A_0.2BP': '0.000060297690736255485522185', 'MAKER_B_0.5BP': '2.95872869345499625721E-7', 'STRESS_1BP': '-0.0000996991574663997993380201'}",5,0.010030090270812437311935800,1,2026-07-17,146222.00000000,109165.00000000
0.00005014290728576442862157147871,71.73836000,697.28603050,1616.02285575,3584.31047595,16,1.002908434459933808043330000,0.9972,1700,156,0.9971,221,32,4076.382381,"{'ZERO': '0.000100290843445993380804333', 'MAKER_A_0.2BP': '0.000060287631876486931198093', 'MAKER_B_0.5BP': '2.85814613090426613962E-7', 'STRESS_1BP': '-0.0000997092147168795305806898'}",6,0.010029084344599338080433300,1,2026-07-17,657828.00000000,146222.00000000
0.00005011777677542224226933293239,4.23763200,25368.00059300,45201.79409700,61068.82890020,9,1.002405773857257417802730000,0.9977,44,15,0.9976,201,59,65035.587601,"{'ZERO': '0.000100240577385725741780273', 'MAKER_A_0.2BP': '0.000060237367826821490835620', 'MAKER_B_0.5BP': '2.35553579177496618353E-7', 'STRESS_1BP': '-0.0000997594707249403367602293'}",7,0.010024057738572574178027300,1,2026-07-17,134533.00000000,443818.00000000
0.0001002506265664160401002506266,53.71066400,29353.52785820,30853.80626510,32054.02899062,8,2.005213555243633446962100000,0.9976,201,59,0.9974,403,50,32354.084672,"{'ZERO': '0.000200521355524363344696210', 'MAKER_A_0.2BP': '0.000160514134814556566297990', 'MAKER_B_0.5BP': '0.000100506304141380057526099', 'STRESS_1BP': '5.01253263484559905750E-7'}",8,0.020052135552436334469621000,2,2026-07-17,443818.00000000,1570142.00000000
0.0001002707309736287977539356262,35.33170300,19877.25306440,23402.61776420,26222.90952404,7,2.005615724027276373846770000,0.9974,403,50,0.9972,1700,156,26927.982464,"{'ZERO': '0.000200561572402727637384677', 'MAKER_A_0.2BP': '0.000160554350084277897273984', 'MAKER_B_0.5BP': '0.000100546516998257588123402', 'STRESS_1BP': '5.41462099277436877251E-7'}",9,0.020056157240272763738467700,2,2026-07-17,1570142.00000000,657828.00000000
0.00005011275369581558506639939865,116.12150800,39211.49112120,52135.24734360,62474.25232152,5,1.002305302195048611807160000,0.9978,10,5,0.9977,44,15,65059.003566,"{'ZERO': '0.000100230530219504861180716', 'MAKER_A_0.2BP': '0.000060227321062479221499062', 'MAKER_B_0.5BP': '2.25507417623004787417E-7', 'STRESS_1BP': '-0.0000997695158819288964157608'}",10,0.010023053021950486118071600,1,2026-07-17,30534.00000000,134533.00000000
0.00005014290728576442862157147871,52.82151200,76.16467950,506.99076425,1869.97890730,266,1.002908434459933808043330000,0.9972,970,278,0.9971,721,271,2346.563074,"{'ZERO': '0.000100290843445993380804333', 'MAKER_A_0.2BP': '0.000060287631876486931198093', 'MAKER_B_0.5BP': '2.85814613090426613962E-7', 'STRESS_1BP': '-0.0000997092147168795305806898'}",1,0.010029084344599338080433300,1,2026-07-18,1096263.00000000,541928.00000000
0.00005012782595618828011429144318,52.56391300,371.69096600,1185.00580400,38211.69157980,41,1.002606777621816723481050000,0.9975,551,71,0.9974,136,50,62588.523109,"{'ZERO': '0.000100260677762181672348105', 'MAKER_A_0.2BP': '0.000060257467399278443145795', 'MAKER_B_0.5BP': '2.55651945696278450565E-7', 'STRESS_1BP': '-0.0000997393743681577300461251'}",2,0.010026067776218167234810500,1,2026-07-18,2382193.00000000,390131.00000000
0.00005012280086211217482832940705,0.07016200,513.17349600,1217.38101580,7145.96530548,33,1.002506265664160401002510000,0.9976,365,44,0.9975,551,71,9529.568957,"{'ZERO': '0.000100250626566416040100251', 'MAKER_A_0.2BP': '0.000060247416605552600727434', 'MAKER_B_0.5BP': '2.45601754999969299781E-7', 'STRESS_1BP': '-0.0000997494235538852129824612'}",3,0.010025062656641604010025100,1,2026-07-18,963119.00000000,2382193.00000000
0.0001002506265664160401002506266,149.55703800,6468.23223580,25471.55963470,55165.14340854,15,2.005213555243633446962100000,0.9976,365,44,0.9974,136,50,62588.539352,"{'ZERO': '0.000200521355524363344696210', 'MAKER_A_0.2BP': '0.000160514134814556566297990', 'MAKER_B_0.5BP': '0.000100506304141380057526099', 'STRESS_1BP': '5.01253263484559905750E-7'}",4,0.020052135552436334469621000,2,2026-07-18,963119.00000000,390131.00000000
0.00005013787916771120581599398345,500.11872550,11593.74269180,23524.92300340,34612.23117908,12,1.002807862013638186923390000,0.9973,206,17,0.9972,970,278,37384.058223,"{'ZERO': '0.000100280786201363818692339', 'MAKER_A_0.2BP': '0.000060277575034139108633792', 'MAKER_B_0.5BP': '2.75758374135043749216E-7', 'STRESS_1BP': '-0.0000997192699502612915603746'}",5,0.010028078620136381869233900,1,2026-07-18,845862.00000000,1096263.00000000
0.00005011777677542224226933293239,6.28749950,8159.76664900,12177.87215600,15392.35656160,6,1.002405773857257417802730000,0.9977,14,6,0.9976,365,44,16195.977663,"{'ZERO': '0.000100240577385725741780273', 'MAKER_A_0.2BP': '0.000060237367826821490835620', 'MAKER_B_0.5BP': '2.35553579177496618353E-7', 'STRESS_1BP': '-0.0000997594707249403367602293'}",6,0.010024057738572574178027300,1,2026-07-18,87817.00000000,963119.00000000
0.0001002807862013638186923385479,5240.52105600,26592.23085160,31420.15738480,35282.49861136,5,2.005816868919867616086650000,0.9973,206,17,0.9971,721,271,36248.083918,"{'ZERO': '0.000200581686891986761608665', 'MAKER_A_0.2BP': '0.000160574463768973542402585', 'MAKER_B_0.5BP': '0.000100566629476168353852892', 'STRESS_1BP': '5.61572566040958836621E-7'}",7,0.020058168689198676160866500,2,2026-07-18,845862.00000000,541928.00000000
0.00005014793641241662905571435735,53.26590800,188.54639380,232.76270640,268.13575648,5,1.003009027081243731193580000,0.9971,721,271,0.997,27,5,276.979019,"{'ZERO': '0.000100300902708124373119358', 'MAKER_A_0.2BP': '0.000060297690736255485522185', 'MAKER_B_0.5BP': '2.95872869345499625721E-7', 'STRESS_1BP': '-0.0000996991574663997993380201'}",8,0.010030090270812437311935800,1,2026-07-18,541928.00000000,65543.00000000
0.00005013285205795357697899433499,44.40430400,37613.97552920,50016.78170160,59939.02663952,5,1.002707309736287977539360000,0.9974,136,50,0.9973,206,17,62419.587874,"{'ZERO': '0.000100270730973628797753936', 'MAKER_A_0.2BP': '0.000060267520208605153074919', 'MAKER_B_0.5BP': '2.65704151872522687914E-7', 'STRESS_1BP': '-0.0000997293231671518499408457'}",9,0.010027073097362879775393600,1,2026-07-18,390131.00000000,845862.00000000
0.0001002405773857257417802726544,47.81288650,11363.72617870,13779.86004235,15712.76713327,4,2.005012531328320802005010000,0.9977,14,6,0.9975,551,71,16195.993906,"{'ZERO': '0.000200501253132832080200501', 'MAKER_A_0.2BP': '0.000160494033227104881461268', 'MAKER_B_0.5BP': '0.000100486203759987439224530', 'STRESS_1BP': '4.81154892029594033078E-7'}",10,0.020050125313283208020050100,2,2026-07-18,87817.00000000,2382193.00000000
0.00005012782595618828011429144318,32.00089300,224.15959300,564.04382500,2587.48068400,241,1.002606777621816723481050000,0.9975,896,281,0.9974,917,256,4735.866655,"{'ZERO': '0.000100260677762181672348105', 'MAKER_A_0.2BP': '0.000060257467399278443145795', 'MAKER_B_0.5BP': '2.55651945696278450565E-7', 'STRESS_1BP': '-0.0000997393743681577300461251'}",1,0.010026067776218167234810500,1,2026-07-19,537662.00000000,224931.00000000
0.00005007762031148279833742300566,0.00306400,0.00679190,0.00926045,0.04616563,120,1.001602564102564102564100000,0.9985,985,157,0.9984,160,135,4.171527,"{'ZERO': '0.000100160256410256410256410', 'MAKER_A_0.2BP': '0.000060157050064126922589753', 'MAKER_B_0.5BP': '1.55240635404127229536E-7', 'STRESS_1BP': '-0.0000998397756378208333012853'}",2,0.010016025641025641025641000,1,2026-07-19,4600152.00000000,1378679.00000000
0.00005008263634997746281364251014,2.73824400,4.77661640,16.79709650,50.57131352,83,1.001702894921366322748670000,0.9984,160,135,0.9983,134,89,79.803382,"{'ZERO': '0.000100170289492136632274867', 'MAKER_A_0.2BP': '0.000060167082744691895704308', 'MAKER_B_0.5BP': '1.65272714026324127047E-7', 'STRESS_1BP': '-0.0000998297445623563457537848'}",3,0.010017028949213663227486700,1,2026-07-19,1378679.00000000,7981614.00000000
0.0001001602564102564102564102564,0.00321150,0.00570510,0.00871040,17.67693901,80,2.003405789842732645497350000,0.9985,985,157,0.9983,134,89,83.974909,"{'ZERO': '0.000200340578984273264549735', 'MAKER_A_0.2BP': '0.000160333365505383471415015', 'MAKER_B_0.5BP': '0.000100325545678040148879063', 'STRESS_1BP': '3.20512875087328490431E-7'}",4,0.020034057898427326454973500,2,2026-07-19,4600152.00000000,7981614.00000000
0.00005010271055664111428428277970,0.03169300,127.26207340,344.67528020,1471.50167546,67,1.002104419280489026956610000,0.998,446,88,0.9979,382,82,1572.101924,"{'ZERO': '0.000100210441928048902695661', 'MAKER_A_0.2BP': '0.000060207233574538850940588', 'MAKER_B_0.5BP': '2.05421134895755462753E-7', 'STRESS_1BP': '-0.0000997896001561282893656721'}",5,0.010021044192804890269566100,1,2026-07-19,374414.00000000,387518.00000000
0.00005012280086211217482832940705,6.99185600,1905.25463810,9042.89045955,33466.95741754,42,1.002506265664160401002510000,0.9976,209,55,0.9975,896,281,42145.706794,"{'ZERO': '0.000100250626566416040100251', 'MAKER_A_0.2BP': '0.000060247416605552600727434', 'MAKER_B_0.5BP': '2.45601754999969299781E-7', 'STRESS_1BP': '-0.0000997494235538852129824612'}",6,0.010025062656641604010025100,1,2026-07-19,401976.00000000,537662.00000000
0.00005007260527765259626458364629,4.82786200,36.89092100,59.70096380,108.39729100,37,1.001502253380070105157740000,0.9986,65,42,0.9985,985,157,110.463124,"{'ZERO': '0.000100150225338007010515774', 'MAKER_A_0.2BP': '0.000060147019393112388127801', 'MAKER_B_0.5BP': '1.45210566211799575269E-7', 'STRESS_1BP': '-0.0000998498047040563845468232'}",7,0.010015022533800701051577400,1,2026-07-19,57390.00000000,4600152.00000000
0.0001502328609344483950122690170,5.66268650,36.32464700,42.80792405,92.56074771,28,3.005108684764098968246020000,0.9986,65,42,0.9983,134,89,110.460729,"{'ZERO': '0.000300510868476409896824602', 'MAKER_A_0.2BP': '0.000260499648266075047125723', 'MAKER_B_0.5BP': '0.000200485818642053973631079', 'STRESS_1BP': '0.000100470770312531002734646'}",8,0.030051086847640989682460200,3,2026-07-19,57390.00000000,7981614.00000000
0.0001001502253380070105157736605,5.89651000,36.32464700,42.80792405,76.33685249,28,2.003205128205128205128210000,0.9986,65,42,0.9984,160,135,88.236215,"{'ZERO': '0.000200320512820512820512821', 'MAKER_A_0.2BP': '0.000160313300144253525185907', 'MAKER_B_0.5BP': '0.000100305481520795755084041', 'STRESS_1BP': '3.00450724158353395430E-7'}",9,0.020032051282051282051282100,2,2026-07-19,57390.00000000,1378679.00000000
0.00005009769049646811281999899805,20.18424250,976.03135850,1265.20672070,3822.50888750,22,1.002004008016032064128260000,0.9981,87,24,0.998,446,88,4498.556879,"{'ZERO': '0.000100200400801603206412826', 'MAKER_A_0.2BP': '0.000060197192849730179745102', 'MAKER_B_0.5BP': '1.95381012512500627474E-7', 'STRESS_1BP': '-0.0000997996392745494989579198'}",10,0.010020040080160320641282600,1,2026-07-19,65614.00000000,374414.00000000
0.00005007762031148279833742300566,0.01966350,6.48752630,9.09457685,17.43608747,112,1.001602564102564102564100000,0.9985,1685,116,0.9984,592,182,37.53777,"{'ZERO': '0.000100160256410256410256410', 'MAKER_A_0.2BP': '0.000060157050064126922589753', 'MAKER_B_0.5BP': '1.55240635404127229536E-7', 'STRESS_1BP': '-0.0000998397756378208333012853'}",1,0.010016025641025641025641000,1,2026-07-20,1827788.00000000,2889677.00000000
0.00005013285205795357697899433499,61.54643250,639.35848470,907.03333390,12577.65554506,74,1.002707309736287977539360000,0.9974,538,91,0.9973,898,121,27851.680297,"{'ZERO': '0.000100270730973628797753936', 'MAKER_A_0.2BP': '0.000060267520208605153074919', 'MAKER_B_0.5BP': '2.65704151872522687914E-7', 'STRESS_1BP': '-0.0000997293231671518499408457'}",2,0.010027073097362879775393600,1,2026-07-20,568474.00000000,1071799.00000000
0.00005008263634997746281364251014,0.00409100,0.00884840,0.01742820,109.44000620,73,1.001702894921366322748670000,0.9984,592,182,0.9983,167,80,370.552823,"{'ZERO': '0.000100170289492136632274867', 'MAKER_A_0.2BP': '0.000060167082744691895704308', 'MAKER_B_0.5BP': '1.65272714026324127047E-7', 'STRESS_1BP': '-0.0000998297445623563457537848'}",3,0.010017028949213663227486700,1,2026-07-20,2889677.00000000,7323326.00000000
0.0001001602564102564102564102564,0.01390050,0.59252200,5.20913625,154.10246335,66,2.003405789842732645497350000,0.9985,1685,116,0.9983,167,80,370.579751,"{'ZERO': '0.000200340578984273264549735', 'MAKER_A_0.2BP': '0.000160333365505383471415015', 'MAKER_B_0.5BP': '0.000100325545678040148879063', 'STRESS_1BP': '3.20512875087328490431E-7'}",4,0.020034057898427326454973500,2,2026-07-20,1827788.00000000,7323326.00000000
0.00005014290728576442862157147871,47.29770600,329.27994820,426.07778360,3311.49975672,58,1.002908434459933808043330000,0.9972,795,113,0.9971,473,94,6393.19353,"{'ZERO': '0.000100290843445993380804333', 'MAKER_A_0.2BP': '0.000060287631876486931198093', 'MAKER_B_0.5BP': '2.85814613090426613962E-7', 'STRESS_1BP': '-0.0000997092147168795305806898'}",5,0.010029084344599338080433300,1,2026-07-20,996223.00000000,772368.00000000
0.00005013787916771120581599398345,47.52774950,1303.04398960,4004.27122525,8716.42369684,48,1.002807862013638186923390000,0.9973,898,121,0.9972,795,113,11579.41649,"{'ZERO': '0.000100280786201363818692339', 'MAKER_A_0.2BP': '0.000060277575034139108633792', 'MAKER_B_0.5BP': '2.75758374135043749216E-7', 'STRESS_1BP': '-0.0000997192699502612915603746'}",6,0.010028078620136381869233900,1,2026-07-20,1071799.00000000,996223.00000000
0.00005011777677542224226933293239,60.68500400,368.68237640,986.91103600,41073.28541872,37,1.002405773857257417802730000,0.9977,407,53,0.9976,282,41,63278.910295,"{'ZERO': '0.000100240577385725741780273', 'MAKER_A_0.2BP': '0.000060237367826821490835620', 'MAKER_B_0.5BP': '2.35553579177496618353E-7', 'STRESS_1BP': '-0.0000997594707249403367602293'}",7,0.010024057738572574178027300,1,2026-07-20,403576.00000000,257400.00000000
0.00005014793641241662905571435735,44.98938400,329.70616860,424.24700310,629.03168926,35,1.003009027081243731193580000,0.9971,473,94,0.997,290,35,699.186154,"{'ZERO': '0.000100300902708124373119358', 'MAKER_A_0.2BP': '0.000060297690736255485522185', 'MAKER_B_0.5BP': '2.95872869345499625721E-7', 'STRESS_1BP': '-0.0000996991574663997993380201'}",8,0.010030090270812437311935800,1,2026-07-20,772368.00000000,304767.00000000
0.00005011275369581558506639939865,91.43642200,4381.29365540,19317.57333680,57218.65841456,17,1.002305302195048611807160000,0.9978,128,23,0.9977,407,53,66693.929684,"{'ZERO': '0.000100230530219504861180716', 'MAKER_A_0.2BP': '0.000060227321062479221499062', 'MAKER_B_0.5BP': '2.25507417623004787417E-7', 'STRESS_1BP': '-0.0000997695158819288964157608'}",9,0.010023053021950486118071600,1,2026-07-20,212663.00000000,403576.00000000
0.0001002707309736287977539356262,9.29642400,8923.68948400,18048.20032150,25347.80899150,10,2.005615724027276373846770000,0.9974,538,91,0.9972,795,113,27172.711159,"{'ZERO': '0.000200561572402727637384677', 'MAKER_A_0.2BP': '0.000160554350084277897273984', 'MAKER_B_0.5BP': '0.000100546516998257588123402', 'STRESS_1BP': '5.41462099277436877251E-7'}",10,0.020056157240272763738467700,2,2026-07-20,568474.00000000,996223.00000000
0.00005011275369581558506639939865,38.41108800,326.50888860,687.32197560,6813.29797740,85,1.002305302195048611807160000,0.9978,906,151,0.9977,848,124,9123.069342,"{'ZERO': '0.000100230530219504861180716', 'MAKER_A_0.2BP': '0.000060227321062479221499062', 'MAKER_B_0.5BP': '2.25507417623004787417E-7', 'STRESS_1BP': '-0.0000997695158819288964157608'}",1,0.010023053021950486118071600,1,2026-07-21,1232395.00000000,687881.00000000
0.00005010271055664111428428277970,56.75809050,439.31997510,2223.79853460,18595.07715114,74,1.002104419280489026956610000,0.998,504,104,0.9979,696,138,30248.415348,"{'ZERO': '0.000100210441928048902695661', 'MAKER_A_0.2BP': '0.000060207233574538850940588', 'MAKER_B_0.5BP': '2.05421134895755462753E-7', 'STRESS_1BP': '-0.0000997896001561282893656721'}",2,0.010021044192804890269566100,1,2026-07-21,309822.00000000,968575.00000000
0.00005010773162298942726862754923,38.25992800,752.51490080,2528.85520360,13432.45867140,65,1.002204850671477249949890000,0.9979,696,138,0.9978,906,151,18917.418505,"{'ZERO': '0.000100220485067147724994989', 'MAKER_A_0.2BP': '0.000060217276311920143637616', 'MAKER_B_0.5BP': '2.15463269730881064686E-7', 'STRESS_1BP': '-0.0000997795590254564441330972'}",3,0.010022048506714772499498900,1,2026-07-21,968575.00000000,1232395.00000000
0.00005011777677542224226933293239,145.38959800,756.92661870,971.50477425,1320.26382328,40,1.002405773857257417802730000,0.9977,848,124,0.9976,536,43,1411.69669,"{'ZERO': '0.000100240577385725741780273', 'MAKER_A_0.2BP': '0.000060237367826821490835620', 'MAKER_B_0.5BP': '2.35553579177496618353E-7', 'STRESS_1BP': '-0.0000997594707249403367602293'}",4,0.010024057738572574178027300,1,2026-07-21,687881.00000000,474268.00000000
0.00005009769049646811281999899805,111.29937400,1003.52553140,11391.64294270,20823.15894294,28,1.002004008016032064128260000,0.9981,285,41,0.998,504,104,22304.214723,"{'ZERO': '0.000100200400801603206412826', 'MAKER_A_0.2BP': '0.000060197192849730179745102', 'MAKER_B_0.5BP': '1.95381012512500627474E-7', 'STRESS_1BP': '-0.0000997996392745494989579198'}",5,0.010020040080160320641282600,1,2026-07-21,394783.00000000,309822.00000000
0.00005008263634997746281364251014,0.00805000,0.00848440,0.00857310,19623.55077974,23,1.001702894921366322748670000,0.9984,303,29,0.9983,79,41,25158.396015,"{'ZERO': '0.000100170289492136632274867', 'MAKER_A_0.2BP': '0.000060167082744691895704308', 'MAKER_B_0.5BP': '1.65272714026324127047E-7', 'STRESS_1BP': '-0.0000998297445623563457537848'}",6,0.010017028949213663227486700,1,2026-07-21,1107355.00000000,2275776.00000000
0.00005008765339343851740545955422,86.30533000,1007.27159390,5570.23757850,19612.76813490,18,1.001803245842516529753560000,0.9983,79,41,0.9982,166,31,23123.400774,"{'ZERO': '0.000100180324584251652975356', 'MAKER_A_0.2BP': '0.000060177117435411259717102', 'MAKER_B_0.5BP': '1.75306802682306277393E-7', 'STRESS_1BP': '-0.0000998197114770590662833136'}",7,0.010018032458425165297535600,1,2026-07-21,2275776.00000000,135065.00000000
0.00005009267144216801082001703151,151.51654300,813.92583940,9565.43413280,20042.13388496,13,1.001903616872056908125440000,0.9982,166,31,0.9981,285,41,22661.308823,"{'ZERO': '0.000100190361687205690812544', 'MAKER_A_0.2BP': '0.000060187154136889208914549', 'MAKER_B_0.5BP': '1.85342901976231716417E-7', 'STRESS_1BP': '-0.0000998096763813248972668107'}",8,0.010019036168720569081254400,1,2026-07-21,135065.00000000,394783.00000000
0.0001002104419280489026956608879,5422.55830150,22238.99973950,26234.05052425,29430.09115205,6,2.004409701342954499899780000,0.998,504,104,0.9978,906,151,30229.101309,"{'ZERO': '0.000200440970134295449989978', 'MAKER_A_0.2BP': '0.000160433752639839967281633', 'MAKER_B_0.5BP': '0.000100425926789449262754341', 'STRESS_1BP': '4.20883948887131731806E-7'}",9,0.020044097013429544998997800,2,2026-07-21,309822.00000000,1232395.00000000
0.00005007762031148279833742300566,3.93115100,22.1344450,24.7744725,26.8864945,6,1.001602564102564102564100000,0.9985,7,7,0.9984,303,29,27.4145,"{'ZERO': '0.000100160256410256410256410', 'MAKER_A_0.2BP': '0.000060157050064126922589753', 'MAKER_B_0.5BP': '1.55240635404127229536E-7', 'STRESS_1BP': '-0.0000998397756378208333012853'}",10,0.010016025641025641025641000,1,2026-07-21,23457.00000000,1107355.00000000
0.00005012782595618828011429144318,46.59834400,298.75092800,377.81328600,625.39102480,81,1.002606777621816723481050000,0.9975,359,98,0.9974,230,81,803.551508,"{'ZERO': '0.000100260677762181672348105', 'MAKER_A_0.2BP': '0.000060257467399278443145795', 'MAKER_B_0.5BP': '2.55651945696278450565E-7', 'STRESS_1BP': '-0.0000997393743681577300461251'}",1,0.010026067776218167234810500,1,2026-07-22,248210.00000000,80578.00000000
0.00005010271055664111428428277970,54.20482400,794.49627040,1018.22179380,30646.78207652,53,1.002104419280489026956610000,0.998,363,62,0.9979,484,102,41966.456169,"{'ZERO': '0.000100210441928048902695661', 'MAKER_A_0.2BP': '0.000060207233574538850940588', 'MAKER_B_0.5BP': '2.05421134895755462753E-7', 'STRESS_1BP': '-0.0000997896001561282893656721'}",2,0.010021044192804890269566100,1,2026-07-22,468325.00000000,466927.00000000
0.00005010773162298942726862754923,102.32766500,578.28063100,2538.70834160,20998.17527476,49,1.002204850671477249949890000,0.9979,484,102,0.9978,673,87,34149.380089,"{'ZERO': '0.000100220485067147724994989', 'MAKER_A_0.2BP': '0.000060217276311920143637616', 'MAKER_B_0.5BP': '2.15463269730881064686E-7', 'STRESS_1BP': '-0.0000997795590254564441330972'}",3,0.010022048506714772499498900,1,2026-07-22,466927.00000000,1072024.00000000
0.00005007762031148279833742300566,0.00872000,0.01158380,0.01215560,80.01467176,45,1.001602564102564102564100000,0.9985,689,46,0.9984,150,65,142.871585,"{'ZERO': '0.000100160256410256410256410', 'MAKER_A_0.2BP': '0.000060157050064126922589753', 'MAKER_B_0.5BP': '1.55240635404127229536E-7', 'STRESS_1BP': '-0.0000998397756378208333012853'}",4,0.010016025641025641025641000,1,2026-07-22,1311272.00000000,1916344.00000000
0.00005011275369581558506639939865,35.87363700,477.74334300,660.77072260,20198.40771542,39,1.002305302195048611807160000,0.9978,673,87,0.9977,323,57,32150.449197,"{'ZERO': '0.000100230530219504861180716', 'MAKER_A_0.2BP': '0.000060227321062479221499062', 'MAKER_B_0.5BP': '2.25507417623004787417E-7', 'STRESS_1BP': '-0.0000997695158819288964157608'}",5,0.010023053021950486118071600,1,2026-07-22,1072024.00000000,292276.00000000
0.00005008263634997746281364251014,0.00928100,4.16156300,33.79398830,93.53293007,30,1.001702894921366322748670000,0.9984,150,65,0.9983,62,37,109.21628,"{'ZERO': '0.000100170289492136632274867', 'MAKER_A_0.2BP': '0.000060167082744691895704308', 'MAKER_B_0.5BP': '1.65272714026324127047E-7', 'STRESS_1BP': '-0.0000998297445623563457537848'}",6,0.010017028949213663227486700,1,2026-07-22,1916344.00000000,2522033.00000000
0.0001001602564102564102564102564,0.00937800,0.01213280,38.59877660,113.95038460,27,2.003405789842732645497350000,0.9985,689,46,0.9983,62,37,134.614935,"{'ZERO': '0.000200340578984273264549735', 'MAKER_A_0.2BP': '0.000160333365505383471415015', 'MAKER_B_0.5BP': '0.000100325545678040148879063', 'STRESS_1BP': '3.20512875087328490431E-7'}",7,0.020034057898427326454973500,2,2026-07-22,1311272.00000000,2522033.00000000
0.00005011777677542224226933293239,228.40106350,1761.50975730,5185.87020450,17834.83073850,18,1.002405773857257417802730000,0.9977,323,57,0.9976,340,35,20997.070872,"{'ZERO': '0.000100240577385725741780273', 'MAKER_A_0.2BP': '0.000060237367826821490835620', 'MAKER_B_0.5BP': '2.35553579177496618353E-7', 'STRESS_1BP': '-0.0000997594707249403367602293'}",8,0.010024057738572574178027300,1,2026-07-22,292276.00000000,266729.00000000
0.00005012280086211217482832940705,37.69230400,740.55513660,4407.99887740,14694.17844348,17,1.002506265664160401002510000,0.9976,340,35,0.9975,359,98,17265.723335,"{'ZERO': '0.000100250626566416040100251', 'MAKER_A_0.2BP': '0.000060247416605552600727434', 'MAKER_B_0.5BP': '2.45601754999969299781E-7', 'STRESS_1BP': '-0.0000997494235538852129824612'}",9,0.010025062656641604010025100,1,2026-07-22,266729.00000000,248210.00000000
0.00005009267144216801082001703151,91.63243350,501.99923470,35330.04062655,69352.87656771,12,1.001903616872056908125440000,0.9982,45,21,0.9981,192,21,77858.585553,"{'ZERO': '0.000100190361687205690812544', 'MAKER_A_0.2BP': '0.000060187154136889208914549', 'MAKER_B_0.5BP': '1.85342901976231716417E-7', 'STRESS_1BP': '-0.0000998096763813248972668107'}",10,0.010019036168720569081254400,1,2026-07-22,282999.00000000,284194.00000000
0.00005011777677542224226933293239,0.01074200,53.46589980,58.69930420,8317.91820808,113,1.002405773857257417802730000,0.9977,801,171,0.9976,840,173,38363.104437,"{'ZERO': '0.000100240577385725741780273', 'MAKER_A_0.2BP': '0.000060237367826821490835620', 'MAKER_B_0.5BP': '2.35553579177496618353E-7', 'STRESS_1BP': '-0.0000997594707249403367602293'}",1,0.010024057738572574178027300,1,2026-07-23,1293937.00000000,1379609.00000000
0.00005012782595618828011429144318,42.52192800,559.83126740,1371.99490370,5622.07647602,79,1.002606777621816723481050000,0.9975,800,151,0.9974,1433,100,11662.76147,"{'ZERO': '0.000100260677762181672348105', 'MAKER_A_0.2BP': '0.000060257467399278443145795', 'MAKER_B_0.5BP': '2.55651945696278450565E-7', 'STRESS_1BP': '-0.0000997393743681577300461251'}",2,0.010026067776218167234810500,1,2026-07-23,3620791.00000000,1005525.00000000
0.00005012280086211217482832940705,8.56915100,245.67682100,773.04157600,11229.92596300,71,1.002506265664160401002510000,0.9976,840,173,0.9975,800,151,29421.583363,"{'ZERO': '0.000100250626566416040100251', 'MAKER_A_0.2BP': '0.000060247416605552600727434', 'MAKER_B_0.5BP': '2.45601754999969299781E-7', 'STRESS_1BP': '-0.0000997494235538852129824612'}",3,0.010025062656641604010025100,1,2026-07-23,1379609.00000000,3620791.00000000
0.00005011275369581558506639939865,30.10617800,59.17554800,822.93485100,22657.92114760,61,1.002305302195048611807160000,0.9978,574,117,0.9977,801,171,38632.821259,"{'ZERO': '0.000100230530219504861180716', 'MAKER_A_0.2BP': '0.000060227321062479221499062', 'MAKER_B_0.5BP': '2.25507417623004787417E-7', 'STRESS_1BP': '-0.0000997695158819288964157608'}",4,0.010023053021950486118071600,1,2026-07-23,468669.00000000,1293937.00000000
0.00005010773162298942726862754923,36.00241000,506.82161920,801.25136020,11196.78990202,55,1.002204850671477249949890000,0.9979,263,70,0.9978,574,117,22875.935356,"{'ZERO': '0.000100220485067147724994989', 'MAKER_A_0.2BP': '0.000060217276311920143637616', 'MAKER_B_0.5BP': '2.15463269730881064686E-7', 'STRESS_1BP': '-0.0000997795590254564441330972'}",5,0.010022048506714772499498900,1,2026-07-23,400348.00000000,468669.00000000
0.0001002405773857257417802726544,0.01063800,2.94579600,4492.10991550,29540.82251120,31,2.005012531328320802005010000,0.9977,801,171,0.9975,800,151,38363.103218,"{'ZERO': '0.000200501253132832080200501', 'MAKER_A_0.2BP': '0.000160494033227104881461268', 'MAKER_B_0.5BP': '0.000100486203759987439224530', 'STRESS_1BP': '4.81154892029594033078E-7'}",6,0.020050125313283208020050100,2,2026-07-23,1293937.00000000,3620791.00000000
0.00005013285205795357697899433499,54.78856100,751.00696060,987.16889490,6796.92447400,22,1.002707309736287977539360000,0.9974,1433,100,0.9973,261,39,8338.312315,"{'ZERO': '0.000100270730973628797753936', 'MAKER_A_0.2BP': '0.000060267520208605153074919', 'MAKER_B_0.5BP': '2.65704151872522687914E-7', 'STRESS_1BP': '-0.0000997293231671518499408457'}",7,0.010027073097362879775393600,1,2026-07-23,1005525.00000000,238671.00000000
0.00005009769049646811281999899805,99.72896250,394.57019280,5305.15512980,27471.79731396,18,1.002004008016032064128260000,0.9981,77,19,0.998,109,33,33013.45786,"{'ZERO': '0.000100200400801603206412826', 'MAKER_A_0.2BP': '0.000060197192849730179745102', 'MAKER_B_0.5BP': '1.95381012512500627474E-7', 'STRESS_1BP': '-0.0000997996392745494989579198'}",8,0.010020040080160320641282600,1,2026-07-23,111294.00000000,282341.00000000
0.00005013787916771120581599398345,52.75198100,616.92627880,865.33570180,1182.08234116,17,1.002807862013638186923390000,0.9973,261,39,0.9972,72,17,1261.269001,"{'ZERO': '0.000100280786201363818692339', 'MAKER_A_0.2BP': '0.000060277575034139108633792', 'MAKER_B_0.5BP': '2.75758374135043749216E-7', 'STRESS_1BP': '-0.0000997192699502612915603746'}",9,0.010028078620136381869233900,1,2026-07-23,238671.00000000,59042.00000000
0.00005010271055664111428428277970,18.02374300,48.38459180,9265.01048140,26465.45768268,15,1.002104419280489026956610000,0.998,109,33,0.9979,263,70,30765.569483,"{'ZERO': '0.000100210441928048902695661', 'MAKER_A_0.2BP': '0.000060207233574538850940588', 'MAKER_B_0.5BP': '2.05421134895755462753E-7', 'STRESS_1BP': '-0.0000997896001561282893656721'}",10,0.010021044192804890269566100,1,2026-07-23,282341.00000000,400348.00000000
0.00005013787916771120581599398345,43.53534400,945.20463480,1946.80361805,7515.41279214,80,1.002807862013638186923390000,0.9973,1064,116,0.9972,878,123,27245.457103,"{'ZERO': '0.000100280786201363818692339', 'MAKER_A_0.2BP': '0.000060277575034139108633792', 'MAKER_B_0.5BP': '2.75758374135043749216E-7', 'STRESS_1BP': '-0.0000997192699502612915603746'}",1,0.010028078620136381869233900,1,2026-07-24,750595.00000000,1132758.00000000
0.00005014793641241662905571435735,71.25013900,325.58827100,647.62858300,1107.26037450,51,1.003009027081243731193580000,0.9971,500,95,0.997,381,58,1302.380271,"{'ZERO': '0.000100300902708124373119358', 'MAKER_A_0.2BP': '0.000060297690736255485522185', 'MAKER_B_0.5BP': '2.95872869345499625721E-7', 'STRESS_1BP': '-0.0000996991574663997993380201'}",2,0.010030090270812437311935800,1,2026-07-24,459838.00000000,490725.00000000
0.00005014290728576442862157147871,84.31221800,974.63782600,2079.49184660,10424.58939410,43,1.002908434459933808043330000,0.9972,878,123,0.9971,500,95,15024.657893,"{'ZERO': '0.000100290843445993380804333', 'MAKER_A_0.2BP': '0.000060287631876486931198093', 'MAKER_B_0.5BP': '2.85814613090426613962E-7', 'STRESS_1BP': '-0.0000997092147168795305806898'}",3,0.010029084344599338080433300,1,2026-07-24,1132758.00000000,459838.00000000
0.00005013285205795357697899433499,282.61533600,2445.17539380,3973.25976310,7984.90651012,35,1.002707309736287977539360000,0.9974,121,37,0.9973,1064,116,9942.517228,"{'ZERO': '0.000100270730973628797753936', 'MAKER_A_0.2BP': '0.000060267520208605153074919', 'MAKER_B_0.5BP': '2.65704151872522687914E-7', 'STRESS_1BP': '-0.0000997293231671518499408457'}",4,0.010027073097362879775393600,1,2026-07-24,66309.00000000,750595.00000000
0.00005015296654797131250313456041,71.10977900,319.33306280,511.60661840,665.42546288,9,1.003109639883639281773500000,0.997,381,58,0.9969,19,11,703.880174,"{'ZERO': '0.000100310963988363928177350', 'MAKER_A_0.2BP': '0.000060307751614051879861189', 'MAKER_B_0.5BP': '3.05933143507334614210E-7', 'STRESS_1BP': '-0.0000996890981982150867067973'}",5,0.010031096398836392817735000,1,2026-07-24,490725.00000000,8441.00000000
0.0001002807862013638186923385479,376.96566800,9408.25638630,18150.59440015,25144.46481123,8,2.005816868919867616086650000,0.9973,1064,116,0.9971,500,95,26892.932414,"{'ZERO': '0.000200581686891986761608665', 'MAKER_A_0.2BP': '0.000160574463768973542402585', 'MAKER_B_0.5BP': '0.000100566629476168353852892', 'STRESS_1BP': '5.61572566040958836621E-7'}",6,0.020058168689198676160866500,2,2026-07-24,750595.00000000,459838.00000000
0.0001003009027081243731193580742,409.10811850,738.80517600,756.35829400,770.40078840,6,2.006219279767278563547000000,0.9971,500,95,0.9969,19,11,773.911412,"{'ZERO': '0.000200621927976727856354700', 'MAKER_A_0.2BP': '0.000160614703244103439728778', 'MAKER_B_0.5BP': '0.000100606866537002169853389', 'STRESS_1BP': '6.01805603369846584406E-7'}",7,0.020062192797672785635470000,2,2026-07-24,459838.00000000,8441.00000000
0.0001002908434459933808043325644,2192.82542950,11760.17151340,13407.61244170,14725.56518434,4,2.006018054162487462387160000,0.9972,878,123,0.997,381,58,15055.05337,"{'ZERO': '0.000200601805416248746238716', 'MAKER_A_0.2BP': '0.000160594581488510651050770', 'MAKER_B_0.5BP': '0.000100586745988678499876410', 'STRESS_1BP': '5.81687067000421321960E-7'}",8,0.020060180541624874623871600,2,2026-07-24,1132758.00000000,490725.00000000
0.0001002707309736287977539356262,3287.16788250,8099.84182910,8994.96706205,9711.06724841,4,2.005615724027276373846770000,0.9974,121,37,0.9972,878,123,9890.092295,"{'ZERO': '0.000200561572402727637384677', 'MAKER_A_0.2BP': '0.000160554350084277897273984', 'MAKER_B_0.5BP': '0.000100546516998257588123402', 'STRESS_1BP': '5.41462099277436877251E-7'}",9,0.020056157240272763738467700,2,2026-07-24,66309.00000000,1132758.00000000
0.0001504136375031336174479819504,5616.67445000,8150.92439560,8467.70563880,8721.13063336,2,3.008725303379801424129980000,0.9974,121,37,0.9971,500,95,8784.486882,"{'ZERO': '0.000300872530337980142412998', 'MAKER_A_0.2BP': '0.000260861295661460153607077', 'MAKER_B_0.5BP': '0.000200847444339246281091822', 'STRESS_1BP': '0.000100832359848961448253931'}",10,0.030087253033798014241299800,3,2026-07-24,66309.00000000,459838.00000000
0.00005006759124818504981725329194,0.00815800,2.11089980,4.05139940,215.64599116,193,1.001401962747846985780090000,0.9987,944,323,0.9986,834,291,10487.417624,"{'ZERO': '0.000100140196274784698578009', 'MAKER_A_0.2BP': '0.000060136990731044581992398', 'MAKER_B_0.5BP': '1.35182505845667059727E-7', 'STRESS_1BP': '-0.0000998598317616666132305255'}",1,0.010014019627478469857800900,1,2026-07-25,7313250.00000000,8408106.00000000
0.00005006257822277847309136420526,0.00891700,2.04057680,5.17305600,608.93601852,173,1.001301692199859817763090000,0.9988,1077,257,0.9987,944,323,10568.321058,"{'ZERO': '0.000100130169219985981776309', 'MAKER_A_0.2BP': '0.000060126964077320035655961', 'MAKER_B_0.5BP': '1.25156453702297362352E-7', 'STRESS_1BP': '-0.0000998698568112548913327352'}",2,0.010013016921998598177630900,1,2026-07-25,5708182.00000000,7313250.00000000
0.00005007260527765259626458364629,0.00816450,3.24402950,30.90604775,989.87860670,156,1.001502253380070105157740000,0.9986,834,291,0.9985,801,243,9607.215149,"{'ZERO': '0.000100150225338007010515774', 'MAKER_A_0.2BP': '0.000060147019393112388127801', 'MAKER_B_0.5BP': '1.45210566211799575269E-7', 'STRESS_1BP': '-0.0000998498047040563845468232'}",3,0.010015022533800701051577400,1,2026-07-25,8408106.00000000,7752533.00000000
0.00005007762031148279833742300566,0.00710800,3.25320480,36.48424440,1103.22314460,113,1.001602564102564102564100000,0.9985,801,243,0.9984,430,157,9305.779582,"{'ZERO': '0.000100160256410256410256410', 'MAKER_A_0.2BP': '0.000060157050064126922589753', 'MAKER_B_0.5BP': '1.55240635404127229536E-7', 'STRESS_1BP': '-0.0000998397756378208333012853'}",4,0.010016025641025641025641000,1,2026-07-25,7752533.00000000,4099939.00000000
0.00005005756620113130099614556740,0.01105700,0.40397700,26.16132300,2919.69682290,91,1.001201441730076091309570000,0.9989,1057,97,0.9988,1077,257,10645.523775,"{'ZERO': '0.000100120144173007609130957', 'MAKER_A_0.2BP': '0.000060116939431335522268329', 'MAKER_B_0.5BP': '1.15132409178499825509E-7', 'STRESS_1BP': '-0.0000998798798534243491950364'}",5,0.010012014417300760913095700,1,2026-07-25,4462070.00000000,5708182.00000000
0.0001001401962747846985780092129,0.00370550,0.01394570,42.18480625,3376.81569579,82,2.003004506760140210315470000,0.9987,944,323,0.9985,801,243,10487.420088,"{'ZERO': '0.000200300450676014021031547', 'MAKER_A_0.2BP': '0.000160293238802224456262001', 'MAKER_B_0.5BP': '0.000100285421382411099775507', 'STRESS_1BP': '2.80392591687250904354E-7'}",6,0.020030045067601402103154700,2,2026-07-25,7313250.00000000,7752533.00000000
0.00005009769049646811281999899805,0.00300700,17.48524560,161.57966620,2788.10741508,77,1.002004008016032064128260000,0.9981,605,88,0.998,169,85,9070.004278,"{'ZERO': '0.000100200400801603206412826', 'MAKER_A_0.2BP': '0.000060197192849730179745102', 'MAKER_B_0.5BP': '1.95381012512500627474E-7', 'STRESS_1BP': '-0.0000997996392745494989579198'}",7,0.010020040080160320641282600,1,2026-07-25,747234.00000000,1003369.00000000
0.00005008263634997746281364251014,0.00751600,9.78877900,201.92505970,3181.40614780,75,1.001702894921366322748670000,0.9984,430,157,0.9983,129,83,9193.338812,"{'ZERO': '0.000100170289492136632274867', 'MAKER_A_0.2BP': '0.000060167082744691895704308', 'MAKER_B_0.5BP': '1.65272714026324127047E-7', 'STRESS_1BP': '-0.0000998297445623563457537848'}",8,0.010017028949213663227486700,1,2026-07-25,4099939.00000000,3961056.00000000
0.0001001301692199859817763092020,0.00468450,5.31864600,25.75727180,4259.05224051,74,2.002803925495693971560180000,0.9988,1077,257,0.9986,834,291,10568.330122,"{'ZERO': '0.000200280392549569397156018', 'MAKER_A_0.2BP': '0.000160273181478088843991195', 'MAKER_B_0.5BP': '0.000100265365261678834744423', 'STRESS_1BP': '2.60338476466793536949E-7'}",9,0.020028039254956939715601800,2,2026-07-25,5708182.00000000,8408106.00000000
0.0001001201441730076091309571486,0.01130950,12.08983890,100.79518855,5738.63570801,58,2.002603384399719635526180000,0.9989,1057,97,0.9987,944,323,10641.691352,"{'ZERO': '0.000200260338439971963552618', 'MAKER_A_0.2BP': '0.000160253128170639751318321', 'MAKER_B_0.5BP': '0.000100245313157392095349673', 'STRESS_1BP': '2.40288377290237332530E-7'}",10,0.020026033843997196355261800,2,2026-07-25,4462070.00000000,7313250.00000000
0.00005006257822277847309136420526,0.00300400,0.01049100,1.21616535,8.36529760,152,1.001301692199859817763090000,0.9988,1044,160,0.9987,224,177,23.392219,"{'ZERO': '0.000100130169219985981776309', 'MAKER_A_0.2BP': '0.000060126964077320035655961', 'MAKER_B_0.5BP': '1.25156453702297362352E-7', 'STRESS_1BP': '-0.0000998698568112548913327352'}",1,0.010013016921998598177630900,1,2026-07-26,1293107.00000000,1871734.00000000
0.00005006759124818504981725329194,0.00849050,2.49512910,3.12241525,4.78920087,98,1.001401962747846985780090000,0.9987,224,177,0.9986,126,101,7.837163,"{'ZERO': '0.000100140196274784698578009', 'MAKER_A_0.2BP': '0.000060136990731044581992398', 'MAKER_B_0.5BP': '1.35182505845667059727E-7', 'STRESS_1BP': '-0.0000998598317616666132305255'}",2,0.010014019627478469857800900,1,2026-07-26,1871734.00000000,8819837.00000000
0.0001001301692199859817763092020,0.00299100,0.00921700,0.01018800,0.89670960,97,2.002803925495693971560180000,0.9988,1044,160,0.9986,126,101,22.16586,"{'ZERO': '0.000200280392549569397156018', 'MAKER_A_0.2BP': '0.000160273181478088843991195', 'MAKER_B_0.5BP': '0.000100265365261678834744423', 'STRESS_1BP': '2.60338476466793536949E-7'}",3,0.020028039254956939715601800,2,2026-07-26,1293107.00000000,8819837.00000000
0.00005012782595618828011429144318,50.20652750,642.91101590,913.91085845,1622.58333513,88,1.002606777621816723481050000,0.9975,1903,124,0.9974,375,89,1731.10383,"{'ZERO': '0.000100260677762181672348105', 'MAKER_A_0.2BP': '0.000060257467399278443145795', 'MAKER_B_0.5BP': '2.55651945696278450565E-7', 'STRESS_1BP': '-0.0000997393743681577300461251'}",4,0.010026067776218167234810500,1,2026-07-26,7519487.00000000,524011.00000000
0.00005011777677542224226933293239,74.68735100,671.72828290,3449.62901395,12675.32421068,52,1.002405773857257417802730000,0.9977,316,61,0.9976,1140,89,19866.814745,"{'ZERO': '0.000100240577385725741780273', 'MAKER_A_0.2BP': '0.000060237367826821490835620', 'MAKER_B_0.5BP': '2.35553579177496618353E-7', 'STRESS_1BP': '-0.0000997594707249403367602293'}",5,0.010024057738572574178027300,1,2026-07-26,736866.00000000,1568341.00000000
0.00005012280086211217482832940705,199.58024950,1361.15678350,5868.76446485,27464.07659036,38,1.002506265664160401002510000,0.9976,1140,89,0.9975,1903,124,37800.143981,"{'ZERO': '0.000100250626566416040100251', 'MAKER_A_0.2BP': '0.000060247416605552600727434', 'MAKER_B_0.5BP': '2.45601754999969299781E-7', 'STRESS_1BP': '-0.0000997494235538852129824612'}",6,0.010025062656641604010025100,1,2026-07-26,1568341.00000000,7519487.00000000
0.00005009267144216801082001703151,0.00841300,37.42084300,22388.77393100,40269.85640140,11,1.001903616872056908125440000,0.9982,123,14,0.9981,71,13,44740.127019,"{'ZERO': '0.000100190361687205690812544', 'MAKER_A_0.2BP': '0.000060187154136889208914549', 'MAKER_B_0.5BP': '1.85342901976231716417E-7', 'STRESS_1BP': '-0.0000998096763813248972668107'}",7,0.010019036168720569081254400,1,2026-07-26,601155.00000000,697067.00000000
0.00005011275369581558506639939865,29.40821950,6460.79310150,23718.31842525,37524.33868425,10,1.002305302195048611807160000,0.9978,42,13,0.9977,316,61,40975.843749,"{'ZERO': '0.000100230530219504861180716', 'MAKER_A_0.2BP': '0.000060227321062479221499062', 'MAKER_B_0.5BP': '2.25507417623004787417E-7', 'STRESS_1BP': '-0.0000997695158819288964157608'}",8,0.010023053021950486118071600,1,2026-07-26,56024.00000000,736866.00000000
0.00005005756620113130099614556740,3.61459250,106.55265450,220.44146275,311.55250935,8,1.001201441730076091309570000,0.9989,29,10,0.9988,1044,160,334.330271,"{'ZERO': '0.000100120144173007609130957', 'MAKER_A_0.2BP': '0.000060116939431335522268329', 'MAKER_B_0.5BP': '1.15132409178499825509E-7', 'STRESS_1BP': '-0.0000998798798534243491950364'}",9,0.010012014417300760913095700,1,2026-07-26,46475.00000000,1293107.00000000
0.0001002405773857257417802726544,4785.45860700,28852.75757050,33350.73758225,36949.12159165,6,2.005012531328320802005010000,0.9977,316,61,0.9975,1903,124,37848.717594,"{'ZERO': '0.000200501253132832080200501', 'MAKER_A_0.2BP': '0.000160494033227104881461268', 'MAKER_B_0.5BP': '0.000100486203759987439224530', 'STRESS_1BP': '4.81154892029594033078E-7'}",10,0.020050125313283208020050100,2,2026-07-26,736866.00000000,7519487.00000000
0.00005010271055664111428428277970,0.00795250,9.54262850,66.91282715,6295.16457284,184,1.002104419280489026956610000,0.998,1586,313,0.9979,701,235,46666.732836,"{'ZERO': '0.000100210441928048902695661', 'MAKER_A_0.2BP': '0.000060207233574538850940588', 'MAKER_B_0.5BP': '2.05421134895755462753E-7', 'STRESS_1BP': '-0.0000997896001561282893656721'}",1,0.010021044192804890269566100,1,2026-07-27,11706891.00000000,5675549.00000000
0.00005009267144216801082001703151,0.00307150,1.45885990,3.68327505,10331.90970715,172,1.001903616872056908125440000,0.9982,1005,213,0.9981,428,219,48834.113211,"{'ZERO': '0.000100190361687205690812544', 'MAKER_A_0.2BP': '0.000060187154136889208914549', 'MAKER_B_0.5BP': '1.85342901976231716417E-7', 'STRESS_1BP': '-0.0000998096763813248972668107'}",2,0.010019036168720569081254400,1,2026-07-27,1933054.00000000,2295460.00000000
0.00005011777677542224226933293239,34.72838900,294.47958980,650.41635740,10525.83611440,149,1.002405773857257417802730000,0.9977,1459,195,0.9976,2214,243,28682.394686,"{'ZERO': '0.000100240577385725741780273', 'MAKER_A_0.2BP': '0.000060237367826821490835620', 'MAKER_B_0.5BP': '2.35553579177496618353E-7', 'STRESS_1BP': '-0.0000997594707249403367602293'}",3,0.010024057738572574178027300,1,2026-07-27,4091638.00000000,6659331.00000000
0.00005009769049646811281999899805,1.52028000,45.78661300,169.57401000,19798.50604620,141,1.002004008016032064128260000,0.9981,428,219,0.998,1586,313,46914.82978,"{'ZERO': '0.000100200400801603206412826', 'MAKER_A_0.2BP': '0.000060197192849730179745102', 'MAKER_B_0.5BP': '1.95381012512500627474E-7', 'STRESS_1BP': '-0.0000997996392745494989579198'}",4,0.010020040080160320641282600,1,2026-07-27,2295460.00000000,11706891.00000000
0.00005008263634997746281364251014,0.00834100,5.28985540,13.59799580,24142.51299968,127,1.001702894921366322748670000,0.9984,478,204,0.9983,518,182,49184.926575,"{'ZERO': '0.000100170289492136632274867', 'MAKER_A_0.2BP': '0.000060167082744691895704308', 'MAKER_B_0.5BP': '1.65272714026324127047E-7', 'STRESS_1BP': '-0.0000998297445623563457537848'}",5,0.010017028949213663227486700,1,2026-07-27,466925.00000000,7573773.00000000
0.00005005756620113130099614556740,0.00347900,0.04797880,3.9911520,35.69512312,125,1.001201441730076091309570000,0.9989,854,184,0.9988,230,140,74.910088,"{'ZERO': '0.000100120144173007609130957', 'MAKER_A_0.2BP': '0.000060116939431335522268329', 'MAKER_B_0.5BP': '1.15132409178499825509E-7', 'STRESS_1BP': '-0.0000998798798534243491950364'}",6,0.010012014417300760913095700,1,2026-07-27,2904696.00000000,3689783.00000000
0.00005007762031148279833742300566,0.00355700,2.40770420,12.88403550,205.36604338,123,1.001602564102564102564100000,0.9985,294,128,0.9984,478,204,32647.287305,"{'ZERO': '0.000100160256410256410256410', 'MAKER_A_0.2BP': '0.000060157050064126922589753', 'MAKER_B_0.5BP': '1.55240635404127229536E-7', 'STRESS_1BP': '-0.0000998397756378208333012853'}",7,0.010016025641025641025641000,1,2026-07-27,293013.00000000,466925.00000000
0.0001001903616872056908125438333,0.00313800,0.00946420,0.80338820,29977.18488304,109,2.004008016032064128256510000,0.9982,1005,213,0.998,1586,313,48831.793541,"{'ZERO': '0.000200400801603206412825651', 'MAKER_A_0.2BP': '0.000160393585715460039496605', 'MAKER_B_0.5BP': '0.000100385762275012501879916', 'STRESS_1BP': '3.80723450701022082161E-7'}",8,0.020040080160320641282565100,2,2026-07-27,1933054.00000000,11706891.00000000
0.00005012280086211217482832940705,28.12695200,175.13909120,300.47104690,1943.80625136,103,1.002506265664160401002510000,0.9976,2214,243,0.9975,605,117,28363.012071,"{'ZERO': '0.000100250626566416040100251', 'MAKER_A_0.2BP': '0.000060247416605552600727434', 'MAKER_B_0.5BP': '2.45601754999969299781E-7', 'STRESS_1BP': '-0.0000997494235538852129824612'}",9,0.010025062656641604010025100,1,2026-07-27,6659331.00000000,1041473.00000000
0.00005010773162298942726862754923,0.00943350,36.88460210,137.19648230,33371.63545430,90,1.002204850671477249949890000,0.9979,701,235,0.9978,468,138,46470.109377,"{'ZERO': '0.000100220485067147724994989', 'MAKER_A_0.2BP': '0.000060217276311920143637616', 'MAKER_B_0.5BP': '2.15463269730881064686E-7', 'STRESS_1BP': '-0.0000997795590254564441330972'}",10,0.010022048506714772499498900,1,2026-07-27,5675549.00000000,6802463.00000000
0.00005008765339343851740545955422,0.00295100,1.28719800,3.16218700,654.07407300,161,1.001803245842516529753560000,0.9983,673,174,0.9982,454,217,1865.397085,"{'ZERO': '0.000100180324584251652975356', 'MAKER_A_0.2BP': '0.000060177117435411259717102', 'MAKER_B_0.5BP': '1.75306802682306277393E-7', 'STRESS_1BP': '-0.0000998197114770590662833136'}",1,0.010018032458425165297535600,1,2026-07-28,1334731.00000000,3857314.00000000
0.00005009769049646811281999899805,0.00446600,2.16384800,15.08790400,617.37596200,151,1.002004008016032064128260000,0.9981,1085,262,0.998,633,253,1775.019066,"{'ZERO': '0.000100200400801603206412826', 'MAKER_A_0.2BP': '0.000060197192849730179745102', 'MAKER_B_0.5BP': '1.95381012512500627474E-7', 'STRESS_1BP': '-0.0000997996392745494989579198'}",2,0.010020040080160320641282600,1,2026-07-28,11336468.00000000,3807116.00000000
0.00005010271055664111428428277970,0.00670700,3.11757400,4.52392700,844.29243340,141,1.002104419280489026956610000,0.998,633,253,0.9979,511,192,1646.504743,"{'ZERO': '0.000100210441928048902695661', 'MAKER_A_0.2BP': '0.000060207233574538850940588', 'MAKER_B_0.5BP': '2.05421134895755462753E-7', 'STRESS_1BP': '-0.0000997896001561282893656721'}",3,0.010021044192804890269566100,1,2026-07-28,3807116.00000000,7043777.00000000
0.00005009267144216801082001703151,0.00725400,3.42717860,19.45907390,991.63626632,123,1.001903616872056908125440000,0.9982,454,217,0.9981,1085,262,1849.929614,"{'ZERO': '0.000100190361687205690812544', 'MAKER_A_0.2BP': '0.000060187154136889208914549', 'MAKER_B_0.5BP': '1.85342901976231716417E-7', 'STRESS_1BP': '-0.0000998096763813248972668107'}",4,0.010019036168720569081254400,1,2026-07-28,3857314.00000000,11336468.00000000
0.00005006759124818504981725329194,0.00266600,0.00520320,0.00981420,0.59741236,93,1.001401962747846985780090000,0.9987,488,93,0.9986,117,102,6.737991,"{'ZERO': '0.000100140196274784698578009', 'MAKER_A_0.2BP': '0.000060136990731044581992398', 'MAKER_B_0.5BP': '1.35182505845667059727E-7', 'STRESS_1BP': '-0.0000998598317616666132305255'}",5,0.010014019627478469857800900,1,2026-07-28,199698.00000000,127258.00000000
0.0001001803245842516529753556402,0.00304150,0.01794100,6.34216760,1719.24545161,90,2.003807233744113816250880000,0.9983,673,174,0.9981,1085,262,1865.400318,"{'ZERO': '0.000200380723374411381625088', 'MAKER_A_0.2BP': '0.000160373508289778097835498', 'MAKER_B_0.5BP': '0.000100365686053939964057804', 'STRESS_1BP': '3.60649237150225464379E-7'}",6,0.020038072337441138162508800,2,2026-07-28,1334731.00000000,11336468.00000000
0.00005010773162298942726862754923,0.00737500,7.09767800,118.16240040,758.67615180,85,1.002204850671477249949890000,0.9979,511,192,0.9978,277,104,1470.966735,"{'ZERO': '0.000100220485067147724994989', 'MAKER_A_0.2BP': '0.000060217276311920143637616', 'MAKER_B_0.5BP': '2.15463269730881064686E-7', 'STRESS_1BP': '-0.0000997795590254564441330972'}",7,0.010022048506714772499498900,1,2026-07-28,7043777.00000000,4243373.00000000
0.00005012280086211217482832940705,57.62157700,576.62423520,1018.00877265,5516.51725557,82,1.002506265664160401002510000,0.9976,383,95,0.9975,1371,147,14751.181377,"{'ZERO': '0.000100250626566416040100251', 'MAKER_A_0.2BP': '0.000060247416605552600727434', 'MAKER_B_0.5BP': '2.45601754999969299781E-7', 'STRESS_1BP': '-0.0000997494235538852129824612'}",8,0.010025062656641604010025100,1,2026-07-28,8006475.00000000,4039779.00000000
0.00005012782595618828011429144318,19.56489300,386.49094940,577.63287860,4090.88937336,73,1.002606777621816723481050000,0.9975,1371,147,0.9974,1020,106,11896.042776,"{'ZERO': '0.000100260677762181672348105', 'MAKER_A_0.2BP': '0.000060257467399278443145795', 'MAKER_B_0.5BP': '2.55651945696278450565E-7', 'STRESS_1BP': '-0.0000997393743681577300461251'}",9,0.010026067776218167234810500,1,2026-07-28,4039779.00000000,1773592.00000000
0.0001002004008016032064128256513,0.00332950,20.07055650,85.97839170,1295.95438030,68,2.004208838560978053913220000,0.9981,1085,262,0.9979,511,192,1646.506695,"{'ZERO': '0.000200420883856097805391322', 'MAKER_A_0.2BP': '0.000160413667165077381887576', 'MAKER_B_0.5BP': '0.000100405842519779011550475', 'STRESS_1BP': '4.00801687543441266656E-7'}",10,0.020042088385609780539132200,2,2026-07-28,11336468.00000000,7043777.00000000
0.00005014793641241662905571435735,117.15888300,1956.23059480,2695.80534350,7726.00319746,79,1.003009027081243731193580000,0.9971,797,116,0.997,1117,143,17878.915585,"{'ZERO': '0.000100300902708124373119358', 'MAKER_A_0.2BP': '0.000060297690736255485522185', 'MAKER_B_0.5BP': '2.95872869345499625721E-7', 'STRESS_1BP': '-0.0000996991574663997993380201'}",1,0.010030090270812437311935800,1,2026-07-29,1027655.00000000,999045.00000000
0.00005015799769273210613432311782,15.61214200,778.28647120,2273.92011650,5648.89625628,59,1.003210272873194221508830000,0.9969,1465,117,0.9968,694,92,6521.016205,"{'ZERO': '0.000100321027287319422150883', 'MAKER_A_0.2BP': '0.000060317814510483466093118', 'MAKER_B_0.5BP': '3.15995436183247017424E-7', 'STRESS_1BP': '-0.0000996790369117181379775345'}",2,0.010032102728731942215088300,1,2026-07-29,1476555.00000000,411989.00000000
0.00005015296654797131250313456041,127.82944700,1912.19657250,2725.50835720,8134.82273734,52,1.003109639883639281773500000,0.997,1117,143,0.9969,1465,117,13312.293301,"{'ZERO': '0.000100310963988363928177350', 'MAKER_A_0.2BP': '0.000060307751614051879861189', 'MAKER_B_0.5BP': '3.05933143507334614210E-7', 'STRESS_1BP': '-0.0000996890981982150867067973'}",3,0.010031096398836392817735000,1,2026-07-29,999045.00000000,1476555.00000000
0.00005014290728576442862157147871,116.75350800,2658.68943560,8153.86396050,16374.39064982,30,1.002908434459933808043330000,0.9972,250,48,0.9971,797,116,18138.926953,"{'ZERO': '0.000100290843445993380804333', 'MAKER_A_0.2BP': '0.000060287631876486931198093', 'MAKER_B_0.5BP': '2.85814613090426613962E-7', 'STRESS_1BP': '-0.0000997092147168795305806898'}",4,0.010029084344599338080433300,1,2026-07-29,252246.00000000,1027655.00000000
0.00005016302984700275896664158515,10.15332200,920.73634740,1588.50926450,2430.84039994,23,1.003310926055984749673920000,0.9968,694,92,0.9967,345,43,2647.645356,"{'ZERO': '0.000100331092605598474967392', 'MAKER_A_0.2BP': '0.000060327879426157839841096', 'MAKER_B_0.5BP': '3.26059747980796003844E-7', 'STRESS_1BP': '-0.0000996689736063014547346309'}",5,0.010033109260559847496739200,1,2026-07-29,411989.00000000,352543.00000000
0.0001003009027081243731193580742,142.85423800,2798.07381100,4460.01516975,14810.50052346,22,2.006219279767278563547000000,0.9971,797,116,0.9969,1465,117,17539.63347,"{'ZERO': '0.000200621927976727856354700', 'MAKER_A_0.2BP': '0.000160614703244103439728778', 'MAKER_B_0.5BP': '0.000100606866537002169853389', 'STRESS_1BP': '6.01805603369846584406E-7'}",6,0.020062192797672785635470000,2,2026-07-29,1027655.00000000,1476555.00000000
0.00005016806301108714192545025837,29.95298950,336.42529490,769.84353535,1889.19133747,18,1.003411599438089504314670000,0.9967,345,43,0.9966,2926,25,2169.028288,"{'ZERO': '0.000100341159943808950431467', 'MAKER_A_0.2BP': '0.000060337946361682840595646', 'MAKER_B_0.5BP': '3.36126079507784594716E-7', 'STRESS_1BP': '-0.0000996589082813572947341027'}",7,0.010034115994380895043146700,1,2026-07-29,352543.00000000,1446603.00000000
0.0001003109639883639281773497843,378.17568400,3219.87324120,5299.60421740,11703.64826028,17,2.006420545746388443017660000,0.997,1117,143,0.9968,694,92,13304.659271,"{'ZERO': '0.000200642054574638844301766', 'MAKER_A_0.2BP': '0.000160634829036966612192636', 'MAKER_B_0.5BP': '0.000100626991122353994659818', 'STRESS_1BP': '6.21928176363744042931E-7'}",8,0.020064205457463884430176600,2,2026-07-29,999045.00000000,411989.00000000
0.0001002908434459933808043325644,298.74207100,8219.01843280,13659.74433820,17016.96709324,15,2.006018054162487462387160000,0.9972,250,48,0.997,1117,143,17856.272782,"{'ZERO': '0.000200601805416248746238716', 'MAKER_A_0.2BP': '0.000160594581488510651050770', 'MAKER_B_0.5BP': '0.000100586745988678499876410', 'STRESS_1BP': '5.81687067000421321960E-7'}",9,0.020060180541624874623871600,2,2026-07-29,252246.00000000,999045.00000000
0.0001003310926055984749673923949,92.92778500,1693.45199110,2148.64863655,2512.80595291,10,2.006823198876179008629340000,0.9968,694,92,0.9966,2926,25,2603.845282,"{'ZERO': '0.000200682319887617900862934', 'MAKER_A_0.2BP': '0.000160675092739365361197693', 'MAKER_B_0.5BP': '0.000100667252409003069814400', 'STRESS_1BP': '6.62185437085430529795E-7'}",10,0.020068231988761790086293400,2,2026-07-29,411989.00000000,1446603.00000000
0.00005014290728576442862157147871,64.62127700,534.04323700,2315.02721000,16873.18767780,61,1.002908434459933808043330000,0.9972,499,67,0.9971,787,113,24931.279896,"{'ZERO': '0.000100290843445993380804333', 'MAKER_A_0.2BP': '0.000060287631876486931198093', 'MAKER_B_0.5BP': '2.85814613090426613962E-7', 'STRESS_1BP': '-0.0000997092147168795305806898'}",1,0.010029084344599338080433300,1,2026-07-30,430791.00000000,444012.00000000
0.00005014793641241662905571435735,38.40120300,629.22529440,1008.40480870,14711.49100116,47,1.003009027081243731193580000,0.9971,787,113,0.997,1144,84,20722.620031,"{'ZERO': '0.000100300902708124373119358', 'MAKER_A_0.2BP': '0.000060297690736255485522185', 'MAKER_B_0.5BP': '2.95872869345499625721E-7', 'STRESS_1BP': '-0.0000996991574663997993380201'}",2,0.010030090270812437311935800,1,2026-07-30,444012.00000000,588931.00000000
0.00005015296654797131250313456041,29.50261900,1652.41935880,5283.29924100,8502.43821192,43,1.003109639883639281773500000,0.997,1144,84,0.9969,584,101,9273.183141,"{'ZERO': '0.000100310963988363928177350', 'MAKER_A_0.2BP': '0.000060307751614051879861189', 'MAKER_B_0.5BP': '3.05933143507334614210E-7', 'STRESS_1BP': '-0.0000996890981982150867067973'}",3,0.010031096398836392817735000,1,2026-07-30,588931.00000000,573581.00000000
0.00005015799769273210613432311782,124.29922700,1181.90975280,1766.8363730,3978.92865892,39,1.003210272873194221508830000,0.9969,584,101,0.9968,468,67,5224.712856,"{'ZERO': '0.000100321027287319422150883', 'MAKER_A_0.2BP': '0.000060317814510483466093118', 'MAKER_B_0.5BP': '3.15995436183247017424E-7', 'STRESS_1BP': '-0.0000996790369117181379775345'}",4,0.010032102728731942215088300,1,2026-07-30,573581.00000000,368490.00000000
0.00005016302984700275896664158515,54.35257350,1153.39609680,1646.54677990,2241.53938144,30,1.003310926055984749673920000,0.9968,468,67,0.9967,265,51,2388.357352,"{'ZERO': '0.000100331092605598474967392', 'MAKER_A_0.2BP': '0.000060327879426157839841096', 'MAKER_B_0.5BP': '3.26059747980796003844E-7', 'STRESS_1BP': '-0.0000996689736063014547346309'}",5,0.010033109260559847496739200,1,2026-07-30,368490.00000000,187338.00000000
0.0001003210272873194221508828250,2.00190600,603.81503530,1291.50020200,4007.67934009,28,2.006621852111969499347850000,0.9969,584,101,0.9967,265,51,4969.708546,"{'ZERO': '0.000200662185211196949934785', 'MAKER_A_0.2BP': '0.000160654958868315359688592', 'MAKER_B_0.5BP': '0.000100647119745949092632656', 'STRESS_1BP': '6.42054787197110528738E-7'}",6,0.020066218521119694993478500,2,2026-07-30,573581.00000000,187338.00000000
0.0001003009027081243731193580742,67.16388950,8086.07136560,8844.24126375,18337.41422555,20,2.006219279767278563547000000,0.9971,787,113,0.9969,584,101,20710.707466,"{'ZERO': '0.000200621927976727856354700', 'MAKER_A_0.2BP': '0.000160614703244103439728778', 'MAKER_B_0.5BP': '0.000100606866537002169853389', 'STRESS_1BP': '6.01805603369846584406E-7'}",7,0.020062192797672785635470000,2,2026-07-30,444012.00000000,573581.00000000
0.0001003109639883639281773497843,777.92419900,5289.94705990,7124.00060865,9204.07878493,14,2.006420545746388443017660000,0.997,1144,84,0.9968,468,67,9724.098329,"{'ZERO': '0.000200642054574638844301766', 'MAKER_A_0.2BP': '0.000160634829036966612192636', 'MAKER_B_0.5BP': '0.000100626991122353994659818', 'STRESS_1BP': '6.21928176363744042931E-7'}",8,0.020064205457463884430176600,2,2026-07-30,588931.00000000,368490.00000000
0.00005013787916771120581599398345,830.16981050,11796.00185450,28924.66720775,42627.59949035,10,1.002807862013638186923390000,0.9973,165,16,0.9972,499,67,46053.332561,"{'ZERO': '0.000100280786201363818692339', 'MAKER_A_0.2BP': '0.000060277575034139108633792', 'MAKER_B_0.5BP': '2.75758374135043749216E-7', 'STRESS_1BP': '-0.0000997192699502612915603746'}",9,0.010028078620136381869233900,1,2026-07-30,226050.00000000,430791.00000000
0.00005013285205795357697899433499,172.45829200,6947.76474190,14468.82131395,20485.66657159,8,1.002707309736287977539360000,0.9974,123,13,0.9973,165,16,21989.877886,"{'ZERO': '0.000100270730973628797753936', 'MAKER_A_0.2BP': '0.000060267520208605153074919', 'MAKER_B_0.5BP': '2.65704151872522687914E-7', 'STRESS_1BP': '-0.0000997293231671518499408457'}",10,0.010027073097362879775393600,1,2026-07-30,142439.00000000,226050.00000000
0.00005013787916771120581599398345,8.12560100,342.67605580,613.88120830,8944.69636036,84,1.002807862013638186923390000,0.9973,499,132,0.9972,524,119,41815.460184,"{'ZERO': '0.000100280786201363818692339', 'MAKER_A_0.2BP': '0.000060277575034139108633792', 'MAKER_B_0.5BP': '2.75758374135043749216E-7', 'STRESS_1BP': '-0.0000997192699502612915603746'}",1,0.010028078620136381869233900,1,2026-07-31,1301116.00000000,3678348.00000000
0.00005010271055664111428428277970,0.00881700,0.01174600,0.88751800,66.58778900,51,1.002104419280489026956610000,0.998,319,52,0.9979,163,54,130.272735,"{'ZERO': '0.000100210441928048902695661', 'MAKER_A_0.2BP': '0.000060207233574538850940588', 'MAKER_B_0.5BP': '2.05421134895755462753E-7', 'STRESS_1BP': '-0.0000997896001561282893656721'}",2,0.010021044192804890269566100,1,2026-07-31,2320590.00000000,4497769.00000000
0.00005013285205795357697899433499,93.25596300,767.22308760,1324.36868160,29459.71947836,49,1.002707309736287977539360000,0.9974,501,57,0.9973,499,132,50045.676299,"{'ZERO': '0.000100270730973628797753936', 'MAKER_A_0.2BP': '0.000060267520208605153074919', 'MAKER_B_0.5BP': '2.65704151872522687914E-7', 'STRESS_1BP': '-0.0000997293231671518499408457'}",3,0.010027073097362879775393600,1,2026-07-31,3709370.00000000,1301116.00000000
0.00005014290728576442862157147871,32.23017650,379.39009780,446.26334575,19418.70961407,42,1.002908434459933808043330000,0.9972,524,119,0.9971,291,77,29985.486919,"{'ZERO': '0.000100290843445993380804333', 'MAKER_A_0.2BP': '0.000060287631876486931198093', 'MAKER_B_0.5BP': '2.85814613090426613962E-7', 'STRESS_1BP': '-0.0000997092147168795305806898'}",4,0.010029084344599338080433300,1,2026-07-31,3678348.00000000,170721.00000000
0.00005015296654797131250313456041,21.25188450,632.65569580,952.59660420,4048.61247345,40,1.003109639883639281773500000,0.997,1585,69,0.9969,304,70,5720.384073,"{'ZERO': '0.000100310963988363928177350', 'MAKER_A_0.2BP': '0.000060307751614051879861189', 'MAKER_B_0.5BP': '3.05933143507334614210E-7', 'STRESS_1BP': '-0.0000996890981982150867067973'}",5,0.010031096398836392817735000,1,2026-07-31,820716.00000000,230129.00000000
0.00005016302984700275896664158515,20.63083800,200.60552080,241.35513600,341.15840960,37,1.003310926055984749673920000,0.9968,438,70,0.9967,534,50,385.249757,"{'ZERO': '0.000100331092605598474967392', 'MAKER_A_0.2BP': '0.000060327879426157839841096', 'MAKER_B_0.5BP': '3.26059747980796003844E-7', 'STRESS_1BP': '-0.0000996689736063014547346309'}",6,0.010033109260559847496739200,1,2026-07-31,220236.00000000,493002.00000000
0.00005015799769273210613432311782,37.54103400,175.66553120,361.61781200,2237.46887212,33,1.003210272873194221508830000,0.9969,304,70,0.9968,438,70,3008.775747,"{'ZERO': '0.000100321027287319422150883', 'MAKER_A_0.2BP': '0.000060317814510483466093118', 'MAKER_B_0.5BP': '3.15995436183247017424E-7', 'STRESS_1BP': '-0.0000996790369117181379775345'}",7,0.010032102728731942215088300,1,2026-07-31,230129.00000000,220236.00000000
0.00005014793641241662905571435735,163.94865500,2971.26067050,3428.42848610,5872.40046436,32,1.003009027081243731193580000,0.9971,291,77,0.997,1585,69,6824.711302,"{'ZERO': '0.000100300902708124373119358', 'MAKER_A_0.2BP': '0.000060297690736255485522185', 'MAKER_B_0.5BP': '2.95872869345499625721E-7', 'STRESS_1BP': '-0.0000996991574663997993380201'}",8,0.010030090270812437311935800,1,2026-07-31,170721.00000000,820716.00000000
0.0001002707309736287977539356262,20.90930900,1718.65775180,11408.13906540,42025.65452268,19,2.005615724027276373846770000,0.9974,501,57,0.9972,524,119,49680.033387,"{'ZERO': '0.000200561572402727637384677', 'MAKER_A_0.2BP': '0.000160554350084277897273984', 'MAKER_B_0.5BP': '0.000100546516998257588123402', 'STRESS_1BP': '5.41462099277436877251E-7'}",9,0.020056157240272763738467700,2,2026-07-31,3709370.00000000,3678348.00000000
0.00005016806301108714192545025837,0.24590200,12.04895200,22.79350800,36.26779600,17,1.003411599438089504314670000,0.9967,534,50,0.9966,89,19,39.636368,"{'ZERO': '0.000100341159943808950431467', 'MAKER_A_0.2BP': '0.000060337946361682840595646', 'MAKER_B_0.5BP': '3.36126079507784594716E-7', 'STRESS_1BP': '-0.0000996589082813572947341027'}",10,0.010034115994380895043146700,1,2026-07-31,493002.00000000,130175.00000000
